cdr_id,caller_id,receiver_id,timestamp,duration_seconds
C00001,P0152,P0136,2026-08-02 03:52,377
C00002,P0437,P0149,2026-06-26 21:20,892
C00003,P0049,P0436,2026-01-01 04:42,369
C00004,P0390,P0368,2026-02-12 10:11,253
C00005,P0368,P0375,2026-08-26 13:41,361
C00006,P0011,P0007,2026-07-19 15:51,1185
C00007,P0140,P0125,2026-06-20 00:55,287
C00008,P0358,P0377,2026-08-02 02:16,663
C00009,P0450,P0448,2026-04-22 10:33,1091
C00010,P0457,P0478,2026-04-16 11:42,808
C00011,P0440,P0404,2026-01-21 05:32,981
C00012,P0446,P0085,2026-02-25 15:20,513
C00013,P0204,P0233,2026-04-18 20:24,845
C00014,P0041,P0236,2026-08-26 18:28,200
C00015,P0229,P0162,2026-02-16 23:41,56
C00016,P0303,P0336,2026-01-27 02:50,643
C00017,P0288,P0106,2026-08-11 11:52,131
C00018,P0433,P0233,2026-06-18 19:38,988
C00019,P0296,P0279,2026-02-04 21:14,24
C00020,P0236,P0234,2026-06-23 03:02,356
C00021,P0307,P0317,2026-04-07 03:59,824
C00022,P0196,P0172,2026-02-25 13:02,272
C00023,P0231,P0235,2026-03-16 00:33,119
C00024,P0338,P0331,2026-03-23 18:11,282
C00025,P0489,P0471,2026-07-14 19:58,528
C00026,P0269,P0279,2026-03-05 13:38,1069
C00027,P0421,P0446,2026-04-07 06:39,615
C00028,P0146,P0142,2026-03-17 17:44,680
C00029,P0286,P0281,2026-07-22 23:57,1113
C00030,P0301,P0334,2026-02-01 12:09,128
C00031,P0168,P0199,2026-03-10 21:16,319
C00032,P0354,P0402,2026-05-07 17:02,754
C00033,P0053,P0316,2026-04-24 20:35,816
C00034,P0245,P0243,2026-01-13 12:26,660
C00035,P0028,P0007,2026-05-07 19:55,927
C00036,P0467,P0325,2026-06-25 18:34,422
C00037,P0494,P0100,2026-05-15 05:43,172
C00038,P0148,P0133,2026-02-13 01:27,591
C00039,P0111,P0138,2026-05-01 10:29,337
C00040,P0289,P0254,2026-05-16 18:35,753
C00041,P0284,P0265,2026-03-17 02:50,1054
C00042,P0435,P0426,2026-02-12 07:56,456
C00043,P0274,P0269,2026-04-25 19:33,992
C00044,P0422,P0386,2026-01-04 21:22,932
C00045,P0490,P0466,2026-01-22 10:24,252
C00046,P0447,P0419,2026-01-17 11:32,1061
C00047,P0019,P0042,2026-04-11 16:05,216
C00048,P0435,P0401,2026-02-07 21:40,456
C00049,P0218,P0428,2026-02-07 17:53,911
C00050,P0098,P0094,2026-03-01 14:45,699
C00051,P0054,P0062,2026-05-18 02:36,486
C00052,P0209,P0199,2026-08-21 12:27,667
C00053,P0085,P0051,2026-02-25 23:37,113
C00054,P0073,P0083,2026-02-10 21:19,197
C00055,P0375,P0376,2026-01-16 05:34,470
C00056,P0335,P0319,2026-03-10 21:56,784
C00057,P0006,P0284,2026-03-04 01:00,1192
C00058,P0436,P0406,2026-05-07 23:47,724
C00059,P0410,P0411,2026-03-08 19:53,537
C00060,P0143,P0137,2026-01-28 17:29,1145
C00061,P0067,P0057,2026-04-24 18:31,697
C00062,P0157,P0169,2026-02-07 10:31,942
C00063,P0245,P0238,2026-03-19 18:23,667
C00064,P0087,P0003,2026-06-08 07:45,913
C00065,P0259,P0294,2026-06-16 14:28,754
C00066,P0250,P0283,2026-02-06 20:38,187
C00067,P0440,P0424,2026-03-18 06:16,176
C00068,P0457,P0010,2026-01-27 18:37,849
C00069,P0109,P0465,2026-01-18 08:34,1125
C00070,P0124,P0126,2026-04-25 18:46,615
C00071,P0433,P0406,2026-07-12 16:00,509
C00072,P0413,P0315,2026-03-25 16:08,933
C00073,P0487,P0493,2026-03-24 23:30,754
C00074,P0365,P0355,2026-05-12 07:02,443
C00075,P0275,P0281,2026-08-02 01:41,683
C00076,P0441,P0418,2026-05-19 17:36,376
C00077,P0324,P0338,2026-02-17 08:24,476
C00078,P0273,P0282,2026-08-20 00:32,304
C00079,P0155,P0183,2026-05-07 04:11,342
C00080,P0093,P0065,2026-07-26 10:46,252
C00081,P0381,P0364,2026-03-21 13:01,519
C00082,P0488,P0461,2026-03-21 16:02,1192
C00083,P0117,P0112,2026-07-20 18:40,58
C00084,P0373,P0339,2026-05-03 06:28,985
C00085,P0088,P0113,2026-07-20 04:50,392
C00086,P0417,P0411,2026-06-15 19:37,160
C00087,P0309,P0307,2026-01-07 16:55,1052
C00088,P0139,P0107,2026-03-16 19:38,99
C00089,P0273,P0258,2026-02-03 15:42,286
C00090,P0277,P0424,2026-01-25 21:41,903
C00091,P0253,P0295,2026-07-08 15:50,800
C00092,P0457,P0478,2026-03-09 15:49,496
C00093,P0043,P0146,2026-07-09 06:00,34
C00094,P0084,P0051,2026-07-21 06:44,666
C00095,P0060,P0078,2026-05-09 17:27,1176
C00096,P0244,P0226,2026-04-14 17:50,1161
C00097,P0286,P0281,2026-05-10 18:22,835
C00098,P0438,P0443,2026-02-24 07:28,351
C00099,P0426,P0422,2026-01-06 12:40,30
C00100,P0422,P0075,2026-08-20 13:05,151
C00101,P0256,P0289,2026-01-24 12:59,840
C00102,P0419,P0446,2026-01-25 05:40,1032
C00103,P0193,P0184,2026-05-07 01:50,1065
C00104,P0190,P0161,2026-01-12 07:41,20
C00105,P0045,P0142,2026-07-12 21:25,850
C00106,P0401,P0448,2026-02-03 17:18,1165
C00107,P0179,P0178,2026-05-08 19:12,951
C00108,P0295,P0003,2026-05-06 13:32,238
C00109,P0419,P0422,2026-02-26 16:16,1121
C00110,P0295,P0129,2026-08-13 18:30,518
C00111,P0493,P0398,2026-08-22 14:57,76
C00112,P0205,P0225,2026-04-22 22:14,666
C00113,P0284,P0285,2026-01-23 08:15,608
C00114,P0255,P0286,2026-03-16 10:22,467
C00115,P0138,P0094,2026-04-16 23:12,500
C00116,P0447,P0136,2026-04-08 06:53,531
C00117,P0183,P0080,2026-02-04 02:43,1028
C00118,P0403,P0431,2026-06-20 10:31,1196
C00119,P0252,P0094,2026-05-13 07:48,282
C00120,P0331,P0335,2026-01-17 11:25,377
C00121,P0095,P0084,2026-08-11 22:00,44
C00122,P0338,P0307,2026-06-12 19:55,551
C00123,P0216,P0218,2026-08-20 10:23,396
C00124,P0177,P0195,2026-06-12 12:17,943
C00125,P0137,P0144,2026-04-27 03:46,572
C00126,P0285,P0222,2026-07-07 04:51,326
C00127,P0012,P0027,2026-08-05 20:33,1113
C00128,P0403,P0250,2026-05-09 17:54,1182
C00129,P0095,P0061,2026-01-07 08:30,217
C00130,P0267,P0274,2026-06-18 17:59,547
C00131,P0308,P0323,2026-04-19 18:41,1122
C00132,P0223,P0221,2026-08-25 23:28,180
C00133,P0230,P0241,2026-03-28 05:40,710
C00134,P0487,P0476,2026-02-03 05:21,487
C00135,P0246,P0218,2026-07-09 14:49,763
C00136,P0267,P0495,2026-08-14 05:11,67
C00137,P0193,P0167,2026-02-07 05:25,230
C00138,P0386,P0354,2026-01-25 12:33,190
C00139,P0460,P0456,2026-07-10 07:15,601
C00140,P0109,P0134,2026-03-01 01:42,750
C00141,P0167,P0443,2026-08-15 17:59,577
C00142,P0145,P0135,2026-03-19 19:29,1175
C00143,P0420,P0423,2026-08-18 07:51,203
C00144,P0277,P0267,2026-03-10 00:00,1091
C00145,P0435,P0070,2026-06-10 15:34,37
C00146,P0399,P0381,2026-05-01 13:51,619
C00147,P0036,P0024,2026-04-14 17:27,828
C00148,P0325,P0315,2026-05-03 13:40,510
C00149,P0495,P0494,2026-05-10 20:47,1109
C00150,P0212,P0097,2026-02-06 04:18,246
C00151,P0479,P0468,2026-08-07 10:01,331
C00152,P0402,P0412,2026-02-10 08:08,917
C00153,P0120,P0047,2026-03-01 15:13,720
C00154,P0374,P0380,2026-01-11 02:53,319
C00155,P0305,P0335,2026-08-06 06:57,532
C00156,P0425,P0007,2026-02-25 22:15,808
C00157,P0227,P0127,2026-01-07 14:47,212
C00158,P0181,P0175,2026-05-11 05:40,106
C00159,P0282,P0267,2026-02-09 15:40,631
C00160,P0043,P0014,2026-02-08 20:27,684
C00161,P0238,P0208,2026-07-26 07:00,106
C00162,P0395,P0389,2026-03-12 02:15,342
C00163,P0472,P0499,2026-01-02 11:41,335
C00164,P0059,P0082,2026-04-11 17:50,731
C00165,P0225,P0376,2026-04-01 22:24,753
C00166,P0129,P0461,2026-01-16 22:28,1164
C00167,P0363,P0387,2026-03-18 11:20,979
C00168,P0486,P0461,2026-02-17 04:28,625
C00169,P0278,P0188,2026-08-01 20:32,796
C00170,P0453,P0010,2026-06-25 19:15,676
C00171,P0338,P0496,2026-07-07 16:43,1038
C00172,P0079,P0314,2026-05-11 13:41,679
C00173,P0443,P0405,2026-01-27 04:11,84
C00174,P0363,P0357,2026-01-19 20:53,815
C00175,P0440,P0445,2026-05-02 11:14,165
C00176,P0192,P0182,2026-02-15 20:03,759
C00177,P0324,P0346,2026-01-27 19:17,1103
C00178,P0070,P0055,2026-04-17 03:06,493
C00179,P0163,P0184,2026-04-19 20:11,1163
C00180,P0213,P0383,2026-02-25 20:36,753
C00181,P0307,P0311,2026-03-18 12:32,711
C00182,P0439,P0429,2026-06-11 17:20,781
C00183,P0347,P0321,2026-04-19 17:13,788
C00184,P0475,P0382,2026-05-12 14:28,833
C00185,P0019,P0039,2026-01-17 04:56,638
C00186,P0164,P0171,2026-01-25 22:52,585
C00187,P0262,P0285,2026-03-04 01:29,748
C00188,P0224,P0238,2026-04-08 08:51,635
C00189,P0337,P0314,2026-02-24 10:50,1008
C00190,P0457,P0489,2026-05-02 23:51,1200
C00191,P0050,P0022,2026-06-27 13:26,266
C00192,P0117,P0383,2026-01-21 20:24,130
C00193,P0021,P0035,2026-03-11 16:44,472
C00194,P0329,P0349,2026-02-08 13:18,827
C00195,P0256,P0281,2026-01-18 12:16,194
C00196,P0350,P0345,2026-03-25 04:30,1165
C00197,P0342,P0337,2026-04-18 19:47,1093
C00198,P0068,P0100,2026-07-11 21:59,1199
C00199,P0328,P0324,2026-06-07 10:22,69
C00200,P0087,P0180,2026-08-20 04:28,111
C00201,P0120,P0103,2026-06-05 23:54,195
C00202,P0016,P0040,2026-03-28 09:00,723
C00203,P0070,P0079,2026-08-01 10:13,1121
C00204,P0434,P0449,2026-05-18 15:39,309
C00205,P0025,P0038,2026-01-09 05:03,601
C00206,P0468,P0454,2026-08-21 00:04,815
C00207,P0257,P0252,2026-05-28 20:24,493
C00208,P0261,P0364,2026-02-11 15:55,1108
C00209,P0183,P0180,2026-01-02 07:59,1104
C00210,P0376,P0398,2026-03-01 11:43,740
C00211,P0216,P0233,2026-05-26 01:40,547
C00212,P0456,P0418,2026-01-18 08:14,330
C00213,P0343,P0309,2026-02-24 12:33,485
C00214,P0460,P0478,2026-05-20 10:28,1130
C00215,P0138,P0135,2026-04-28 04:19,1092
C00216,P0221,P0466,2026-03-21 18:58,343
C00217,P0435,P0447,2026-02-06 10:53,318
C00218,P0392,P0164,2026-07-14 09:28,580
C00219,P0157,P0159,2026-03-01 19:39,566
C00220,P0465,P0489,2026-04-08 21:01,755
C00221,P0359,P0383,2026-08-23 20:23,396
C00222,P0252,P0243,2026-03-06 06:14,86
C00223,P0018,P0027,2026-04-24 21:12,438
C00224,P0390,P0382,2026-06-28 14:56,525
C00225,P0039,P0048,2026-07-24 10:25,1191
C00226,P0442,P0446,2026-01-17 03:28,955
C00227,P0022,P0450,2026-04-17 17:25,100
C00228,P0449,P0441,2026-01-07 09:28,835
C00229,P0397,P0424,2026-05-15 05:27,622
C00230,P0045,P0034,2026-03-15 20:28,205
C00231,P0058,P0093,2026-03-13 13:20,943
C00232,P0388,P0396,2026-04-15 02:16,683
C00233,P0146,P0147,2026-02-03 03:45,940
C00234,P0084,P0096,2026-07-24 16:39,347
C00235,P0303,P0350,2026-03-11 18:55,327
C00236,P0112,P0150,2026-01-14 09:19,933
C00237,P0108,P0109,2026-04-01 19:48,538
C00238,P0382,P0385,2026-01-20 15:15,464
C00239,P0380,P0377,2026-08-03 19:38,33
C00240,P0418,P0440,2026-04-02 05:09,132
C00241,P0010,P0003,2026-05-11 02:03,243
C00242,P0111,P0144,2026-05-20 21:44,1192
C00243,P0091,P0495,2026-08-24 18:23,93
C00244,P0221,P0224,2026-07-27 02:48,895
C00245,P0034,P0150,2026-08-05 03:44,582
C00246,P0334,P0314,2026-04-20 01:06,1190
C00247,P0323,P0271,2026-02-16 23:44,608
C00248,P0267,P0284,2026-06-05 19:36,1036
C00249,P0382,P0362,2026-04-23 09:12,23
C00250,P0391,P0358,2026-04-26 19:26,867
C00251,P0286,P0291,2026-04-01 20:12,596
C00252,P0070,P0083,2026-06-25 00:07,702
C00253,P0490,P0452,2026-03-07 10:53,712
C00254,P0246,P0470,2026-08-26 01:41,298
C00255,P0385,P0372,2026-08-26 13:59,134
C00256,P0154,P0290,2026-06-18 17:01,446
C00257,P0273,P0255,2026-03-09 00:21,788
C00258,P0137,P0139,2026-07-06 19:07,651
C00259,P0296,P0253,2026-05-14 02:31,506
C00260,P0214,P0234,2026-05-06 03:23,96
C00261,P0468,P0048,2026-08-17 00:51,1008
C00262,P0079,P0098,2026-06-16 23:55,1092
C00263,P0260,P0300,2026-02-27 16:43,291
C00264,P0030,P0025,2026-02-01 09:59,110
C00265,P0456,P0472,2026-08-02 03:33,659
C00266,P0241,P0214,2026-06-07 06:18,586
C00267,P0393,P0358,2026-05-05 05:17,254
C00268,P0486,P0483,2026-02-07 17:22,1145
C00269,P0146,P0119,2026-04-06 02:19,713
C00270,P0009,P0002,2026-08-22 01:06,805
C00271,P0326,P0312,2026-08-20 11:19,700
C00272,P0366,P0389,2026-02-25 14:36,289
C00273,P0357,P0380,2026-05-22 20:45,973
C00274,P0160,P0190,2026-05-12 12:11,696
C00275,P0452,P0167,2026-08-16 00:04,993
C00276,P0380,P0361,2026-05-25 11:38,1196
C00277,P0076,P0096,2026-02-11 17:41,165
C00278,P0273,P0237,2026-07-19 13:15,519
C00279,P0375,P0355,2026-06-07 22:37,902
C00280,P0223,P0291,2026-06-18 22:15,374
C00281,P0098,P0096,2026-08-04 18:38,968
C00282,P0079,P0062,2026-05-13 02:38,242
C00283,P0500,P0475,2026-06-16 20:42,145
C00284,P0138,P0149,2026-01-25 04:42,325
C00285,P0225,P0240,2026-08-07 06:43,668
C00286,P0228,P0246,2026-06-03 18:00,1065
C00287,P0119,P0104,2026-06-18 01:00,1166
C00288,P0184,P0057,2026-05-28 00:15,904
C00289,P0341,P0321,2026-07-13 12:27,1136
C00290,P0131,P0109,2026-04-18 12:53,757
C00291,P0079,P0148,2026-03-05 00:04,52
C00292,P0393,P0378,2026-03-03 04:41,871
C00293,P0458,P0404,2026-07-20 05:29,1063
C00294,P0375,P0373,2026-04-06 13:38,35
C00295,P0196,P0183,2026-05-14 17:36,771
C00296,P0037,P0031,2026-06-04 18:30,183
C00297,P0449,P0450,2026-05-15 16:05,1091
C00298,P0046,P0126,2026-08-21 23:42,179
C00299,P0438,P0420,2026-01-11 17:49,42
C00300,P0431,P0437,2026-06-14 11:51,623
C00301,P0045,P0039,2026-05-24 18:16,145
C00302,P0461,P0487,2026-01-22 09:51,75
C00303,P0059,P0083,2026-02-28 08:16,291
C00304,P0217,P0201,2026-02-20 05:58,329
C00305,P0262,P0267,2026-04-16 05:51,1100
C00306,P0176,P0044,2026-03-20 04:53,1035
C00307,P0212,P0395,2026-07-08 21:28,362
C00308,P0254,P0292,2026-05-25 03:03,363
C00309,P0370,P0381,2026-04-13 21:45,818
C00310,P0134,P0128,2026-01-10 14:24,666
C00311,P0350,P0490,2026-01-04 17:40,744
C00312,P0222,P0313,2026-05-11 08:17,221
C00313,P0476,P0480,2026-04-24 21:37,419
C00314,P0121,P0136,2026-01-22 00:53,159
C00315,P0084,P0057,2026-08-12 07:46,600
C00316,P0002,P0040,2026-02-02 19:42,464
C00317,P0327,P0063,2026-02-03 19:08,789
C00318,P0462,P0458,2026-03-09 09:29,175
C00319,P0250,P0228,2026-06-09 05:49,171
C00320,P0025,P0022,2026-01-09 08:11,922
C00321,P0190,P0176,2026-03-21 15:06,314
C00322,P0314,P0340,2026-02-15 22:16,231
C00323,P0087,P0097,2026-05-25 14:01,1039
C00324,P0003,P0043,2026-07-09 04:44,695
C00325,P0295,P0002,2026-08-16 13:25,163
C00326,P0025,P0045,2026-08-04 18:34,755
C00327,P0226,P0204,2026-02-12 17:54,716
C00328,P0399,P0400,2026-05-21 06:11,1155
C00329,P0343,P0313,2026-05-23 12:57,238
C00330,P0282,P0256,2026-08-24 06:08,93
C00331,P0466,P0482,2026-07-03 17:41,650
C00332,P0352,P0353,2026-06-02 10:50,107
C00333,P0192,P0193,2026-08-22 17:09,497
C00334,P0019,P0377,2026-03-16 20:01,985
C00335,P0317,P0024,2026-04-23 20:08,49
C00336,P0020,P0007,2026-08-20 05:53,150
C00337,P0055,P0059,2026-08-20 19:14,149
C00338,P0219,P0173,2026-07-11 03:43,1199
C00339,P0264,P0299,2026-01-19 05:21,149
C00340,P0149,P0127,2026-03-23 11:35,357
C00341,P0453,P0459,2026-02-26 20:39,790
C00342,P0009,P0451,2026-08-03 00:00,387
C00343,P0362,P0334,2026-05-14 22:51,994
C00344,P0160,P0191,2026-05-17 14:26,509
C00345,P0313,P0355,2026-01-20 05:45,1043
C00346,P0091,P0070,2026-06-14 00:35,502
C00347,P0407,P0440,2026-06-28 17:32,469
C00348,P0168,P0154,2026-04-04 04:43,991
C00349,P0143,P0103,2026-01-21 11:18,449
C00350,P0290,P0299,2026-08-02 03:47,127
C00351,P0091,P0081,2026-01-16 16:07,165
C00352,P0370,P0228,2026-06-14 06:47,687
C00353,P0071,P0065,2026-02-08 23:26,429
C00354,P0155,P0181,2026-08-02 13:09,462
C00355,P0233,P0092,2026-07-12 04:29,417
C00356,P0213,P0222,2026-03-02 22:36,142
C00357,P0080,P0077,2026-03-25 10:14,624
C00358,P0461,P0487,2026-04-03 13:54,1088
C00359,P0188,P0181,2026-08-09 00:46,896
C00360,P0127,P0168,2026-07-19 07:57,325
C00361,P0460,P0003,2026-07-02 01:30,1052
C00362,P0426,P0431,2026-02-15 15:15,190
C00363,P0045,P0047,2026-07-07 04:22,625
C00364,P0052,P0081,2026-05-06 22:29,1188
C00365,P0013,P0500,2026-08-15 04:55,850
C00366,P0291,P0280,2026-01-28 20:04,808
C00367,P0171,P0272,2026-01-10 13:48,572
C00368,P0485,P0487,2026-04-26 21:05,707
C00369,P0029,P0264,2026-06-02 03:24,768
C00370,P0024,P0012,2026-02-18 22:49,439
C00371,P0266,P0285,2026-02-21 15:47,449
C00372,P0390,P0116,2026-06-12 08:32,886
C00373,P0074,P0073,2026-08-16 16:33,271
C00374,P0444,P0435,2026-05-15 19:23,154
C00375,P0356,P0376,2026-03-10 02:06,357
C00376,P0132,P0110,2026-04-17 20:01,620
C00377,P0409,P0431,2026-06-14 14:47,63
C00378,P0052,P0065,2026-06-14 18:21,688
C00379,P0436,P0429,2026-08-10 18:08,647
C00380,P0215,P0231,2026-06-10 01:09,743
C00381,P0140,P0111,2026-05-06 05:53,334
C00382,P0053,P0071,2026-03-15 08:23,397
C00383,P0043,P0021,2026-06-05 11:28,1125
C00384,P0274,P0155,2026-02-01 12:59,1042
C00385,P0486,P0235,2026-06-05 00:47,1138
C00386,P0170,P0332,2026-05-16 09:48,1194
C00387,P0497,P0479,2026-06-23 03:46,1000
C00388,P0072,P0348,2026-02-10 00:25,471
C00389,P0071,P0054,2026-04-19 16:14,589
C00390,P0085,P0079,2026-02-17 12:12,1024
C00391,P0483,P0454,2026-06-13 04:45,895
C00392,P0251,P0269,2026-06-12 09:28,1168
C00393,P0398,P0377,2026-08-10 05:51,888
C00394,P0213,P0072,2026-02-05 06:19,992
C00395,P0269,P0172,2026-02-19 12:05,33
C00396,P0227,P0212,2026-08-23 18:48,300
C00397,P0319,P0336,2026-08-02 09:53,642
C00398,P0365,P0352,2026-01-05 08:19,987
C00399,P0227,P0212,2026-08-23 20:15,78
C00400,P0232,P0205,2026-06-19 15:36,913
C00401,P0322,P0352,2026-08-23 03:23,1069
C00402,P0009,P0433,2026-05-06 18:03,319
C00403,P0123,P0111,2026-01-09 11:26,749
C00404,P0234,P0241,2026-02-17 06:49,395
C00405,P0307,P0386,2026-03-18 10:55,667
C00406,P0351,P0410,2026-05-09 21:44,762
C00407,P0473,P0460,2026-01-05 16:18,783
C00408,P0211,P0175,2026-03-04 06:09,1050
C00409,P0186,P0190,2026-02-14 14:58,176
C00410,P0102,P0131,2026-06-10 22:23,304
C00411,P0456,P0306,2026-06-06 22:19,78
C00412,P0061,P0114,2026-03-28 22:09,484
C00413,P0159,P0156,2026-07-23 03:04,58
C00414,P0388,P0221,2026-01-07 03:02,1071
C00415,P0358,P0367,2026-01-03 09:42,41
C00416,P0401,P0064,2026-04-19 06:11,739
C00417,P0148,P0118,2026-06-12 05:54,1045
C00418,P0314,P0124,2026-02-04 18:48,48
C00419,P0169,P0161,2026-01-24 03:59,458
C00420,P0436,P0363,2026-08-12 22:37,399
C00421,P0062,P0073,2026-07-14 06:32,486
C00422,P0258,P0280,2026-02-17 04:31,759
C00423,P0447,P0403,2026-02-11 15:07,808
C00424,P0498,P0470,2026-08-08 17:26,615
C00425,P0220,P0097,2026-02-27 15:43,772
C00426,P0394,P0357,2026-07-15 16:42,194
C00427,P0326,P0345,2026-02-24 05:04,764
C00428,P0174,P0103,2026-07-04 07:53,889
C00429,P0143,P0392,2026-05-25 20:25,749
C00430,P0476,P0482,2026-05-05 14:06,270
C00431,P0365,P0391,2026-03-01 03:47,128
C00432,P0256,P0348,2026-01-06 12:38,689
C00433,P0490,P0457,2026-02-22 16:49,1028
C00434,P0104,P0151,2026-08-16 16:16,1130
C00435,P0435,P0402,2026-01-14 03:24,941
C00436,P0329,P0330,2026-01-02 05:35,640
C00437,P0085,P0252,2026-07-05 09:45,816
C00438,P0087,P0094,2026-08-22 17:43,1124
C00439,P0386,P0361,2026-01-13 08:31,793
C00440,P0300,P0269,2026-06-02 00:37,112
C00441,P0273,P0298,2026-01-25 20:21,799
C00442,P0273,P0277,2026-06-02 21:15,527
C00443,P0238,P0206,2026-02-28 09:07,711
C00444,P0421,P0403,2026-08-22 13:36,1074
C00445,P0137,P0011,2026-08-19 00:20,793
C00446,P0287,P0257,2026-08-04 22:43,441
C00447,P0449,P0443,2026-06-06 19:19,764
C00448,P0104,P0255,2026-02-27 17:13,608
C00449,P0237,P0226,2026-04-20 23:05,214
C00450,P0205,P0237,2026-08-14 06:22,177
C00451,P0233,P0220,2026-07-22 17:20,429
C00452,P0240,P0233,2026-08-22 17:11,58
C00453,P0412,P0437,2026-08-07 21:52,977
C00454,P0440,P0450,2026-07-19 23:40,142
C00455,P0280,P0260,2026-04-05 23:43,634
C00456,P0211,P0164,2026-02-21 06:54,864
C00457,P0242,P0211,2026-05-22 19:15,851
C00458,P0113,P0102,2026-04-26 09:29,1014
C00459,P0328,P0342,2026-01-07 05:17,299
C00460,P0243,P0236,2026-03-21 01:46,1015
C00461,P0029,P0441,2026-02-11 19:19,150
C00462,P0209,P0460,2026-06-22 21:56,204
C00463,P0116,P0108,2026-02-17 21:53,1095
C00464,P0066,P0089,2026-02-25 10:21,818
C00465,P0381,P0121,2026-07-07 04:06,378
C00466,P0229,P0227,2026-05-28 18:03,1024
C00467,P0071,P0085,2026-07-16 21:15,588
C00468,P0480,P0075,2026-06-16 22:23,651
C00469,P0453,P0498,2026-01-23 21:15,538
C00470,P0241,P0245,2026-06-26 21:07,1115
C00471,P0440,P0227,2026-07-01 12:59,543
C00472,P0170,P0164,2026-03-15 20:20,852
C00473,P0141,P0444,2026-02-27 15:30,865
C00474,P0171,P0368,2026-07-27 03:52,348
C00475,P0405,P0423,2026-07-20 23:52,1141
C00476,P0233,P0356,2026-01-25 01:41,396
C00477,P0101,P0126,2026-04-21 09:20,1199
C00478,P0116,P0134,2026-03-28 19:43,860
C00479,P0164,P0232,2026-08-28 23:08,553
C00480,P0471,P0469,2026-04-03 13:23,392
C00481,P0337,P0315,2026-01-01 17:41,488
C00482,P0499,P0237,2026-04-09 22:54,365
C00483,P0478,P0489,2026-05-05 02:23,368
C00484,P0061,P0008,2026-07-25 14:52,1032
C00485,P0163,P0168,2026-05-24 15:24,286
C00486,P0189,P0164,2026-05-24 21:12,876
C00487,P0102,P0119,2026-05-08 19:28,528
C00488,P0356,P0351,2026-08-05 10:44,834
C00489,P0346,P0328,2026-05-03 03:35,140
C00490,P0181,P0173,2026-01-01 08:32,800
C00491,P0343,P0324,2026-03-18 01:37,387
C00492,P0432,P0422,2026-08-05 02:20,1106
C00493,P0208,P0221,2026-01-05 15:55,595
C00494,P0475,P0221,2026-05-09 19:53,560
C00495,P0311,P0321,2026-08-25 04:35,921
C00496,P0104,P0115,2026-03-02 15:16,354
C00497,P0308,P0332,2026-01-15 11:45,1168
C00498,P0358,P0397,2026-03-04 11:05,437
C00499,P0093,P0428,2026-03-24 16:52,578
C00500,P0464,P0488,2026-01-17 18:11,872
C00501,P0127,P0394,2026-08-22 03:56,693
C00502,P0076,P0074,2026-02-27 10:09,79
C00503,P0380,P0391,2026-05-20 21:00,694
C00504,P0336,P0319,2026-08-11 23:46,1185
C00505,P0042,P0019,2026-06-26 01:47,164
C00506,P0475,P0456,2026-07-09 05:15,836
C00507,P0161,P0175,2026-07-10 20:48,335
C00508,P0378,P0398,2026-05-22 19:08,755
C00509,P0283,P0263,2026-08-15 12:30,569
C00510,P0306,P0349,2026-07-26 11:39,401
C00511,P0306,P0303,2026-06-15 21:14,337
C00512,P0270,P0323,2026-02-10 14:27,182
C00513,P0245,P0154,2026-03-05 21:57,635
C00514,P0268,P0219,2026-05-19 01:35,176
C00515,P0263,P0056,2026-07-14 03:29,1184
C00516,P0182,P0131,2026-02-25 16:01,253
C00517,P0237,P0092,2026-03-27 12:02,190
C00518,P0221,P0238,2026-08-25 21:28,562
C00519,P0114,P0112,2026-02-24 19:16,237
C00520,P0001,P0026,2026-02-01 05:41,997
C00521,P0343,P0348,2026-08-10 19:52,758
C00522,P0320,P0306,2026-03-05 00:12,249
C00523,P0357,P0497,2026-04-28 00:13,1005
C00524,P0178,P0191,2026-04-03 09:49,969
C00525,P0302,P0308,2026-03-05 23:44,931
C00526,P0242,P0011,2026-08-19 07:12,623
C00527,P0304,P0322,2026-01-04 20:54,904
C00528,P0435,P0254,2026-05-02 15:25,1015
C00529,P0494,P0482,2026-04-23 01:33,58
C00530,P0286,P0255,2026-05-21 13:56,989
C00531,P0492,P0473,2026-08-23 13:01,350
C00532,P0181,P0173,2026-08-08 16:14,714
C00533,P0437,P0432,2026-08-05 09:46,819
C00534,P0427,P0482,2026-06-26 15:51,351
C00535,P0245,P0248,2026-02-22 15:08,374
C00536,P0482,P0457,2026-07-16 09:15,448
C00537,P0023,P0017,2026-06-22 05:11,1051
C00538,P0072,P0078,2026-02-20 07:07,1170
C00539,P0222,P0223,2026-01-25 17:17,329
C00540,P0448,P0264,2026-02-23 01:59,916
C00541,P0493,P0431,2026-02-04 19:39,228
C00542,P0022,P0260,2026-02-06 20:07,440
C00543,P0081,P0373,2026-05-23 14:48,1056
C00544,P0060,P0092,2026-06-11 04:07,433
C00545,P0350,P0301,2026-04-27 15:21,607
C00546,P0068,P0074,2026-07-12 20:42,522
C00547,P0427,P0415,2026-03-26 13:26,858
C00548,P0488,P0437,2026-06-01 14:09,40
C00549,P0405,P0406,2026-06-11 12:49,356
C00550,P0349,P0303,2026-03-19 01:40,1084
C00551,P0215,P0206,2026-05-24 23:20,724
C00552,P0234,P0240,2026-03-23 12:28,440
C00553,P0320,P0404,2026-08-23 11:56,848
C00554,P0452,P0155,2026-02-02 17:21,818
C00555,P0379,P0451,2026-03-17 17:18,457
C00556,P0420,P0434,2026-06-25 20:10,67
C00557,P0438,P0417,2026-04-27 09:46,885
C00558,P0057,P0375,2026-01-27 11:16,1059
C00559,P0049,P0042,2026-02-15 09:36,30
C00560,P0198,P0188,2026-04-12 09:18,1193
C00561,P0334,P0348,2026-04-04 10:33,414
C00562,P0185,P0233,2026-02-05 22:27,863
C00563,P0028,P0009,2026-08-07 14:04,776
C00564,P0338,P0336,2026-07-28 08:37,1041
C00565,P0395,P0382,2026-07-27 05:09,1055
C00566,P0359,P0396,2026-02-23 06:29,989
C00567,P0136,P0124,2026-02-20 13:07,267
C00568,P0203,P0234,2026-03-04 11:19,786
C00569,P0352,P0360,2026-03-26 18:26,119
C00570,P0157,P0456,2026-05-07 05:52,1021
C00571,P0423,P0405,2026-01-14 15:36,654
C00572,P0275,P0281,2026-03-25 04:32,963
C00573,P0342,P0230,2026-03-28 23:20,202
C00574,P0341,P0320,2026-07-13 07:57,829
C00575,P0043,P0029,2026-05-21 02:55,359
C00576,P0491,P0500,2026-05-18 20:07,1165
C00577,P0485,P0487,2026-01-19 16:12,994
C00578,P0008,P0043,2026-03-01 08:50,441
C00579,P0479,P0456,2026-06-13 18:02,1026
C00580,P0012,P0175,2026-07-06 13:01,1101
C00581,P0206,P0208,2026-02-18 05:18,314
C00582,P0060,P0070,2026-07-22 05:03,686
C00583,P0020,P0025,2026-02-11 04:26,683
C00584,P0054,P0063,2026-04-25 19:37,504
C00585,P0425,P0408,2026-05-02 10:29,1152
C00586,P0352,P0377,2026-04-01 08:35,227
C00587,P0442,P0409,2026-05-19 13:28,191
C00588,P0257,P0105,2026-03-12 17:10,522
C00589,P0336,P0329,2026-01-01 14:53,612
C00590,P0101,P0104,2026-08-09 19:16,798
C00591,P0432,P0324,2026-04-19 16:18,113
C00592,P0437,P0405,2026-05-03 12:44,271
C00593,P0372,P0285,2026-05-14 06:39,1053
C00594,P0163,P0453,2026-06-21 08:48,947
C00595,P0272,P0264,2026-08-20 10:01,293
C00596,P0039,P0031,2026-01-01 21:11,866
C00597,P0399,P0376,2026-02-26 20:41,178
C00598,P0394,P0358,2026-06-27 12:52,753
C00599,P0008,P0030,2026-06-07 14:00,473
C00600,P0389,P0144,2026-06-07 02:52,640
C00601,P0114,P0120,2026-08-12 01:17,1029
C00602,P0362,P0311,2026-04-01 06:52,831
C00603,P0237,P0233,2026-08-06 17:12,1178
C00604,P0487,P0462,2026-02-19 04:47,153
C00605,P0465,P0484,2026-05-07 21:01,1111
C00606,P0430,P0401,2026-07-21 21:41,126
C00607,P0166,P0222,2026-07-09 03:43,1081
C00608,P0284,P0299,2026-01-24 07:03,589
C00609,P0273,P0230,2026-06-01 12:12,705
C00610,P0452,P0498,2026-04-23 13:04,531
C00611,P0270,P0255,2026-02-01 15:27,69
C00612,P0267,P0266,2026-02-16 07:21,131
C00613,P0267,P0407,2026-04-03 19:39,918
C00614,P0321,P0229,2026-02-03 01:58,88
C00615,P0059,P0054,2026-08-02 09:39,904
C00616,P0036,P0004,2026-05-28 12:25,216
C00617,P0315,P0339,2026-01-15 12:29,896
C00618,P0318,P0052,2026-06-21 21:50,73
C00619,P0288,P0263,2026-02-04 00:38,158
C00620,P0187,P0159,2026-05-12 13:30,930
C00621,P0103,P0104,2026-03-10 18:27,1070
C00622,P0387,P0184,2026-05-19 17:49,318
C00623,P0239,P0222,2026-05-12 00:33,316
C00624,P0436,P0404,2026-07-12 06:12,432
C00625,P0175,P0097,2026-08-23 22:29,698
C00626,P0290,P0494,2026-06-20 09:26,693
C00627,P0353,P0382,2026-04-01 20:14,491
C00628,P0166,P0181,2026-06-26 23:24,440
C00629,P0024,P0001,2026-02-12 00:35,255
C00630,P0363,P0391,2026-06-02 00:12,425
C00631,P0167,P0197,2026-03-11 17:15,385
C00632,P0117,P0107,2026-01-27 21:08,796
C00633,P0072,P0064,2026-05-15 07:23,782
C00634,P0440,P0428,2026-02-04 04:56,287
C00635,P0099,P0273,2026-07-23 11:20,899
C00636,P0126,P0472,2026-01-25 19:37,407
C00637,P0151,P0405,2026-03-11 07:03,593
C00638,P0436,P0261,2026-08-07 23:05,983
C00639,P0315,P0034,2026-03-17 12:48,1062
C00640,P0430,P0412,2026-06-23 11:33,1009
C00641,P0381,P0368,2026-07-21 18:41,94
C00642,P0179,P0166,2026-07-07 09:27,792
C00643,P0267,P0286,2026-02-05 02:18,930
C00644,P0188,P0153,2026-08-17 19:21,892
C00645,P0327,P0324,2026-08-11 08:24,70
C00646,P0167,P0192,2026-02-12 02:18,1047
C00647,P0068,P0065,2026-02-04 02:23,98
C00648,P0263,P0294,2026-06-09 09:47,582
C00649,P0459,P0499,2026-05-01 09:18,729
C00650,P0207,P0485,2026-07-27 18:48,44
C00651,P0449,P0410,2026-07-08 07:46,449
C00652,P0438,P0436,2026-08-24 14:21,195
C00653,P0178,P0200,2026-07-07 14:28,1163
C00654,P0137,P0109,2026-05-24 00:31,746
C00655,P0328,P0344,2026-07-25 22:34,633
C00656,P0037,P0003,2026-03-05 10:36,1195
C00657,P0196,P0105,2026-07-03 17:24,405
C00658,P0287,P0279,2026-05-03 05:06,1152
C00659,P0482,P0452,2026-03-07 02:58,810
C00660,P0169,P0193,2026-02-15 01:23,1081
C00661,P0277,P0276,2026-03-04 04:34,876
C00662,P0075,P0064,2026-03-28 06:19,905
C00663,P0341,P0244,2026-03-20 18:19,435
C00664,P0368,P0363,2026-01-05 14:04,837
C00665,P0184,P0172,2026-08-15 14:36,100
C00666,P0148,P0331,2026-08-12 22:53,629
C00667,P0127,P0116,2026-03-20 23:27,957
C00668,P0145,P0137,2026-02-13 22:02,510
C00669,P0081,P0141,2026-05-22 02:44,464
C00670,P0211,P0391,2026-02-12 02:48,235
C00671,P0277,P0279,2026-03-09 06:32,111
C00672,P0091,P0095,2026-08-13 10:47,837
C00673,P0204,P0020,2026-01-09 03:45,299
C00674,P0382,P0380,2026-02-03 17:42,516
C00675,P0359,P0381,2026-05-27 05:10,56
C00676,P0119,P0108,2026-07-06 02:42,42
C00677,P0129,P0123,2026-03-07 22:02,1110
C00678,P0041,P0034,2026-02-13 22:19,929
C00679,P0004,P0050,2026-07-25 06:59,531
C00680,P0163,P0156,2026-01-14 00:00,710
C00681,P0349,P0343,2026-02-08 03:51,363
C00682,P0023,P0213,2026-02-27 10:20,1171
C00683,P0464,P0485,2026-07-14 03:14,457
C00684,P0262,P0251,2026-07-21 10:00,817
C00685,P0155,P0193,2026-05-21 19:23,109
C00686,P0177,P0170,2026-08-04 22:34,1185
C00687,P0089,P0071,2026-07-22 22:08,700
C00688,P0293,P0281,2026-02-11 00:38,939
C00689,P0183,P0188,2026-01-08 00:39,274
C00690,P0349,P0316,2026-02-02 04:23,1041
C00691,P0125,P0114,2026-01-08 23:38,928
C00692,P0169,P0069,2026-05-11 20:50,101
C00693,P0342,P0319,2026-01-08 23:21,721
C00694,P0404,P0443,2026-04-26 21:44,475
C00695,P0334,P0321,2026-03-15 20:00,152
C00696,P0036,P0489,2026-04-02 20:09,438
C00697,P0138,P0136,2026-04-08 16:05,892
C00698,P0160,P0085,2026-04-08 13:11,529
C00699,P0479,P0491,2026-04-09 15:05,756
C00700,P0131,P0129,2026-07-17 19:47,907
C00701,P0420,P0489,2026-08-01 12:27,190
C00702,P0472,P0154,2026-03-18 23:11,546
C00703,P0230,P0219,2026-07-18 19:30,167
C00704,P0363,P0360,2026-04-01 00:55,1045
C00705,P0192,P0252,2026-07-14 12:47,784
C00706,P0242,P0238,2026-02-14 01:58,274
C00707,P0461,P0463,2026-07-09 23:22,1063
C00708,P0295,P0254,2026-07-14 23:15,516
C00709,P0291,P0296,2026-01-23 21:41,322
C00710,P0394,P0360,2026-05-08 19:37,350
C00711,P0092,P0096,2026-07-13 22:37,184
C00712,P0178,P0161,2026-07-09 22:19,1045
C00713,P0338,P0454,2026-07-19 09:46,862
C00714,P0474,P0373,2026-02-04 20:36,725
C00715,P0138,P0384,2026-04-24 12:44,650
C00716,P0132,P0101,2026-02-03 22:26,1095
C00717,P0247,P0228,2026-03-06 11:11,295
C00718,P0133,P0108,2026-08-19 06:11,431
C00719,P0149,P0113,2026-05-28 13:28,243
C00720,P0086,P0041,2026-05-03 12:07,586
C00721,P0038,P0016,2026-08-16 21:48,226
C00722,P0249,P0201,2026-01-04 06:33,34
C00723,P0449,P0418,2026-08-16 10:38,899
C00724,P0271,P0266,2026-06-22 12:24,137
C00725,P0448,P0170,2026-02-01 14:55,842
C00726,P0455,P0474,2026-03-01 19:07,1106
C00727,P0174,P0179,2026-08-17 13:42,404
C00728,P0252,P0291,2026-06-28 01:51,686
C00729,P0189,P0182,2026-07-24 19:50,186
C00730,P0393,P0395,2026-02-24 12:18,419
C00731,P0437,P0446,2026-01-05 15:50,198
C00732,P0430,P0411,2026-08-04 15:42,1127
C00733,P0161,P0199,2026-02-04 13:45,79
C00734,P0275,P0300,2026-05-08 23:16,995
C00735,P0344,P0064,2026-03-18 20:46,1027
C00736,P0265,P0287,2026-02-21 10:24,801
C00737,P0428,P0415,2026-04-09 03:18,199
C00738,P0298,P0288,2026-04-24 03:36,773
C00739,P0275,P0287,2026-01-10 01:37,1116
C00740,P0328,P0321,2026-06-26 21:59,278
C00741,P0488,P0465,2026-02-13 00:34,963
C00742,P0215,P0232,2026-08-05 19:18,318
C00743,P0435,P0411,2026-01-20 10:19,1048
C00744,P0064,P0141,2026-08-21 06:31,616
C00745,P0304,P0322,2026-03-27 22:13,480
C00746,P0050,P0012,2026-08-24 12:19,346
C00747,P0281,P0201,2026-06-14 21:30,733
C00748,P0201,P0037,2026-05-10 22:59,419
C00749,P0426,P0407,2026-03-11 18:55,130
C00750,P0364,P0156,2026-08-21 05:36,301
C00751,P0369,P0360,2026-04-07 23:12,38
C00752,P0457,P0494,2026-03-13 13:43,364
C00753,P0050,P0183,2026-08-06 01:07,1075
C00754,P0478,P0460,2026-07-08 01:07,513
C00755,P0245,P0239,2026-03-21 23:24,203
C00756,P0443,P0419,2026-07-09 20:41,931
C00757,P0058,P0056,2026-02-16 20:42,1063
C00758,P0487,P0481,2026-05-23 23:06,390
C00759,P0320,P0337,2026-03-04 10:04,1120
C00760,P0026,P0036,2026-08-03 16:53,1123
C00761,P0099,P0064,2026-02-06 19:44,388
C00762,P0371,P0358,2026-01-05 18:13,350
C00763,P0249,P0203,2026-02-04 16:19,764
C00764,P0088,P0217,2026-01-08 09:02,1083
C00765,P0151,P0338,2026-08-05 18:31,660
C00766,P0289,P0285,2026-04-23 03:42,111
C00767,P0160,P0170,2026-04-05 19:35,462
C00768,P0209,P0247,2026-07-03 17:16,553
C00769,P0126,P0130,2026-02-09 21:27,313
C00770,P0091,P0097,2026-05-21 22:41,414
C00771,P0493,P0492,2026-03-14 04:20,908
C00772,P0466,P0455,2026-05-04 17:07,1143
C00773,P0291,P0256,2026-06-11 08:09,482
C00774,P0075,P0065,2026-07-04 03:11,1098
C00775,P0157,P0302,2026-08-04 16:22,1191
C00776,P0283,P0139,2026-02-02 05:20,817
C00777,P0436,P0439,2026-07-16 18:08,550
C00778,P0446,P0410,2026-03-05 12:36,567
C00779,P0296,P0300,2026-04-22 19:26,957
C00780,P0280,P0283,2026-05-09 13:33,488
C00781,P0070,P0077,2026-06-28 02:40,182
C00782,P0156,P0161,2026-01-03 23:18,1154
C00783,P0414,P0448,2026-01-14 21:32,299
C00784,P0444,P0435,2026-02-13 00:39,409
C00785,P0382,P0004,2026-07-23 17:47,726
C00786,P0444,P0439,2026-01-20 14:10,1092
C00787,P0090,P0039,2026-06-27 04:32,743
C00788,P0217,P0254,2026-07-06 11:07,712
C00789,P0128,P0426,2026-02-10 09:30,621
C00790,P0048,P0041,2026-07-07 09:59,1075
C00791,P0019,P0479,2026-08-20 15:03,748
C00792,P0372,P0370,2026-06-04 00:22,401
C00793,P0007,P0028,2026-08-07 02:33,1073
C00794,P0211,P0064,2026-08-01 04:49,532
C00795,P0324,P0320,2026-06-14 05:34,571
C00796,P0393,P0379,2026-03-05 11:47,908
C00797,P0158,P0163,2026-05-02 04:25,882
C00798,P0462,P0017,2026-03-22 06:30,564
C00799,P0386,P0382,2026-03-11 12:32,816
C00800,P0052,P0059,2026-03-12 16:00,504
C00801,P0278,P0289,2026-01-14 15:18,597
C00802,P0316,P0340,2026-03-24 16:11,530
C00803,P0067,P0095,2026-04-22 13:12,990
C00804,P0095,P0097,2026-03-07 18:40,324
C00805,P0126,P0103,2026-05-07 04:27,56
C00806,P0054,P0075,2026-07-17 09:44,493
C00807,P0331,P0304,2026-07-21 01:19,245
C00808,P0223,P0246,2026-07-08 10:57,117
C00809,P0004,P0043,2026-06-07 09:30,593
C00810,P0052,P0221,2026-03-09 15:23,704
C00811,P0093,P0051,2026-03-11 11:47,760
C00812,P0302,P0271,2026-06-08 20:17,450
C00813,P0057,P0059,2026-02-02 18:58,410
C00814,P0357,P0355,2026-06-10 23:30,433
C00815,P0103,P0109,2026-04-14 17:45,537
C00816,P0389,P0437,2026-06-12 14:40,260
C00817,P0035,P0248,2026-07-17 16:50,64
C00818,P0245,P0209,2026-05-02 18:03,409
C00819,P0204,P0254,2026-02-06 14:48,1063
C00820,P0326,P0339,2026-05-07 05:00,347
C00821,P0495,P0451,2026-08-17 22:46,1095
C00822,P0169,P0196,2026-05-18 03:10,478
C00823,P0169,P0153,2026-03-09 04:17,125
C00824,P0164,P0185,2026-02-01 20:22,775
C00825,P0417,P0447,2026-03-14 19:18,684
C00826,P0321,P0418,2026-01-27 11:14,592
C00827,P0035,P0043,2026-02-24 23:44,802
C00828,P0132,P0446,2026-04-27 14:14,684
C00829,P0491,P0499,2026-07-05 14:14,908
C00830,P0356,P0382,2026-03-15 05:52,380
C00831,P0397,P0362,2026-05-01 09:10,383
C00832,P0352,P0312,2026-04-03 04:04,893
C00833,P0307,P0347,2026-03-24 00:38,224
C00834,P0008,P0001,2026-01-05 07:49,191
C00835,P0451,P0457,2026-06-28 22:05,434
C00836,P0479,P0461,2026-05-11 15:09,519
C00837,P0241,P0235,2026-02-01 01:06,1135
C00838,P0427,P0410,2026-01-08 00:14,894
C00839,P0292,P0269,2026-04-22 12:43,250
C00840,P0065,P0057,2026-05-12 02:39,703
C00841,P0053,P0089,2026-03-06 13:33,705
C00842,P0310,P0343,2026-05-20 09:22,232
C00843,P0393,P0374,2026-05-26 22:51,176
C00844,P0442,P0478,2026-03-25 20:09,675
C00845,P0397,P0381,2026-02-04 18:27,590
C00846,P0259,P0262,2026-07-12 10:31,888
C00847,P0339,P0341,2026-06-05 20:58,523
C00848,P0432,P0435,2026-08-18 17:52,491
C00849,P0496,P0477,2026-04-23 02:15,760
C00850,P0024,P0036,2026-08-05 03:03,735
C00851,P0119,P0130,2026-03-27 17:59,882
C00852,P0154,P0198,2026-03-04 22:45,313
C00853,P0045,P0028,2026-06-02 22:06,171
C00854,P0461,P0452,2026-03-12 04:05,521
C00855,P0477,P0460,2026-03-16 23:08,1100
C00856,P0231,P0227,2026-06-15 20:44,47
C00857,P0104,P0142,2026-01-20 05:32,348
C00858,P0344,P0330,2026-05-19 16:19,485
C00859,P0118,P0106,2026-07-05 23:13,840
C00860,P0176,P0162,2026-02-27 22:29,997
C00861,P0325,P0311,2026-01-26 11:41,888
C00862,P0057,P0055,2026-06-20 10:01,510
C00863,P0407,P0405,2026-04-20 00:48,653
C00864,P0191,P0153,2026-04-09 02:36,1176
C00865,P0353,P0354,2026-06-03 09:00,750
C00866,P0491,P0204,2026-04-11 12:46,748
C00867,P0360,P0346,2026-02-11 13:57,1051
C00868,P0102,P0138,2026-07-16 18:55,96
C00869,P0144,P0130,2026-02-21 02:45,494
C00870,P0414,P0349,2026-03-25 22:10,1047
C00871,P0492,P0484,2026-06-15 04:21,615
C00872,P0303,P0346,2026-07-08 06:39,173
C00873,P0291,P0322,2026-08-04 00:09,653
C00874,P0082,P0057,2026-08-11 05:59,625
C00875,P0237,P0224,2026-06-03 02:11,963
C00876,P0367,P0399,2026-08-21 04:07,1184
C00877,P0269,P0276,2026-07-28 19:58,284
C00878,P0440,P0421,2026-06-03 21:26,1056
C00879,P0040,P0042,2026-01-24 07:44,1168
C00880,P0069,P0075,2026-03-19 12:54,169
C00881,P0393,P0356,2026-06-15 14:41,1115
C00882,P0239,P0056,2026-02-06 23:06,832
C00883,P0103,P0206,2026-06-03 10:21,1015
C00884,P0358,P0368,2026-08-02 17:09,982
C00885,P0171,P0187,2026-01-20 12:03,760
C00886,P0243,P0110,2026-01-07 00:48,886
C00887,P0106,P0110,2026-02-09 12:05,630
C00888,P0232,P0447,2026-07-17 06:42,551
C00889,P0006,P0028,2026-06-25 09:10,426
C00890,P0331,P0335,2026-03-23 13:22,1188
C00891,P0036,P0039,2026-04-03 23:42,316
C00892,P0251,P0260,2026-08-05 15:55,668
C00893,P0317,P0334,2026-01-15 04:40,940
C00894,P0457,P0453,2026-04-24 06:26,1138
C00895,P0308,P0194,2026-04-12 06:12,49
C00896,P0252,P0270,2026-05-17 03:44,1042
C00897,P0377,P0373,2026-06-27 17:27,1091
C00898,P0172,P0059,2026-03-15 13:23,382
C00899,P0135,P0128,2026-07-10 21:44,915
C00900,P0457,P0456,2026-02-03 20:01,862
C00901,P0485,P0457,2026-08-17 18:51,86
C00902,P0314,P0315,2026-08-18 12:07,420
C00903,P0487,P0064,2026-06-26 14:26,830
C00904,P0265,P0283,2026-05-09 21:16,649
C00905,P0408,P0466,2026-07-22 07:00,869
C00906,P0010,P0024,2026-06-11 05:36,900
C00907,P0313,P0340,2026-07-27 01:51,898
C00908,P0347,P0312,2026-07-11 16:10,915
C00909,P0133,P0108,2026-07-27 20:58,552
C00910,P0082,P0486,2026-06-07 02:05,72
C00911,P0460,P0452,2026-02-19 12:01,287
C00912,P0325,P0324,2026-06-06 07:41,474
C00913,P0416,P0447,2026-07-25 08:42,125
C00914,P0141,P0102,2026-02-04 14:59,271
C00915,P0217,P0212,2026-02-03 15:54,760
C00916,P0107,P0201,2026-02-16 00:26,170
C00917,P0064,P0094,2026-07-13 10:40,943
C00918,P0093,P0153,2026-01-06 21:36,84
C00919,P0273,P0281,2026-01-06 16:47,541
C00920,P0099,P0311,2026-01-18 00:33,1068
C00921,P0111,P0444,2026-06-04 06:01,690
C00922,P0097,P0095,2026-03-09 08:30,428
C00923,P0179,P0363,2026-05-15 23:51,1035
C00924,P0313,P0317,2026-03-07 21:54,595
C00925,P0053,P0299,2026-05-06 06:46,1019
C00926,P0378,P0389,2026-05-27 10:39,240
C00927,P0313,P0337,2026-06-12 20:52,151
C00928,P0033,P0017,2026-07-10 19:52,1106
C00929,P0008,P0012,2026-06-14 05:22,522
C00930,P0274,P0260,2026-06-04 00:20,42
C00931,P0180,P0187,2026-06-08 17:04,809
C00932,P0184,P0164,2026-02-18 08:45,173
C00933,P0344,P0349,2026-07-11 10:12,423
C00934,P0382,P0353,2026-05-14 03:07,947
C00935,P0288,P0275,2026-04-19 00:18,56
C00936,P0451,P0480,2026-05-05 12:02,1112
C00937,P0021,P0173,2026-01-03 15:06,870
C00938,P0141,P0163,2026-06-13 02:35,661
C00939,P0026,P0020,2026-08-16 20:58,268
C00940,P0481,P0317,2026-02-01 07:03,41
C00941,P0295,P0297,2026-07-08 05:05,411
C00942,P0416,P0189,2026-01-23 01:16,108
C00943,P0205,P0217,2026-06-23 19:50,797
C00944,P0109,P0138,2026-08-04 04:20,323
C00945,P0455,P0436,2026-07-21 14:42,270
C00946,P0187,P0181,2026-08-09 10:49,1008
C00947,P0250,P0219,2026-02-12 17:53,516
C00948,P0195,P0155,2026-02-16 01:13,46
C00949,P0375,P0363,2026-08-04 10:13,1100
C00950,P0299,P0270,2026-08-21 04:54,1053
C00951,P0115,P0124,2026-07-15 19:32,435
C00952,P0097,P0036,2026-05-14 05:43,649
C00953,P0296,P0332,2026-02-05 14:56,239
C00954,P0124,P0009,2026-08-06 08:01,995
C00955,P0373,P0367,2026-02-18 02:22,903
C00956,P0333,P0328,2026-06-02 14:17,777
C00957,P0347,P0328,2026-04-10 06:25,381
C00958,P0439,P0432,2026-07-04 21:03,529
C00959,P0113,P0059,2026-01-02 18:17,508
C00960,P0068,P0065,2026-07-13 12:06,470
C00961,P0451,P0355,2026-05-16 06:10,436
C00962,P0246,P0239,2026-05-24 00:06,399
C00963,P0481,P0498,2026-05-28 22:15,368
C00964,P0061,P0062,2026-06-15 04:00,991
C00965,P0012,P0017,2026-02-06 21:48,39
C00966,P0388,P0351,2026-08-28 07:30,244
C00967,P0037,P0044,2026-05-27 07:33,1050
C00968,P0150,P0107,2026-02-10 23:21,946
C00969,P0285,P0267,2026-08-09 11:29,47
C00970,P0155,P0364,2026-06-17 21:54,1011
C00971,P0447,P0441,2026-01-05 13:54,471
C00972,P0123,P0132,2026-01-08 18:47,902
C00973,P0063,P0075,2026-02-09 20:43,1135
C00974,P0231,P0491,2026-03-09 21:22,698
C00975,P0318,P0320,2026-04-02 18:33,723
C00976,P0063,P0222,2026-08-19 11:18,245
C00977,P0256,P0475,2026-03-15 21:09,1091
C00978,P0320,P0286,2026-03-10 15:18,152
C00979,P0008,P0233,2026-01-07 09:52,272
C00980,P0201,P0228,2026-06-22 00:03,534
C00981,P0233,P0243,2026-03-03 22:17,312
C00982,P0101,P0222,2026-02-10 07:02,989
C00983,P0128,P0416,2026-07-14 12:57,220
C00984,P0472,P0155,2026-05-06 18:27,680
C00985,P0072,P0350,2026-04-09 04:26,1155
C00986,P0206,P0220,2026-08-18 05:24,914
C00987,P0429,P0445,2026-06-17 21:45,752
C00988,P0330,P0327,2026-07-15 00:58,1164
C00989,P0306,P0349,2026-03-20 09:50,516
C00990,P0259,P0290,2026-05-02 12:08,845
C00991,P0399,P0384,2026-08-27 01:05,132
C00992,P0072,P0089,2026-02-27 09:36,1006
C00993,P0008,P0048,2026-01-23 06:33,315
C00994,P0359,P0365,2026-03-10 20:19,33
C00995,P0320,P0353,2026-04-04 02:00,333
C00996,P0084,P0057,2026-04-07 03:30,70
C00997,P0228,P0201,2026-01-04 09:25,1010
C00998,P0420,P0121,2026-05-27 19:43,919
C00999,P0316,P0064,2026-07-05 20:01,398
C01000,P0161,P0183,2026-04-16 15:18,612
C01001,P0482,P0474,2026-05-13 12:44,239
C01002,P0310,P0302,2026-05-15 03:36,817
C01003,P0203,P0242,2026-08-02 11:08,978
C01004,P0235,P0142,2026-01-06 11:32,1050
C01005,P0425,P0433,2026-02-06 20:09,740
C01006,P0472,P0480,2026-03-09 21:19,826
C01007,P0375,P0381,2026-03-19 22:59,1058
C01008,P0270,P0133,2026-03-23 10:37,732
C01009,P0305,P0303,2026-01-28 23:10,494
C01010,P0082,P0094,2026-08-11 07:49,504
C01011,P0147,P0125,2026-07-03 01:39,532
C01012,P0079,P0099,2026-06-20 20:53,80
C01013,P0165,P0056,2026-08-13 04:40,1195
C01014,P0167,P0182,2026-08-22 09:14,432
C01015,P0223,P0417,2026-04-03 18:01,217
C01016,P0101,P0124,2026-07-19 17:55,167
C01017,P0432,P0413,2026-04-19 15:32,741
C01018,P0409,P0405,2026-08-14 20:24,165
C01019,P0134,P0120,2026-02-04 15:14,125
C01020,P0252,P0265,2026-05-27 08:24,752
C01021,P0119,P0105,2026-04-28 16:59,1044
C01022,P0454,P0485,2026-02-19 15:59,558
C01023,P0022,P0027,2026-05-07 10:56,141
C01024,P0447,P0422,2026-01-08 15:04,1174
C01025,P0360,P0428,2026-01-12 02:26,185
C01026,P0246,P0485,2026-03-09 23:02,233
C01027,P0415,P0442,2026-06-14 15:19,486
C01028,P0002,P0050,2026-04-18 19:55,796
C01029,P0036,P0031,2026-01-13 12:44,276
C01030,P0336,P0309,2026-02-15 03:57,773
C01031,P0278,P0254,2026-04-08 02:37,40
C01032,P0437,P0403,2026-01-28 23:15,136
C01033,P0129,P0112,2026-05-02 10:22,520
C01034,P0067,P0311,2026-07-16 21:07,177
C01035,P0414,P0432,2026-06-28 07:28,639
C01036,P0400,P0283,2026-05-28 20:15,1098
C01037,P0164,P0358,2026-02-02 11:57,861
C01038,P0482,P0468,2026-02-07 04:53,1086
C01039,P0414,P0408,2026-06-24 04:02,501
C01040,P0358,P0352,2026-08-27 01:17,589
C01041,P0206,P0204,2026-05-28 19:24,1034
C01042,P0325,P0329,2026-01-08 06:24,397
C01043,P0404,P0443,2026-05-02 17:48,732
C01044,P0466,P0312,2026-06-27 08:51,463
C01045,P0175,P0372,2026-07-28 13:50,136
C01046,P0284,P0199,2026-05-28 17:29,888
C01047,P0500,P0484,2026-05-06 12:29,507
C01048,P0018,P0044,2026-05-03 07:49,1131
C01049,P0476,P0453,2026-05-12 08:42,533
C01050,P0415,P0396,2026-01-04 09:36,677
C01051,P0434,P0092,2026-08-15 00:28,38
C01052,P0281,P0291,2026-04-14 01:37,182
C01053,P0486,P0471,2026-02-15 05:16,585
C01054,P0359,P0365,2026-03-05 19:41,121
C01055,P0012,P0044,2026-08-19 10:02,1153
C01056,P0046,P0017,2026-05-01 21:54,743
C01057,P0039,P0016,2026-06-04 02:32,928
C01058,P0066,P0064,2026-06-19 11:53,871
C01059,P0319,P0310,2026-01-11 19:50,757
C01060,P0342,P0324,2026-08-10 19:01,348
C01061,P0210,P0238,2026-01-04 19:13,661
C01062,P0438,P0446,2026-06-07 12:53,86
C01063,P0125,P0149,2026-02-03 07:36,1051
C01064,P0323,P0281,2026-07-18 23:07,1100
C01065,P0311,P0242,2026-08-11 08:12,1198
C01066,P0172,P0166,2026-06-08 14:20,256
C01067,P0397,P0377,2026-06-03 11:35,1055
C01068,P0292,P0281,2026-04-15 13:14,1186
C01069,P0065,P0474,2026-04-25 13:43,302
C01070,P0222,P0221,2026-02-03 13:26,1054
C01071,P0295,P0254,2026-04-06 14:00,361
C01072,P0249,P0236,2026-08-24 03:08,89
C01073,P0013,P0354,2026-03-03 04:32,1104
C01074,P0463,P0217,2026-06-05 12:44,1160
C01075,P0208,P0222,2026-06-19 19:39,240
C01076,P0024,P0038,2026-06-15 13:40,941
C01077,P0224,P0149,2026-08-23 04:46,395
C01078,P0302,P0470,2026-02-05 00:37,777
C01079,P0375,P0371,2026-08-06 16:46,592
C01080,P0050,P0119,2026-05-16 10:03,1175
C01081,P0438,P0433,2026-07-10 10:24,672
C01082,P0489,P0074,2026-01-27 23:56,451
C01083,P0237,P0240,2026-06-04 11:18,359
C01084,P0232,P0229,2026-04-06 09:58,551
C01085,P0386,P0055,2026-04-22 08:09,216
C01086,P0449,P0411,2026-01-20 01:57,1125
C01087,P0151,P0182,2026-01-12 06:18,1189
C01088,P0384,P0359,2026-08-10 03:45,265
C01089,P0332,P0317,2026-02-28 04:17,258
C01090,P0412,P0041,2026-04-24 02:20,340
C01091,P0230,P0241,2026-02-23 22:20,98
C01092,P0421,P0413,2026-01-21 20:00,523
C01093,P0315,P0344,2026-04-09 15:09,1012
C01094,P0376,P0255,2026-05-05 06:40,201
C01095,P0439,P0371,2026-04-01 13:04,1024
C01096,P0196,P0162,2026-01-14 22:16,798
C01097,P0191,P0173,2026-08-17 21:11,634
C01098,P0449,P0150,2026-08-16 20:25,751
C01099,P0207,P0215,2026-02-25 09:26,935
C01100,P0308,P0312,2026-08-11 21:07,731
C01101,P0150,P0131,2026-08-20 13:43,500
C01102,P0233,P0214,2026-07-02 17:49,681
C01103,P0277,P0276,2026-08-14 12:16,131
C01104,P0172,P0191,2026-01-10 14:26,473
C01105,P0135,P0114,2026-02-20 19:21,284
C01106,P0047,P0002,2026-07-03 22:21,742
C01107,P0284,P0033,2026-01-17 06:23,1116
C01108,P0135,P0126,2026-04-10 05:58,785
C01109,P0186,P0197,2026-04-01 01:54,61
C01110,P0270,P0053,2026-07-26 15:02,341
C01111,P0015,P0041,2026-04-02 08:47,273
C01112,P0194,P0336,2026-07-05 23:56,572
C01113,P0040,P0038,2026-07-01 00:47,1129
C01114,P0107,P0148,2026-07-07 19:54,659
C01115,P0218,P0263,2026-01-10 08:29,435
C01116,P0481,P0475,2026-05-14 02:14,852
C01117,P0369,P0395,2026-04-13 00:31,826
C01118,P0391,P0280,2026-02-15 07:36,70
C01119,P0179,P0174,2026-08-19 03:41,656
C01120,P0057,P0086,2026-03-07 15:37,531
C01121,P0340,P0331,2026-04-02 15:16,863
C01122,P0260,P0253,2026-06-23 18:38,852
C01123,P0138,P0354,2026-04-25 17:50,1020
C01124,P0292,P0266,2026-06-15 22:30,1073
C01125,P0057,P0078,2026-02-13 04:48,47
C01126,P0061,P0063,2026-08-28 03:02,888
C01127,P0432,P0409,2026-07-13 00:18,260
C01128,P0247,P0244,2026-05-17 10:39,781
C01129,P0110,P0119,2026-04-26 19:45,780
C01130,P0231,P0230,2026-04-11 23:46,297
C01131,P0351,P0371,2026-07-06 04:30,157
C01132,P0003,P0160,2026-04-07 22:06,1121
C01133,P0054,P0090,2026-08-20 05:04,737
C01134,P0173,P0191,2026-01-07 08:18,892
C01135,P0224,P0240,2026-07-09 17:34,434
C01136,P0107,P0147,2026-04-09 05:16,1174
C01137,P0438,P0442,2026-07-11 18:49,587
C01138,P0378,P0447,2026-08-07 05:00,494
C01139,P0047,P0476,2026-03-05 05:30,20
C01140,P0009,P0033,2026-08-14 21:30,689
C01141,P0066,P0086,2026-07-13 12:45,991
C01142,P0421,P0434,2026-02-20 06:10,588
C01143,P0336,P0329,2026-08-23 08:43,266
C01144,P0342,P0323,2026-03-01 11:54,974
C01145,P0178,P0373,2026-07-07 19:35,411
C01146,P0148,P0101,2026-04-15 11:33,419
C01147,P0222,P0207,2026-06-09 16:58,46
C01148,P0042,P0018,2026-08-13 01:44,538
C01149,P0037,P0002,2026-08-20 20:29,1024
C01150,P0407,P0403,2026-06-01 19:57,333
C01151,P0109,P0106,2026-07-27 03:03,928
C01152,P0021,P0007,2026-05-28 06:41,54
C01153,P0296,P0261,2026-06-17 00:42,845
C01154,P0005,P0013,2026-03-24 08:05,373
C01155,P0239,P0213,2026-07-06 20:47,26
C01156,P0423,P0408,2026-06-15 18:53,196
C01157,P0356,P0358,2026-02-06 23:05,400
C01158,P0050,P0011,2026-01-07 20:23,962
C01159,P0170,P0194,2026-04-24 23:08,655
C01160,P0212,P0218,2026-03-19 10:26,482
C01161,P0140,P0453,2026-04-06 09:16,920
C01162,P0373,P0388,2026-06-12 20:33,940
C01163,P0352,P0426,2026-03-02 18:24,338
C01164,P0195,P0178,2026-06-21 21:50,611
C01165,P0436,P0448,2026-05-03 16:49,451
C01166,P0367,P0353,2026-02-17 21:40,401
C01167,P0388,P0371,2026-06-19 12:42,89
C01168,P0091,P0073,2026-01-06 13:30,705
C01169,P0062,P0073,2026-05-06 14:34,401
C01170,P0225,P0415,2026-08-19 18:44,910
C01171,P0243,P0428,2026-04-09 23:23,711
C01172,P0320,P0303,2026-04-25 16:06,882
C01173,P0237,P0226,2026-01-06 16:10,635
C01174,P0495,P0358,2026-04-19 04:08,702
C01175,P0028,P0497,2026-02-10 04:51,728
C01176,P0130,P0101,2026-03-07 05:19,649
C01177,P0164,P0178,2026-02-24 07:09,1157
C01178,P0192,P0003,2026-08-06 11:06,984
C01179,P0345,P0314,2026-08-22 12:53,969
C01180,P0075,P0059,2026-06-25 04:25,689
C01181,P0420,P0346,2026-07-20 12:34,166
C01182,P0452,P0465,2026-03-25 07:23,761
C01183,P0040,P0039,2026-07-03 20:14,302
C01184,P0014,P0020,2026-07-03 10:24,388
C01185,P0220,P0225,2026-08-02 08:26,387
C01186,P0407,P0430,2026-02-12 21:46,227
C01187,P0301,P0311,2026-06-05 18:32,806
C01188,P0032,P0042,2026-07-14 01:19,890
C01189,P0089,P0079,2026-06-25 15:45,706
C01190,P0498,P0187,2026-02-26 05:27,1108
C01191,P0446,P0346,2026-02-05 00:21,548
C01192,P0497,P0480,2026-07-02 14:18,101
C01193,P0380,P0374,2026-01-20 21:23,536
C01194,P0250,P0202,2026-05-06 09:22,874
C01195,P0270,P0291,2026-01-20 03:22,94
C01196,P0316,P0312,2026-02-18 03:08,316
C01197,P0318,P0323,2026-08-23 19:15,1092
C01198,P0005,P0021,2026-06-02 04:38,227
C01199,P0072,P0091,2026-05-14 12:01,396
C01200,P0132,P0370,2026-02-27 13:07,412
C01201,P0240,P0233,2026-04-23 01:23,1194
C01202,P0318,P0348,2026-03-09 16:42,113
C01203,P0144,P0119,2026-05-01 13:13,58
C01204,P0337,P0067,2026-05-09 14:38,671
C01205,P0152,P0196,2026-06-08 02:39,609
C01206,P0312,P0424,2026-08-19 13:40,693
C01207,P0386,P0351,2026-06-11 10:22,930
C01208,P0364,P0385,2026-03-22 12:16,845
C01209,P0456,P0491,2026-08-18 11:05,445
C01210,P0272,P0190,2026-05-10 10:28,977
C01211,P0488,P0461,2026-06-19 13:26,67
C01212,P0146,P0285,2026-08-08 12:58,1120
C01213,P0458,P0457,2026-07-07 06:07,1188
C01214,P0150,P0148,2026-07-18 13:22,465
C01215,P0468,P0471,2026-06-21 03:42,670
C01216,P0426,P0415,2026-07-16 14:18,940
C01217,P0126,P0119,2026-01-18 10:48,970
C01218,P0075,P0088,2026-07-14 13:12,79
C01219,P0140,P0133,2026-02-20 18:46,857
C01220,P0167,P0313,2026-04-06 18:40,986
C01221,P0252,P0298,2026-07-18 16:55,415
C01222,P0083,P0235,2026-06-24 07:11,987
C01223,P0472,P0103,2026-06-05 09:04,83
C01224,P0380,P0366,2026-08-08 05:29,1044
C01225,P0472,P0461,2026-04-15 23:04,34
C01226,P0350,P0347,2026-07-28 16:30,809
C01227,P0317,P0346,2026-02-23 19:41,1113
C01228,P0381,P0397,2026-01-10 12:53,101
C01229,P0441,P0442,2026-08-14 03:06,318
C01230,P0389,P0423,2026-02-24 05:23,865
C01231,P0116,P0131,2026-04-09 03:21,171
C01232,P0399,P0366,2026-05-11 09:44,930
C01233,P0395,P0367,2026-05-20 01:48,306
C01234,P0202,P0215,2026-06-19 11:45,616
C01235,P0137,P0141,2026-05-16 22:28,623
C01236,P0110,P0139,2026-05-28 12:16,486
C01237,P0188,P0170,2026-03-19 00:16,765
C01238,P0382,P0446,2026-07-16 19:57,368
C01239,P0330,P0080,2026-06-17 11:24,1013
C01240,P0431,P0412,2026-08-13 00:42,152
C01241,P0214,P0215,2026-03-09 19:49,264
C01242,P0282,P0280,2026-01-27 23:54,1093
C01243,P0380,P0104,2026-06-22 01:25,222
C01244,P0260,P0035,2026-05-18 17:54,1121
C01245,P0497,P0409,2026-01-15 18:33,527
C01246,P0145,P0142,2026-04-08 22:45,954
C01247,P0468,P0486,2026-05-03 23:12,150
C01248,P0068,P0268,2026-05-02 06:14,519
C01249,P0481,P0480,2026-02-18 01:20,169
C01250,P0079,P0056,2026-08-07 03:34,460
C01251,P0237,P0201,2026-07-28 03:46,926
C01252,P0100,P0302,2026-08-01 08:48,853
C01253,P0391,P0362,2026-06-17 15:32,601
C01254,P0154,P0136,2026-04-11 08:43,1169
C01255,P0358,P0399,2026-03-16 00:20,1063
C01256,P0112,P0105,2026-07-22 09:06,927
C01257,P0412,P0413,2026-02-25 07:13,649
C01258,P0300,P0284,2026-08-04 21:19,450
C01259,P0121,P0111,2026-04-25 12:50,371
C01260,P0313,P0340,2026-03-11 16:30,873
C01261,P0138,P0118,2026-05-16 09:23,316
C01262,P0298,P0271,2026-08-10 13:36,825
C01263,P0003,P0391,2026-07-02 13:22,306
C01264,P0393,P0141,2026-01-27 22:12,447
C01265,P0219,P0224,2026-01-11 13:50,803
C01266,P0448,P0413,2026-04-20 16:28,581
C01267,P0161,P0171,2026-08-24 18:30,114
C01268,P0200,P0353,2026-08-08 08:38,788
C01269,P0041,P0022,2026-05-18 11:28,602
C01270,P0148,P0105,2026-06-25 23:26,330
C01271,P0302,P0154,2026-04-18 02:28,522
C01272,P0449,P0443,2026-05-18 16:52,616
C01273,P0150,P0105,2026-06-28 11:57,933
C01274,P0110,P0095,2026-06-15 07:29,761
C01275,P0217,P0239,2026-01-05 03:41,861
C01276,P0354,P0384,2026-01-17 11:01,1178
C01277,P0033,P0021,2026-08-10 18:21,157
C01278,P0290,P0048,2026-02-18 05:51,1071
C01279,P0045,P0294,2026-08-20 20:12,169
C01280,P0221,P0419,2026-05-15 14:56,331
C01281,P0062,P0092,2026-06-15 16:49,905
C01282,P0206,P0295,2026-05-01 19:53,818
C01283,P0171,P0178,2026-03-09 07:37,688
C01284,P0200,P0187,2026-06-23 18:09,406
C01285,P0106,P0158,2026-03-04 00:34,100
C01286,P0277,P0179,2026-02-11 10:59,491
C01287,P0170,P0161,2026-07-09 07:59,464
C01288,P0014,P0071,2026-08-04 12:01,929
C01289,P0438,P0379,2026-04-13 01:28,918
C01290,P0200,P0175,2026-02-03 05:32,1077
C01291,P0158,P0182,2026-06-24 10:26,411
C01292,P0083,P0074,2026-08-09 16:07,955
C01293,P0327,P0326,2026-02-12 11:19,153
C01294,P0215,P0245,2026-02-21 20:51,818
C01295,P0009,P0488,2026-05-24 20:57,682
C01296,P0162,P0187,2026-01-05 16:09,307
C01297,P0004,P0039,2026-04-28 23:42,620
C01298,P0311,P0327,2026-03-06 16:09,391
C01299,P0061,P0052,2026-08-07 09:25,784
C01300,P0136,P0319,2026-06-01 00:21,78
C01301,P0018,P0377,2026-03-14 01:34,792
C01302,P0370,P0269,2026-03-06 03:00,734
C01303,P0048,P0215,2026-02-04 15:29,870
C01304,P0275,P0226,2026-03-28 19:51,21
C01305,P0367,P0359,2026-06-22 17:23,217
C01306,P0463,P0459,2026-04-17 04:51,312
C01307,P0098,P0057,2026-07-10 19:06,531
C01308,P0147,P0143,2026-05-11 22:29,1084
C01309,P0249,P0209,2026-06-14 11:42,317
C01310,P0048,P0025,2026-01-26 06:11,49
C01311,P0016,P0011,2026-07-11 00:36,1004
C01312,P0263,P0291,2026-07-15 06:29,558
C01313,P0098,P0068,2026-06-11 05:16,718
C01314,P0250,P0396,2026-08-22 03:42,721
C01315,P0135,P0033,2026-06-14 20:01,1132
C01316,P0180,P0158,2026-02-18 22:18,278
C01317,P0158,P0232,2026-07-18 02:55,1053
C01318,P0413,P0410,2026-04-25 00:12,744
C01319,P0137,P0134,2026-01-26 17:23,1124
C01320,P0411,P0424,2026-03-04 21:10,483
C01321,P0385,P0367,2026-03-18 19:27,434
C01322,P0319,P0325,2026-07-16 14:20,298
C01323,P0154,P0001,2026-02-09 22:35,658
C01324,P0489,P0455,2026-01-25 13:08,314
C01325,P0149,P0116,2026-07-26 05:41,878
C01326,P0166,P0173,2026-02-08 08:08,842
C01327,P0494,P0460,2026-04-15 04:43,584
C01328,P0006,P0327,2026-02-17 09:33,230
C01329,P0307,P0242,2026-04-22 14:19,275
C01330,P0480,P0460,2026-02-25 23:21,577
C01331,P0021,P0196,2026-05-04 20:29,892
C01332,P0399,P0369,2026-04-17 03:05,762
C01333,P0395,P0378,2026-07-02 20:06,593
C01334,P0376,P0142,2026-05-21 16:21,879
C01335,P0223,P0206,2026-01-04 22:51,1014
C01336,P0365,P0388,2026-07-22 08:06,1019
C01337,P0475,P0489,2026-07-02 19:06,221
C01338,P0099,P0066,2026-06-19 21:45,883
C01339,P0368,P0382,2026-01-12 20:50,921
C01340,P0294,P0443,2026-01-13 20:47,904
C01341,P0014,P0037,2026-03-01 20:21,222
C01342,P0302,P0347,2026-08-28 08:22,724
C01343,P0168,P0179,2026-01-11 14:44,558
C01344,P0083,P0108,2026-06-24 12:48,733
C01345,P0089,P0433,2026-08-28 02:21,740
C01346,P0171,P0170,2026-02-24 02:40,851
C01347,P0391,P0362,2026-07-07 08:54,1014
C01348,P0374,P0399,2026-03-06 10:01,248
C01349,P0233,P0245,2026-05-25 17:34,384
C01350,P0063,P0056,2026-02-23 19:58,848
C01351,P0075,P0367,2026-06-18 11:25,292
C01352,P0054,P0433,2026-05-20 18:05,683
C01353,P0227,P0423,2026-01-08 17:09,580
C01354,P0195,P0165,2026-04-08 14:41,462
C01355,P0216,P0202,2026-08-27 14:26,1159
C01356,P0463,P0477,2026-03-28 16:37,838
C01357,P0348,P0317,2026-06-26 08:27,778
C01358,P0171,P0185,2026-06-03 22:08,678
C01359,P0360,P0127,2026-03-04 16:45,994
C01360,P0089,P0065,2026-06-23 22:41,1154
C01361,P0115,P0239,2026-05-19 01:29,916
C01362,P0305,P0311,2026-01-18 14:35,137
C01363,P0245,P0445,2026-03-03 21:22,153
C01364,P0142,P0292,2026-05-24 00:45,1025
C01365,P0126,P0114,2026-08-10 17:44,643
C01366,P0483,P0477,2026-03-25 17:43,664
C01367,P0498,P0313,2026-01-23 11:37,265
C01368,P0037,P0315,2026-02-17 13:46,350
C01369,P0128,P0308,2026-03-27 05:01,1033
C01370,P0170,P0046,2026-02-13 18:44,813
C01371,P0196,P0357,2026-08-05 10:11,216
C01372,P0146,P0128,2026-05-16 02:11,553
C01373,P0173,P0192,2026-02-11 14:48,212
C01374,P0039,P0004,2026-01-22 11:06,365
C01375,P0401,P0421,2026-07-10 00:51,1183
C01376,P0062,P0063,2026-08-06 17:13,727
C01377,P0139,P0124,2026-03-15 22:54,383
C01378,P0352,P0390,2026-01-18 03:51,658
C01379,P0056,P0179,2026-03-19 16:10,224
C01380,P0460,P0490,2026-06-15 21:35,816
C01381,P0484,P0060,2026-02-11 07:23,309
C01382,P0363,P0376,2026-01-12 01:58,1003
C01383,P0466,P0338,2026-02-28 16:05,676
C01384,P0289,P0295,2026-07-25 17:41,431
C01385,P0129,P0149,2026-04-10 20:27,847
C01386,P0082,P0052,2026-08-04 10:35,1011
C01387,P0232,P0250,2026-05-25 21:44,132
C01388,P0013,P0006,2026-05-19 23:57,1189
C01389,P0298,P0254,2026-01-02 09:24,405
C01390,P0404,P0444,2026-07-24 16:33,385
C01391,P0014,P0007,2026-08-06 07:45,675
C01392,P0182,P0164,2026-01-02 12:13,258
C01393,P0003,P0464,2026-04-22 10:11,818
C01394,P0191,P0470,2026-07-02 04:09,524
C01395,P0228,P0244,2026-05-07 20:47,578
C01396,P0027,P0025,2026-05-27 06:52,1019
C01397,P0041,P0045,2026-07-02 22:49,939
C01398,P0155,P0191,2026-02-04 05:57,1020
C01399,P0421,P0411,2026-05-22 22:59,835
C01400,P0219,P0237,2026-05-04 03:25,433
C01401,P0285,P0434,2026-08-07 04:33,93
C01402,P0058,P0065,2026-01-27 12:11,191
C01403,P0413,P0035,2026-04-14 19:23,917
C01404,P0227,P0306,2026-01-22 16:49,407
C01405,P0372,P0163,2026-01-19 00:09,719
C01406,P0129,P0472,2026-03-12 14:12,135
C01407,P0119,P0133,2026-02-08 05:40,418
C01408,P0352,P0379,2026-02-27 07:38,1102
C01409,P0110,P0136,2026-06-02 03:43,153
C01410,P0402,P0440,2026-03-24 10:23,98
C01411,P0094,P0065,2026-01-13 00:36,139
C01412,P0394,P0291,2026-02-28 07:48,92
C01413,P0052,P0092,2026-08-19 20:24,598
C01414,P0329,P0348,2026-04-22 15:39,532
C01415,P0381,P0360,2026-08-18 11:14,315
C01416,P0125,P0117,2026-03-12 23:01,904
C01417,P0074,P0022,2026-08-14 22:56,1128
C01418,P0206,P0065,2026-06-07 12:26,875
C01419,P0379,P0375,2026-08-12 10:20,836
C01420,P0414,P0416,2026-04-23 06:36,418
C01421,P0374,P0338,2026-06-15 17:55,856
C01422,P0214,P0226,2026-03-16 03:34,946
C01423,P0477,P0454,2026-04-07 10:35,340
C01424,P0428,P0412,2026-08-01 22:13,810
C01425,P0118,P0148,2026-03-21 12:36,425
C01426,P0280,P0266,2026-03-25 15:20,1106
C01427,P0449,P0019,2026-02-26 02:05,63
C01428,P0022,P0006,2026-06-12 06:47,328
C01429,P0158,P0431,2026-02-12 19:58,666
C01430,P0381,P0372,2026-03-10 09:06,1170
C01431,P0111,P0127,2026-02-18 19:26,344
C01432,P0395,P0368,2026-04-04 21:09,931
C01433,P0009,P0025,2026-08-13 15:10,60
C01434,P0279,P0288,2026-03-15 00:31,1180
C01435,P0256,P0274,2026-02-06 04:39,634
C01436,P0108,P0143,2026-04-21 10:18,190
C01437,P0352,P0390,2026-07-06 11:54,537
C01438,P0234,P0202,2026-08-11 05:03,509
C01439,P0229,P0228,2026-06-02 08:47,958
C01440,P0286,P0253,2026-03-28 19:00,1194
C01441,P0313,P0331,2026-07-13 01:44,573
C01442,P0274,P0283,2026-07-14 22:21,291
C01443,P0369,P0134,2026-04-16 09:17,190
C01444,P0471,P0344,2026-02-26 21:58,672
C01445,P0459,P0059,2026-01-26 04:51,239
C01446,P0124,P0105,2026-03-19 07:49,198
C01447,P0005,P0371,2026-01-24 10:55,164
C01448,P0391,P0372,2026-02-20 03:03,304
C01449,P0062,P0056,2026-02-01 13:50,497
C01450,P0075,P0071,2026-04-16 06:45,1034
C01451,P0131,P0119,2026-01-15 05:32,32
C01452,P0167,P0160,2026-04-23 03:44,175
C01453,P0299,P0265,2026-03-13 20:53,627
C01454,P0441,P0419,2026-04-14 08:52,726
C01455,P0272,P0004,2026-05-10 05:04,146
C01456,P0297,P0254,2026-07-03 21:48,933
C01457,P0071,P0088,2026-06-23 21:38,154
C01458,P0279,P0273,2026-08-12 15:19,1021
C01459,P0165,P0188,2026-03-02 22:22,859
C01460,P0371,P0376,2026-08-28 14:28,332
C01461,P0327,P0302,2026-03-26 10:24,325
C01462,P0028,P0043,2026-03-05 18:11,464
C01463,P0331,P0310,2026-05-11 06:01,1038
C01464,P0236,P0218,2026-04-07 15:38,1042
C01465,P0132,P0143,2026-01-12 03:04,682
C01466,P0469,P0460,2026-04-17 15:51,463
C01467,P0020,P0041,2026-03-11 20:19,898
C01468,P0459,P0484,2026-05-11 23:23,282
C01469,P0355,P0352,2026-08-12 13:15,448
C01470,P0353,P0120,2026-06-21 15:50,594
C01471,P0472,P0495,2026-04-05 10:50,1192
C01472,P0118,P0363,2026-04-27 07:31,1173
C01473,P0021,P0033,2026-02-13 04:39,678
C01474,P0380,P0389,2026-05-03 14:24,415
C01475,P0142,P0365,2026-03-12 01:30,525
C01476,P0021,P0023,2026-08-18 04:50,578
C01477,P0249,P0161,2026-04-27 20:12,266
C01478,P0048,P0013,2026-05-08 12:27,42
C01479,P0160,P0169,2026-01-01 20:41,883
C01480,P0400,P0360,2026-08-21 12:35,341
C01481,P0257,P0268,2026-08-09 06:45,948
C01482,P0459,P0471,2026-01-04 01:55,688
C01483,P0260,P0271,2026-07-18 00:40,909
C01484,P0312,P0321,2026-01-21 09:20,1178
C01485,P0021,P0453,2026-01-24 22:45,290
C01486,P0059,P0060,2026-02-17 05:45,501
C01487,P0273,P0272,2026-02-14 10:48,162
C01488,P0404,P0434,2026-07-21 12:44,337
C01489,P0064,P0079,2026-03-04 08:14,510
C01490,P0402,P0404,2026-04-16 01:02,468
C01491,P0487,P0079,2026-03-17 10:20,813
C01492,P0344,P0203,2026-01-17 09:31,68
C01493,P0336,P0305,2026-01-07 18:02,447
C01494,P0351,P0373,2026-02-19 11:32,356
C01495,P0135,P0101,2026-05-09 17:23,1066
C01496,P0199,P0189,2026-05-11 06:20,553
C01497,P0229,P0202,2026-08-20 20:42,1068
C01498,P0105,P0095,2026-02-02 12:51,238
C01499,P0448,P0106,2026-04-25 18:47,631
C01500,P0346,P0110,2026-05-12 14:03,490
C01501,P0214,P0233,2026-01-10 00:13,390
C01502,P0106,P0256,2026-07-24 10:29,820
C01503,P0132,P0131,2026-05-26 21:54,528
C01504,P0051,P0052,2026-01-28 00:17,20
C01505,P0347,P0337,2026-03-04 01:23,460
C01506,P0348,P0324,2026-02-09 13:41,65
C01507,P0008,P0020,2026-03-09 14:59,439
C01508,P0031,P0012,2026-01-04 02:46,500
C01509,P0495,P0486,2026-05-09 00:44,1173
C01510,P0114,P0105,2026-07-22 12:01,96
C01511,P0377,P0362,2026-01-19 01:42,149
C01512,P0449,P0144,2026-05-24 15:12,567
C01513,P0213,P0216,2026-08-26 00:41,110
C01514,P0428,P0439,2026-07-18 22:31,494
C01515,P0019,P0024,2026-02-20 11:29,987
C01516,P0293,P0274,2026-03-11 23:40,730
C01517,P0476,P0474,2026-08-12 09:09,1032
C01518,P0324,P0328,2026-02-20 08:56,301
C01519,P0292,P0280,2026-08-25 17:55,356
C01520,P0176,P0260,2026-03-20 10:34,346
C01521,P0294,P0072,2026-04-27 22:25,187
C01522,P0451,P0058,2026-01-17 03:36,28
C01523,P0443,P0411,2026-04-22 22:50,705
C01524,P0297,P0274,2026-07-17 21:52,824
C01525,P0298,P0277,2026-02-08 20:41,949
C01526,P0196,P0151,2026-02-16 04:58,167
C01527,P0216,P0249,2026-07-10 06:34,217
C01528,P0098,P0013,2026-01-01 09:07,444
C01529,P0055,P0067,2026-08-04 13:22,845
C01530,P0470,P0472,2026-07-12 06:19,897
C01531,P0391,P0390,2026-01-22 15:02,1043
C01532,P0017,P0045,2026-08-28 12:48,1123
C01533,P0217,P0353,2026-06-22 15:01,798
C01534,P0399,P0356,2026-08-09 17:05,189
C01535,P0080,P0075,2026-06-08 19:30,90
C01536,P0450,P0446,2026-08-07 19:26,214
C01537,P0138,P0144,2026-01-17 14:04,1048
C01538,P0245,P0237,2026-07-26 17:41,119
C01539,P0095,P0084,2026-08-06 14:18,353
C01540,P0472,P0478,2026-02-22 04:53,177
C01541,P0366,P0351,2026-07-25 23:51,381
C01542,P0023,P0155,2026-03-08 10:55,1030
C01543,P0395,P0358,2026-02-06 04:08,1172
C01544,P0374,P0395,2026-07-01 22:33,774
C01545,P0077,P0081,2026-01-09 13:35,884
C01546,P0067,P0093,2026-06-16 12:32,518
C01547,P0449,P0071,2026-02-01 05:05,1188
C01548,P0179,P0193,2026-06-18 08:30,156
C01549,P0337,P0095,2026-07-04 17:02,495
C01550,P0209,P0248,2026-07-01 11:03,1064
C01551,P0058,P0269,2026-05-19 16:00,641
C01552,P0071,P0164,2026-04-28 15:51,457
C01553,P0381,P0364,2026-02-06 12:35,1128
C01554,P0037,P0075,2026-03-28 16:09,159
C01555,P0087,P0061,2026-04-21 13:53,760
C01556,P0424,P0135,2026-07-02 13:02,676
C01557,P0015,P0099,2026-06-13 14:38,480
C01558,P0066,P0246,2026-07-21 20:10,514
C01559,P0232,P0250,2026-02-14 19:01,874
C01560,P0096,P0100,2026-03-25 20:02,776
C01561,P0230,P0242,2026-06-10 17:38,689
C01562,P0438,P0486,2026-08-17 15:24,1167
C01563,P0310,P0307,2026-03-16 10:05,1022
C01564,P0273,P0265,2026-02-09 20:17,575
C01565,P0305,P0263,2026-04-11 10:58,510
C01566,P0270,P0263,2026-06-17 21:26,590
C01567,P0343,P0313,2026-03-26 22:18,409
C01568,P0296,P0285,2026-06-07 14:37,1085
C01569,P0241,P0216,2026-04-20 20:53,710
C01570,P0374,P0366,2026-07-16 22:17,1183
C01571,P0260,P0267,2026-02-09 03:24,1147
C01572,P0002,P0035,2026-04-26 08:59,1033
C01573,P0438,P0418,2026-07-07 08:03,895
C01574,P0389,P0357,2026-08-14 12:20,264
C01575,P0074,P0099,2026-01-02 02:17,240
C01576,P0209,P0207,2026-07-07 01:57,1180
C01577,P0072,P0090,2026-05-10 13:15,492
C01578,P0487,P0499,2026-05-18 11:53,504
C01579,P0438,P0421,2026-04-06 12:13,1129
C01580,P0106,P0137,2026-05-26 15:07,215
C01581,P0315,P0316,2026-08-20 05:57,375
C01582,P0144,P0055,2026-01-08 21:19,911
C01583,P0475,P0479,2026-04-08 03:54,187
C01584,P0379,P0360,2026-07-28 19:48,798
C01585,P0214,P0244,2026-08-14 16:21,679
C01586,P0440,P0425,2026-08-20 06:23,315
C01587,P0495,P0494,2026-07-06 12:13,466
C01588,P0318,P0316,2026-05-08 12:38,981
C01589,P0352,P0479,2026-04-21 22:04,946
C01590,P0025,P0037,2026-06-12 12:01,1025
C01591,P0378,P0356,2026-07-09 11:14,571
C01592,P0231,P0211,2026-03-08 18:41,1079
C01593,P0153,P0175,2026-06-02 07:05,345
C01594,P0404,P0417,2026-02-17 08:28,325
C01595,P0318,P0312,2026-04-14 09:10,1086
C01596,P0090,P0054,2026-03-10 17:30,886
C01597,P0121,P0009,2026-04-20 22:04,157
C01598,P0138,P0419,2026-03-18 03:49,967
C01599,P0297,P0262,2026-03-18 05:15,37
C01600,P0150,P0118,2026-01-17 16:57,136
C01601,P0104,P0131,2026-03-28 04:15,772
C01602,P0230,P0216,2026-08-06 22:07,528
C01603,P0499,P0453,2026-02-13 04:00,608
C01604,P0394,P0399,2026-07-18 17:46,847
C01605,P0239,P0493,2026-06-26 19:36,849
C01606,P0269,P0480,2026-07-06 16:54,1043
C01607,P0014,P0005,2026-06-27 09:07,864
C01608,P0224,P0202,2026-06-16 06:48,52
C01609,P0129,P0138,2026-03-21 09:25,520
C01610,P0179,P0167,2026-08-13 14:45,972
C01611,P0180,P0159,2026-07-02 07:09,227
C01612,P0023,P0030,2026-07-21 13:04,622
C01613,P0436,P0431,2026-01-28 15:04,741
C01614,P0233,P0211,2026-01-04 04:47,1170
C01615,P0033,P0014,2026-06-01 14:25,704
C01616,P0236,P0178,2026-06-10 11:03,1078
C01617,P0399,P0382,2026-07-25 16:02,1142
C01618,P0290,P0260,2026-02-05 12:21,920
C01619,P0326,P0137,2026-03-05 06:05,806
C01620,P0153,P0170,2026-01-05 06:26,1185
C01621,P0128,P0136,2026-05-07 00:04,354
C01622,P0136,P0373,2026-08-26 02:14,979
C01623,P0085,P0474,2026-08-04 02:42,961
C01624,P0176,P0316,2026-06-28 15:16,1163
C01625,P0291,P0293,2026-06-17 04:42,1085
C01626,P0500,P0466,2026-04-27 00:27,1009
C01627,P0420,P0432,2026-07-02 18:19,547
C01628,P0136,P0115,2026-04-08 14:57,333
C01629,P0358,P0278,2026-06-14 23:25,878
C01630,P0206,P0216,2026-03-20 15:59,155
C01631,P0475,P0456,2026-01-14 12:52,905
C01632,P0352,P0372,2026-06-04 09:15,1016
C01633,P0252,P0476,2026-07-19 06:25,900
C01634,P0147,P0125,2026-03-11 05:38,689
C01635,P0057,P0056,2026-02-26 23:00,327
C01636,P0356,P0395,2026-03-02 00:30,383
C01637,P0224,P0244,2026-06-22 18:05,102
C01638,P0222,P0207,2026-01-19 02:02,20
C01639,P0099,P0405,2026-03-13 15:06,567
C01640,P0484,P0455,2026-05-05 02:29,552
C01641,P0407,P0432,2026-04-23 09:02,825
C01642,P0341,P0084,2026-08-26 14:22,1062
C01643,P0327,P0316,2026-05-22 10:13,512
C01644,P0103,P0106,2026-01-19 03:09,240
C01645,P0065,P0077,2026-02-10 10:44,675
C01646,P0378,P0377,2026-02-21 21:42,1150
C01647,P0155,P0480,2026-04-16 20:02,765
C01648,P0173,P0155,2026-01-02 08:24,402
C01649,P0238,P0338,2026-07-26 22:55,682
C01650,P0298,P0296,2026-07-22 10:58,1180
C01651,P0095,P0004,2026-03-09 13:05,1017
C01652,P0172,P0076,2026-01-05 07:32,1034
C01653,P0465,P0104,2026-03-14 01:49,38
C01654,P0290,P0274,2026-06-01 03:30,1046
C01655,P0122,P0144,2026-05-17 12:56,1102
C01656,P0314,P0475,2026-04-14 23:51,100
C01657,P0486,P0469,2026-08-02 09:21,56
C01658,P0081,P0077,2026-08-20 18:14,665
C01659,P0115,P0231,2026-05-10 20:54,99
C01660,P0343,P0464,2026-05-13 08:00,1106
C01661,P0179,P0166,2026-07-01 13:03,175
C01662,P0141,P0275,2026-07-01 16:55,647
C01663,P0340,P0027,2026-08-19 06:34,1151
C01664,P0066,P0075,2026-06-06 17:41,430
C01665,P0306,P0322,2026-04-16 00:06,285
C01666,P0375,P0133,2026-03-22 09:42,546
C01667,P0314,P0347,2026-03-12 03:48,611
C01668,P0445,P0436,2026-02-03 04:55,268
C01669,P0002,P0489,2026-04-03 08:11,252
C01670,P0173,P0063,2026-08-17 03:30,589
C01671,P0183,P0404,2026-02-12 05:24,407
C01672,P0247,P0202,2026-02-03 05:09,720
C01673,P0413,P0431,2026-06-01 10:54,817
C01674,P0222,P0054,2026-07-07 05:12,1010
C01675,P0383,P0358,2026-02-24 07:53,1032
C01676,P0375,P0371,2026-06-07 01:02,947
C01677,P0473,P0452,2026-06-21 10:26,35
C01678,P0442,P0238,2026-02-05 03:38,1086
C01679,P0088,P0059,2026-08-16 17:35,717
C01680,P0041,P0021,2026-04-10 17:52,891
C01681,P0054,P0070,2026-03-23 08:52,797
C01682,P0144,P0175,2026-07-03 16:23,173
C01683,P0227,P0202,2026-01-10 10:11,210
C01684,P0477,P0269,2026-02-12 03:06,561
C01685,P0163,P0455,2026-02-06 18:13,181
C01686,P0220,P0249,2026-02-26 22:35,1138
C01687,P0443,P0420,2026-02-13 01:19,880
C01688,P0268,P0298,2026-01-05 02:06,28
C01689,P0353,P0381,2026-06-13 17:06,561
C01690,P0416,P0406,2026-06-06 05:41,1185
C01691,P0091,P0052,2026-08-07 23:45,279
C01692,P0416,P0427,2026-01-22 16:56,579
C01693,P0182,P0186,2026-04-02 13:13,815
C01694,P0419,P0423,2026-03-13 18:26,609
C01695,P0458,P0496,2026-07-09 20:38,1039
C01696,P0076,P0088,2026-04-24 08:44,282
C01697,P0458,P0493,2026-04-05 22:02,492
C01698,P0382,P0024,2026-02-22 12:08,466
C01699,P0087,P0051,2026-04-23 03:53,48
C01700,P0264,P0279,2026-03-05 23:41,272
C01701,P0167,P0211,2026-07-22 16:43,583
C01702,P0191,P0160,2026-04-13 11:12,517
C01703,P0228,P0204,2026-05-01 13:29,344
C01704,P0048,P0030,2026-05-07 13:07,608
C01705,P0212,P0228,2026-01-16 16:04,950
C01706,P0179,P0163,2026-05-27 15:24,572
C01707,P0179,P0159,2026-01-25 07:41,1015
C01708,P0433,P0442,2026-03-04 08:46,779
C01709,P0068,P0093,2026-05-24 12:01,148
C01710,P0066,P0069,2026-05-26 07:48,1158
C01711,P0295,P0410,2026-03-21 15:33,26
C01712,P0021,P0050,2026-07-19 10:00,1005
C01713,P0097,P0070,2026-07-09 22:51,576
C01714,P0343,P0339,2026-06-04 12:30,421
C01715,P0167,P0024,2026-06-12 15:48,513
C01716,P0365,P0378,2026-01-23 02:06,1177
C01717,P0119,P0211,2026-01-07 14:26,1115
C01718,P0038,P0053,2026-08-23 04:14,459
C01719,P0053,P0067,2026-01-19 13:07,594
C01720,P0364,P0356,2026-06-08 19:07,211
C01721,P0406,P0307,2026-04-02 15:44,587
C01722,P0032,P0014,2026-07-11 03:05,1051
C01723,P0468,P0451,2026-07-23 11:59,750
C01724,P0285,P0357,2026-03-01 23:06,1190
C01725,P0213,P0212,2026-03-08 23:02,387
C01726,P0163,P0159,2026-05-15 01:42,940
C01727,P0103,P0108,2026-04-12 20:48,633
C01728,P0222,P0079,2026-02-27 05:30,794
C01729,P0253,P0285,2026-03-22 13:06,193
C01730,P0109,P0038,2026-03-14 03:27,489
C01731,P0118,P0146,2026-06-15 05:53,1111
C01732,P0179,P0178,2026-03-20 14:17,666
C01733,P0197,P0200,2026-01-07 12:18,789
C01734,P0239,P0475,2026-02-28 18:07,279
C01735,P0118,P0378,2026-02-18 15:25,296
C01736,P0135,P0115,2026-03-08 01:32,1133
C01737,P0124,P0276,2026-02-11 16:34,211
C01738,P0286,P0259,2026-03-02 13:31,440
C01739,P0195,P0191,2026-02-17 04:39,925
C01740,P0406,P0448,2026-06-15 05:43,585
C01741,P0173,P0016,2026-01-25 00:49,75
C01742,P0354,P0013,2026-01-03 10:10,186
C01743,P0181,P0157,2026-08-26 17:41,780
C01744,P0452,P0497,2026-03-12 10:24,255
C01745,P0259,P0331,2026-05-25 09:16,346
C01746,P0139,P0143,2026-08-10 15:33,176
C01747,P0233,P0240,2026-01-11 12:30,102
C01748,P0352,P0353,2026-01-01 21:16,523
C01749,P0256,P0274,2026-05-17 04:25,793
C01750,P0177,P0160,2026-05-17 07:20,776
C01751,P0270,P0261,2026-07-24 01:35,100
C01752,P0027,P0014,2026-04-14 19:54,1163
C01753,P0252,P0300,2026-03-05 02:03,568
C01754,P0476,P0063,2026-07-09 16:07,1158
C01755,P0379,P0003,2026-05-21 23:16,383
C01756,P0382,P0366,2026-04-13 22:48,404
C01757,P0076,P0068,2026-04-05 21:04,309
C01758,P0494,P0469,2026-03-17 18:41,649
C01759,P0102,P0116,2026-07-25 22:08,774
C01760,P0433,P0271,2026-07-07 03:19,535
C01761,P0025,P0019,2026-07-06 11:48,785
C01762,P0444,P0448,2026-01-06 12:50,489
C01763,P0189,P0175,2026-03-10 06:55,67
C01764,P0375,P0370,2026-07-26 08:55,615
C01765,P0433,P0402,2026-04-24 03:23,514
C01766,P0434,P0412,2026-05-11 23:08,973
C01767,P0044,P0045,2026-06-02 09:43,137
C01768,P0150,P0123,2026-04-07 06:48,747
C01769,P0417,P0438,2026-06-23 03:25,474
C01770,P0413,P0053,2026-02-04 22:38,951
C01771,P0085,P0054,2026-04-08 18:05,425
C01772,P0126,P0142,2026-06-08 01:56,852
C01773,P0371,P0040,2026-02-25 19:48,1054
C01774,P0275,P0257,2026-08-17 13:49,1151
C01775,P0269,P0457,2026-01-01 05:13,74
C01776,P0016,P0301,2026-02-11 13:07,1145
C01777,P0484,P0451,2026-04-23 12:21,987
C01778,P0367,P0397,2026-05-27 19:07,870
C01779,P0452,P0318,2026-04-13 11:39,728
C01780,P0005,P0020,2026-02-26 03:55,1097
C01781,P0469,P0457,2026-05-08 07:25,1105
C01782,P0038,P0009,2026-07-07 05:52,342
C01783,P0311,P0309,2026-03-03 07:28,583
C01784,P0305,P0306,2026-05-02 22:47,622
C01785,P0427,P0448,2026-01-27 11:40,63
C01786,P0173,P0122,2026-08-13 13:27,114
C01787,P0058,P0098,2026-03-14 00:02,415
C01788,P0029,P0267,2026-04-12 12:25,201
C01789,P0391,P0014,2026-07-05 21:29,168
C01790,P0157,P0162,2026-04-09 10:22,126
C01791,P0261,P0282,2026-03-14 18:06,1014
C01792,P0378,P0399,2026-03-20 06:33,560
C01793,P0008,P0016,2026-05-18 00:50,1100
C01794,P0400,P0100,2026-06-10 07:30,1146
C01795,P0271,P0070,2026-07-02 06:14,786
C01796,P0054,P0057,2026-06-15 22:44,56
C01797,P0033,P0024,2026-02-26 09:18,1195
C01798,P0046,P0029,2026-05-19 05:25,1193
C01799,P0350,P0340,2026-07-28 21:18,1151
C01800,P0498,P0497,2026-08-03 16:18,317
C01801,P0288,P0275,2026-04-05 10:36,230
C01802,P0420,P0437,2026-04-06 06:06,398
C01803,P0414,P0420,2026-04-10 04:49,900
C01804,P0404,P0427,2026-01-18 15:09,835
C01805,P0399,P0377,2026-01-21 14:11,462
C01806,P0184,P0189,2026-04-11 21:42,760
C01807,P0409,P0443,2026-01-27 09:52,26
C01808,P0492,P0209,2026-02-05 22:36,909
C01809,P0410,P0426,2026-06-18 21:09,909
C01810,P0086,P0075,2026-07-12 13:40,169
C01811,P0111,P0008,2026-08-26 13:06,318
C01812,P0414,P0271,2026-06-19 10:59,266
C01813,P0200,P0168,2026-07-18 04:15,656
C01814,P0140,P0321,2026-01-28 00:53,356
C01815,P0151,P0193,2026-07-20 12:58,817
C01816,P0008,P0049,2026-07-17 06:04,186
C01817,P0472,P0452,2026-01-03 12:33,134
C01818,P0206,P0219,2026-02-28 23:20,131
C01819,P0141,P0134,2026-04-28 18:28,862
C01820,P0047,P0024,2026-04-21 08:17,54
C01821,P0226,P0227,2026-05-13 05:03,939
C01822,P0372,P0207,2026-07-22 04:38,300
C01823,P0406,P0448,2026-08-24 20:52,991
C01824,P0473,P0025,2026-03-19 22:59,156
C01825,P0135,P0012,2026-07-17 21:34,558
C01826,P0163,P0180,2026-04-03 04:59,663
C01827,P0113,P0123,2026-07-04 14:34,182
C01828,P0161,P0194,2026-02-03 19:10,20
C01829,P0199,P0178,2026-04-27 16:42,670
C01830,P0385,P0387,2026-06-13 03:12,466
C01831,P0419,P0420,2026-05-19 01:46,365
C01832,P0166,P0025,2026-03-28 12:18,1065
C01833,P0078,P0068,2026-05-02 07:28,439
C01834,P0076,P0081,2026-02-05 14:47,1043
C01835,P0112,P0105,2026-01-27 05:40,208
C01836,P0458,P0421,2026-03-04 20:12,554
C01837,P0311,P0337,2026-06-24 15:50,916
C01838,P0315,P0335,2026-04-04 16:11,1133
C01839,P0277,P0252,2026-06-08 18:48,940
C01840,P0012,P0253,2026-07-13 21:59,263
C01841,P0026,P0032,2026-04-13 16:49,320
C01842,P0008,P0187,2026-01-13 17:09,192
C01843,P0112,P0115,2026-06-11 21:10,196
C01844,P0348,P0448,2026-06-01 10:34,936
C01845,P0352,P0136,2026-07-19 04:46,169
C01846,P0105,P0137,2026-03-11 18:25,955
C01847,P0489,P0021,2026-05-08 13:39,1129
C01848,P0402,P0411,2026-03-02 10:51,89
C01849,P0355,P0374,2026-04-22 17:27,533
C01850,P0242,P0209,2026-05-20 10:54,1068
C01851,P0092,P0056,2026-05-12 14:40,1137
C01852,P0045,P0042,2026-08-03 11:59,386
C01853,P0426,P0429,2026-07-16 06:34,402
C01854,P0479,P0468,2026-07-25 02:39,150
C01855,P0382,P0390,2026-08-13 17:09,1196
C01856,P0259,P0255,2026-03-27 04:20,1077
C01857,P0398,P0353,2026-06-22 16:00,836
C01858,P0174,P0154,2026-05-01 21:57,758
C01859,P0200,P0196,2026-06-22 14:36,98
C01860,P0061,P0068,2026-03-25 23:21,787
C01861,P0134,P0126,2026-08-19 12:12,307
C01862,P0469,P0462,2026-04-21 04:43,1110
C01863,P0434,P0138,2026-07-27 07:55,418
C01864,P0457,P0472,2026-07-06 08:05,691
C01865,P0297,P0281,2026-03-11 12:10,1198
C01866,P0465,P0495,2026-04-11 16:38,777
C01867,P0407,P0436,2026-07-12 11:01,1022
C01868,P0336,P0321,2026-01-20 10:48,1018
C01869,P0148,P0423,2026-05-08 00:12,647
C01870,P0094,P0083,2026-02-27 03:58,1005
C01871,P0104,P0113,2026-06-19 07:17,97
C01872,P0264,P0276,2026-05-03 10:18,949
C01873,P0263,P0257,2026-04-24 05:23,459
C01874,P0244,P0373,2026-02-08 13:28,669
C01875,P0468,P0460,2026-02-10 02:02,744
C01876,P0340,P0334,2026-02-23 18:33,988
C01877,P0497,P0459,2026-08-01 08:23,285
C01878,P0434,P0436,2026-06-13 05:56,300
C01879,P0286,P0415,2026-07-14 01:20,1057
C01880,P0385,P0379,2026-05-10 05:08,1029
C01881,P0422,P0448,2026-05-18 20:21,884
C01882,P0408,P0444,2026-06-26 22:53,609
C01883,P0120,P0140,2026-02-03 22:27,700
C01884,P0003,P0010,2026-05-12 20:14,495
C01885,P0159,P0192,2026-02-26 10:55,669
C01886,P0021,P0022,2026-08-02 16:13,891
C01887,P0144,P0107,2026-05-10 09:54,1084
C01888,P0325,P0338,2026-08-05 15:54,474
C01889,P0397,P0369,2026-07-05 23:00,285
C01890,P0448,P0446,2026-03-12 09:13,162
C01891,P0146,P0135,2026-02-24 04:12,148
C01892,P0460,P0492,2026-01-21 09:39,209
C01893,P0006,P0034,2026-04-14 08:31,347
C01894,P0430,P0423,2026-01-18 05:49,985
C01895,P0093,P0080,2026-03-26 05:57,736
C01896,P0267,P0298,2026-06-18 20:17,1010
C01897,P0137,P0103,2026-06-05 19:05,1066
C01898,P0438,P0343,2026-08-13 21:35,513
C01899,P0201,P0028,2026-03-23 14:07,980
C01900,P0394,P0364,2026-04-15 22:46,464
C01901,P0336,P0299,2026-03-27 00:20,392
C01902,P0487,P0490,2026-04-24 13:56,370
C01903,P0376,P0219,2026-06-22 18:04,640
C01904,P0410,P0416,2026-03-11 20:23,520
C01905,P0439,P0458,2026-04-11 17:19,566
C01906,P0397,P0392,2026-08-24 23:56,1029
C01907,P0319,P0316,2026-01-19 10:16,539
C01908,P0390,P0396,2026-02-06 14:38,918
C01909,P0462,P0479,2026-02-06 01:21,524
C01910,P0480,P0499,2026-08-24 03:13,1024
C01911,P0259,P0288,2026-04-05 04:01,221
C01912,P0276,P0297,2026-01-18 06:11,97
C01913,P0136,P0390,2026-08-20 21:56,973
C01914,P0437,P0429,2026-06-22 06:44,782
C01915,P0262,P0266,2026-07-02 01:12,55
C01916,P0216,P0225,2026-02-27 18:54,1195
C01917,P0355,P0373,2026-03-07 23:36,211
C01918,P0142,P0137,2026-03-25 23:37,733
C01919,P0070,P0063,2026-08-09 20:55,1067
C01920,P0463,P0451,2026-07-16 02:13,1043
C01921,P0060,P0076,2026-01-21 04:46,330
C01922,P0108,P0144,2026-08-14 14:48,305
C01923,P0500,P0498,2026-02-04 03:24,844
C01924,P0103,P0108,2026-01-15 04:46,722
C01925,P0449,P0429,2026-04-07 19:47,458
C01926,P0463,P0478,2026-07-11 06:34,47
C01927,P0392,P0393,2026-05-25 16:06,326
C01928,P0145,P0091,2026-02-03 09:01,1163
C01929,P0409,P0422,2026-01-19 21:20,295
C01930,P0225,P0209,2026-01-27 18:12,771
C01931,P0180,P0370,2026-07-27 02:51,22
C01932,P0110,P0367,2026-06-05 22:37,1036
C01933,P0398,P0050,2026-04-15 03:09,584
C01934,P0286,P0271,2026-06-13 09:48,286
C01935,P0017,P0005,2026-03-01 04:30,130
C01936,P0290,P0261,2026-08-08 17:31,589
C01937,P0490,P0454,2026-08-24 23:05,903
C01938,P0452,P0477,2026-04-05 04:55,596
C01939,P0072,P0071,2026-05-28 05:52,35
C01940,P0203,P0216,2026-01-04 00:39,763
C01941,P0208,P0490,2026-08-19 20:28,774
C01942,P0240,P0205,2026-06-15 18:43,732
C01943,P0312,P0316,2026-05-16 03:08,534
C01944,P0008,P0003,2026-01-25 03:51,1073
C01945,P0152,P0198,2026-07-18 07:06,940
C01946,P0082,P0061,2026-07-17 01:34,46
C01947,P0279,P0257,2026-03-19 00:55,241
C01948,P0361,P0032,2026-08-03 06:32,106
C01949,P0066,P0054,2026-08-23 07:21,183
C01950,P0417,P0446,2026-05-12 16:17,1027
C01951,P0312,P0308,2026-04-01 00:36,911
C01952,P0434,P0444,2026-06-15 13:45,899
C01953,P0352,P0364,2026-02-18 00:21,427
C01954,P0412,P0447,2026-04-20 12:10,920
C01955,P0430,P0224,2026-07-14 04:05,743
C01956,P0416,P0409,2026-08-01 01:03,564
C01957,P0307,P0320,2026-06-21 18:01,158
C01958,P0026,P0229,2026-08-22 14:07,536
C01959,P0238,P0216,2026-02-27 22:36,572
C01960,P0266,P0293,2026-02-11 05:02,543
C01961,P0403,P0438,2026-05-21 19:52,1037
C01962,P0203,P0402,2026-08-21 07:41,153
C01963,P0479,P0494,2026-02-27 13:24,1159
C01964,P0053,P0211,2026-07-04 04:13,1013
C01965,P0032,P0031,2026-05-08 07:53,376
C01966,P0224,P0094,2026-04-24 22:32,612
C01967,P0090,P0079,2026-01-03 22:52,560
C01968,P0343,P0309,2026-01-07 14:03,1075
C01969,P0411,P0407,2026-02-14 01:53,344
C01970,P0041,P0043,2026-05-04 17:51,191
C01971,P0487,P0483,2026-08-05 03:05,930
C01972,P0375,P0429,2026-05-22 16:01,164
C01973,P0476,P0205,2026-05-10 17:08,349
C01974,P0232,P0485,2026-06-17 16:47,497
C01975,P0383,P0374,2026-08-01 17:11,146
C01976,P0133,P0277,2026-01-14 15:20,989
C01977,P0113,P0125,2026-02-10 19:25,207
C01978,P0343,P0044,2026-03-17 15:43,573
C01979,P0308,P0344,2026-07-18 16:09,968
C01980,P0201,P0297,2026-08-22 20:03,567
C01981,P0265,P0296,2026-02-09 02:50,887
C01982,P0303,P0332,2026-04-06 15:18,1152
C01983,P0297,P0275,2026-06-04 14:37,835
C01984,P0039,P0027,2026-05-27 19:24,805
C01985,P0240,P0228,2026-01-09 14:32,659
C01986,P0351,P0360,2026-06-04 12:09,347
C01987,P0183,P0297,2026-04-27 20:26,583
C01988,P0101,P0133,2026-04-09 17:25,1110
C01989,P0190,P0153,2026-07-05 08:25,1002
C01990,P0429,P0439,2026-02-14 00:39,149
C01991,P0064,P0058,2026-04-12 21:48,354
C01992,P0448,P0105,2026-07-04 07:13,993
C01993,P0022,P0012,2026-04-02 08:20,1159
C01994,P0322,P0350,2026-01-06 11:58,590
C01995,P0254,P0075,2026-05-04 19:06,898
C01996,P0013,P0045,2026-05-09 00:50,1181
C01997,P0081,P0099,2026-08-24 02:49,1076
C01998,P0239,P0235,2026-01-18 17:58,25
C01999,P0237,P0427,2026-03-04 08:05,926
C02000,P0407,P0415,2026-06-20 05:58,827
C02001,P0235,P0228,2026-04-23 18:25,1145
C02002,P0425,P0437,2026-05-23 02:20,716
C02003,P0293,P0254,2026-02-04 19:08,389
C02004,P0374,P0366,2026-07-23 01:22,252
C02005,P0078,P0094,2026-01-08 19:34,1157
C02006,P0107,P0216,2026-06-08 13:45,277
C02007,P0467,P0471,2026-06-20 01:24,1014
C02008,P0039,P0042,2026-05-26 04:19,1106
C02009,P0129,P0092,2026-01-10 12:24,581
C02010,P0380,P0442,2026-07-14 15:26,122
C02011,P0317,P0311,2026-01-27 09:20,887
C02012,P0251,P0388,2026-08-11 17:57,79
C02013,P0250,P0221,2026-04-07 16:51,79
C02014,P0174,P0167,2026-07-13 04:54,397
C02015,P0173,P0359,2026-05-02 03:25,704
C02016,P0265,P0254,2026-01-23 21:27,348
C02017,P0061,P0090,2026-03-10 05:48,945
C02018,P0395,P0393,2026-08-10 12:08,667
C02019,P0302,P0307,2026-02-06 08:45,224
C02020,P0417,P0435,2026-07-02 00:48,1119
C02021,P0388,P0384,2026-07-16 22:31,1164
C02022,P0062,P0087,2026-06-15 00:59,579
C02023,P0317,P0311,2026-07-03 04:46,247
C02024,P0028,P0105,2026-05-08 23:48,1000
C02025,P0323,P0345,2026-07-28 17:03,964
C02026,P0124,P0117,2026-03-10 04:07,1161
C02027,P0183,P0171,2026-05-12 08:03,84
C02028,P0317,P0320,2026-06-10 20:29,713
C02029,P0446,P0101,2026-02-04 04:12,335
C02030,P0230,P0147,2026-08-22 19:46,193
C02031,P0349,P0314,2026-04-22 09:41,360
C02032,P0013,P0036,2026-07-22 05:52,169
C02033,P0182,P0366,2026-01-21 17:03,157
C02034,P0316,P0303,2026-05-11 22:40,418
C02035,P0465,P0471,2026-03-09 19:57,489
C02036,P0170,P0151,2026-01-28 22:50,232
C02037,P0329,P0331,2026-05-17 02:53,890
C02038,P0118,P0117,2026-05-22 11:16,556
C02039,P0414,P0435,2026-06-23 02:30,465
C02040,P0407,P0401,2026-06-08 20:38,272
C02041,P0383,P0393,2026-05-28 17:47,810
C02042,P0291,P0297,2026-07-19 16:32,337
C02043,P0392,P0354,2026-01-10 10:30,292
C02044,P0054,P0141,2026-08-22 04:16,791
C02045,P0097,P0089,2026-07-23 08:11,568
C02046,P0186,P0192,2026-04-19 14:10,1087
C02047,P0457,P0460,2026-02-21 21:35,1043
C02048,P0137,P0114,2026-03-17 16:59,121
C02049,P0414,P0411,2026-03-04 01:52,259
C02050,P0162,P0151,2026-01-03 22:33,810
C02051,P0308,P0303,2026-01-17 20:38,1163
C02052,P0347,P0247,2026-07-04 00:35,191
C02053,P0097,P0191,2026-07-26 02:18,146
C02054,P0121,P0460,2026-05-11 20:15,194
C02055,P0031,P0018,2026-07-26 17:41,303
C02056,P0227,P0238,2026-06-27 21:50,220
C02057,P0197,P0200,2026-01-15 12:58,393
C02058,P0222,P0248,2026-07-15 02:21,60
C02059,P0024,P0224,2026-07-22 12:27,570
C02060,P0042,P0026,2026-06-10 02:45,204
C02061,P0169,P0151,2026-08-18 10:06,836
C02062,P0468,P0500,2026-08-02 16:39,50
C02063,P0449,P0413,2026-07-14 17:12,622
C02064,P0335,P0347,2026-07-06 12:38,960
C02065,P0271,P0120,2026-07-18 17:33,1178
C02066,P0444,P0443,2026-08-26 19:04,765
C02067,P0478,P0462,2026-06-15 02:36,950
C02068,P0012,P0355,2026-04-05 00:05,291
C02069,P0280,P0291,2026-03-13 00:19,181
C02070,P0049,P0037,2026-06-05 02:50,964
C02071,P0421,P0408,2026-08-16 14:18,204
C02072,P0132,P0119,2026-07-20 05:50,172
C02073,P0410,P0418,2026-02-20 22:37,844
C02074,P0224,P0137,2026-03-06 04:38,997
C02075,P0455,P0479,2026-01-26 22:56,561
C02076,P0188,P0137,2026-03-04 17:22,621
C02077,P0021,P0028,2026-03-01 18:09,278
C02078,P0188,P0255,2026-01-23 18:01,121
C02079,P0315,P0346,2026-06-14 08:03,960
C02080,P0118,P0131,2026-03-17 05:58,1166
C02081,P0201,P0204,2026-02-16 16:41,1078
C02082,P0246,P0229,2026-04-03 04:26,168
C02083,P0450,P0424,2026-01-16 02:03,739
C02084,P0329,P0358,2026-01-03 03:36,781
C02085,P0313,P0092,2026-08-26 03:52,196
C02086,P0306,P0348,2026-01-24 11:14,922
C02087,P0459,P0463,2026-01-02 14:04,901
C02088,P0001,P0031,2026-05-23 20:05,1052
C02089,P0236,P0246,2026-06-23 09:14,308
C02090,P0268,P0240,2026-07-19 17:36,456
C02091,P0212,P0177,2026-03-20 08:17,987
C02092,P0212,P0429,2026-02-20 23:32,309
C02093,P0104,P0413,2026-05-26 17:05,456
C02094,P0372,P0397,2026-02-02 08:21,112
C02095,P0443,P0440,2026-07-08 21:11,160
C02096,P0214,P0247,2026-06-15 08:33,515
C02097,P0127,P0134,2026-01-13 08:34,911
C02098,P0329,P0313,2026-04-23 08:57,633
C02099,P0258,P0100,2026-05-06 10:51,486
C02100,P0226,P0209,2026-01-11 10:03,932
C02101,P0475,P0142,2026-01-13 11:28,707
C02102,P0276,P0261,2026-04-19 05:46,39
C02103,P0422,P0450,2026-06-04 01:31,653
C02104,P0342,P0308,2026-02-08 03:05,225
C02105,P0425,P0407,2026-01-05 10:51,624
C02106,P0394,P0375,2026-01-22 22:11,364
C02107,P0346,P0340,2026-06-08 10:52,568
C02108,P0094,P0062,2026-01-03 21:08,393
C02109,P0287,P0273,2026-01-01 05:55,875
C02110,P0359,P0471,2026-01-03 10:07,710
C02111,P0123,P0142,2026-05-15 20:56,715
C02112,P0203,P0232,2026-02-25 14:45,411
C02113,P0238,P0305,2026-01-12 22:47,769
C02114,P0193,P0199,2026-02-02 00:25,609
C02115,P0319,P0111,2026-05-25 23:00,436
C02116,P0458,P0451,2026-05-12 04:02,459
C02117,P0440,P0445,2026-05-03 02:34,634
C02118,P0065,P0092,2026-06-20 19:57,376
C02119,P0184,P0178,2026-04-12 21:36,717
C02120,P0275,P0255,2026-01-02 13:31,1186
C02121,P0007,P0330,2026-01-13 18:27,1141
C02122,P0425,P0446,2026-08-16 08:02,514
C02123,P0257,P0137,2026-03-23 06:42,416
C02124,P0220,P0238,2026-06-28 07:01,25
C02125,P0375,P0399,2026-03-11 10:00,466
C02126,P0251,P0255,2026-08-07 12:20,542
C02127,P0312,P0319,2026-02-15 17:16,396
C02128,P0143,P0137,2026-03-08 07:19,697
C02129,P0036,P0008,2026-01-19 01:41,883
C02130,P0024,P0183,2026-04-01 20:48,1127
C02131,P0333,P0317,2026-04-01 04:56,258
C02132,P0329,P0315,2026-03-20 00:18,705
C02133,P0473,P0467,2026-08-11 18:35,1132
C02134,P0462,P0456,2026-03-19 23:37,887
C02135,P0303,P0315,2026-04-14 21:51,386
C02136,P0453,P0356,2026-03-15 11:22,1086
C02137,P0230,P0202,2026-03-01 14:07,206
C02138,P0432,P0083,2026-04-23 17:00,390
C02139,P0107,P0142,2026-03-03 11:58,1094
C02140,P0268,P0294,2026-08-24 00:43,769
C02141,P0307,P0350,2026-02-17 13:13,1116
C02142,P0436,P0406,2026-06-19 23:29,983
C02143,P0075,P0086,2026-01-23 01:48,715
C02144,P0246,P0274,2026-04-03 17:24,336
C02145,P0481,P0462,2026-05-11 09:55,129
C02146,P0409,P0411,2026-08-06 00:03,383
C02147,P0469,P0485,2026-03-21 07:08,338
C02148,P0068,P0082,2026-05-21 06:46,289
C02149,P0441,P0269,2026-02-03 13:23,421
C02150,P0148,P0141,2026-01-05 01:40,445
C02151,P0142,P0480,2026-03-08 04:08,918
C02152,P0145,P0107,2026-04-12 22:12,104
C02153,P0389,P0067,2026-02-14 10:56,116
C02154,P0313,P0301,2026-01-12 22:50,492
C02155,P0226,P0234,2026-08-12 12:57,216
C02156,P0159,P0200,2026-02-22 00:41,351
C02157,P0046,P0213,2026-02-16 09:24,103
C02158,P0082,P0299,2026-04-04 00:16,527
C02159,P0380,P0278,2026-05-03 19:24,822
C02160,P0456,P0463,2026-02-14 15:00,1046
C02161,P0336,P0324,2026-07-27 12:29,103
C02162,P0310,P0306,2026-07-12 11:03,640
C02163,P0220,P0242,2026-01-15 13:25,422
C02164,P0500,P0463,2026-04-19 13:22,37
C02165,P0475,P0461,2026-08-07 04:54,365
C02166,P0308,P0306,2026-05-05 08:13,861
C02167,P0292,P0286,2026-06-09 21:09,227
C02168,P0441,P0403,2026-08-20 21:39,220
C02169,P0477,P0209,2026-03-21 07:46,657
C02170,P0365,P0044,2026-07-09 07:12,1166
C02171,P0159,P0197,2026-05-15 05:56,768
C02172,P0285,P0266,2026-04-08 08:12,91
C02173,P0124,P0040,2026-02-23 11:54,1103
C02174,P0024,P0047,2026-05-12 14:49,819
C02175,P0289,P0346,2026-05-16 10:50,948
C02176,P0247,P0250,2026-06-07 11:15,914
C02177,P0368,P0376,2026-07-24 19:49,1049
C02178,P0078,P0064,2026-05-05 02:11,722
C02179,P0035,P0045,2026-01-19 10:59,647
C02180,P0262,P0299,2026-07-20 04:20,780
C02181,P0320,P0329,2026-03-04 07:00,948
C02182,P0142,P0070,2026-04-12 22:37,263
C02183,P0308,P0319,2026-01-22 08:41,1135
C02184,P0161,P0177,2026-02-10 10:56,652
C02185,P0029,P0037,2026-07-08 21:49,957
C02186,P0002,P0035,2026-02-16 16:52,749
C02187,P0073,P0478,2026-02-03 11:46,1144
C02188,P0418,P0421,2026-03-07 11:52,592
C02189,P0091,P0222,2026-08-09 08:54,1040
C02190,P0363,P0392,2026-03-28 20:59,71
C02191,P0322,P0348,2026-03-08 14:29,947
C02192,P0326,P0344,2026-06-14 06:12,978
C02193,P0204,P0242,2026-01-25 20:44,751
C02194,P0417,P0225,2026-02-01 11:20,1083
C02195,P0003,P0002,2026-03-16 21:11,282
C02196,P0121,P0130,2026-04-04 13:01,636
C02197,P0495,P0458,2026-04-25 12:33,197
C02198,P0103,P0113,2026-02-07 12:39,728
C02199,P0134,P0150,2026-07-06 23:01,401
C02200,P0366,P0373,2026-03-24 11:39,741
C02201,P0441,P0338,2026-04-08 04:10,328
C02202,P0365,P0395,2026-04-17 19:38,376
C02203,P0281,P0295,2026-04-26 11:14,284
C02204,P0306,P0333,2026-06-02 15:25,207
C02205,P0283,P0500,2026-08-02 16:11,816
C02206,P0099,P0083,2026-03-27 06:24,99
C02207,P0358,P0360,2026-07-04 11:41,1153
C02208,P0444,P0436,2026-03-23 02:54,1029
C02209,P0346,P0349,2026-05-18 08:49,844
C02210,P0279,P0299,2026-05-05 04:13,463
C02211,P0079,P0073,2026-03-23 16:01,237
C02212,P0150,P0130,2026-03-12 17:42,1179
C02213,P0112,P0147,2026-06-13 01:24,394
C02214,P0317,P0173,2026-04-12 20:03,817
C02215,P0366,P0355,2026-02-18 01:17,832
C02216,P0368,P0357,2026-04-01 15:42,665
C02217,P0420,P0450,2026-02-21 17:20,324
C02218,P0065,P0100,2026-07-06 12:42,137
C02219,P0243,P0226,2026-04-19 23:30,768
C02220,P0297,P0268,2026-08-02 11:20,534
C02221,P0141,P0143,2026-02-12 02:27,568
C02222,P0500,P0494,2026-06-11 13:17,54
C02223,P0087,P0097,2026-07-19 06:37,677
C02224,P0373,P0362,2026-01-16 00:51,300
C02225,P0128,P0111,2026-01-03 19:55,1036
C02226,P0060,P0070,2026-02-07 18:15,900
C02227,P0318,P0207,2026-08-18 18:41,949
C02228,P0484,P0481,2026-04-03 05:27,1024
C02229,P0119,P0041,2026-03-05 14:41,817
C02230,P0030,P0022,2026-08-21 17:26,741
C02231,P0191,P0194,2026-05-07 03:38,207
C02232,P0322,P0320,2026-04-01 16:43,705
C02233,P0060,P0053,2026-03-04 18:04,740
C02234,P0397,P0179,2026-08-26 12:17,599
C02235,P0369,P0381,2026-01-23 01:00,307
C02236,P0430,P0426,2026-05-10 17:42,911
C02237,P0237,P0229,2026-08-10 02:26,432
C02238,P0278,P0295,2026-01-09 10:02,67
C02239,P0271,P0295,2026-04-16 06:02,810
C02240,P0290,P0219,2026-03-15 14:05,245
C02241,P0290,P0333,2026-06-05 18:44,798
C02242,P0154,P0195,2026-06-19 14:46,36
C02243,P0258,P0261,2026-03-15 13:43,442
C02244,P0156,P0171,2026-05-17 19:54,1166
C02245,P0391,P0172,2026-07-12 09:26,910
C02246,P0299,P0267,2026-05-24 07:19,547
C02247,P0406,P0460,2026-05-20 03:25,1186
C02248,P0302,P0126,2026-04-27 22:54,549
C02249,P0369,P0365,2026-05-14 08:01,1096
C02250,P0429,P0337,2026-03-05 07:03,692
C02251,P0139,P0147,2026-08-24 06:36,1111
C02252,P0438,P0418,2026-02-08 05:06,36
C02253,P0390,P0293,2026-08-05 01:44,374
C02254,P0399,P0353,2026-08-11 09:57,1082
C02255,P0241,P0246,2026-07-12 10:30,290
C02256,P0065,P0020,2026-04-01 01:19,589
C02257,P0225,P0205,2026-03-24 19:14,1180
C02258,P0010,P0048,2026-06-04 04:49,255
C02259,P0372,P0376,2026-06-17 22:38,822
C02260,P0472,P0491,2026-08-01 17:27,181
C02261,P0313,P0112,2026-02-09 22:23,1151
C02262,P0245,P0221,2026-07-13 07:05,168
C02263,P0436,P0424,2026-01-07 09:56,395
C02264,P0311,P0343,2026-03-02 07:12,654
C02265,P0117,P0127,2026-04-21 03:01,636
C02266,P0396,P0388,2026-07-17 23:44,831
C02267,P0277,P0426,2026-01-02 17:50,662
C02268,P0137,P0118,2026-07-25 18:03,333
C02269,P0335,P0046,2026-08-15 09:04,973
C02270,P0020,P0014,2026-06-02 04:14,1118
C02271,P0428,P0188,2026-01-06 05:52,1165
C02272,P0228,P0226,2026-06-06 14:48,709
C02273,P0386,P0473,2026-03-07 06:08,1085
C02274,P0320,P0407,2026-04-01 04:01,295
C02275,P0457,P0464,2026-04-01 07:01,469
C02276,P0330,P0329,2026-02-24 22:07,896
C02277,P0187,P0478,2026-01-15 13:09,999
C02278,P0299,P0271,2026-04-24 01:11,589
C02279,P0154,P0156,2026-03-08 23:37,1158
C02280,P0418,P0250,2026-03-08 00:13,574
C02281,P0103,P0109,2026-05-15 02:51,53
C02282,P0111,P0143,2026-03-10 01:56,784
C02283,P0317,P0343,2026-08-24 03:53,995
C02284,P0371,P0367,2026-07-04 19:50,394
C02285,P0026,P0198,2026-06-21 17:14,1119
C02286,P0226,P0079,2026-08-21 04:21,1055
C02287,P0033,P0093,2026-03-11 19:02,722
C02288,P0419,P0446,2026-05-17 23:47,321
C02289,P0249,P0128,2026-04-15 18:49,176
C02290,P0052,P0067,2026-02-03 01:07,1107
C02291,P0403,P0416,2026-06-23 17:26,122
C02292,P0080,P0054,2026-08-10 22:02,481
C02293,P0257,P0288,2026-05-23 11:11,671
C02294,P0460,P0392,2026-02-16 03:11,379
C02295,P0375,P0398,2026-05-08 07:35,950
C02296,P0024,P0019,2026-03-05 03:24,380
C02297,P0294,P0267,2026-07-28 06:58,419
C02298,P0001,P0355,2026-04-07 09:18,638
C02299,P0020,P0033,2026-08-17 19:37,697
C02300,P0352,P0361,2026-01-28 11:39,793
C02301,P0351,P0179,2026-02-20 10:12,937
C02302,P0495,P0462,2026-07-14 20:42,448
C02303,P0498,P0471,2026-07-08 08:11,946
C02304,P0243,P0164,2026-03-06 11:36,334
C02305,P0076,P0073,2026-02-05 19:08,76
C02306,P0497,P0461,2026-03-19 09:07,166
C02307,P0314,P0303,2026-03-19 10:20,843
C02308,P0180,P0193,2026-03-21 13:11,627
C02309,P0103,P0128,2026-07-03 10:42,550
C02310,P0042,P0043,2026-06-04 06:13,239
C02311,P0449,P0403,2026-01-09 18:34,479
C02312,P0105,P0142,2026-02-06 04:06,374
C02313,P0191,P0384,2026-05-17 21:58,250
C02314,P0410,P0428,2026-07-18 15:25,630
C02315,P0054,P0391,2026-02-17 10:16,1159
C02316,P0320,P0349,2026-03-27 21:00,107
C02317,P0091,P0292,2026-08-15 20:33,1003
C02318,P0284,P0271,2026-07-21 12:18,837
C02319,P0397,P0382,2026-02-20 13:46,284
C02320,P0108,P0140,2026-03-23 13:51,316
C02321,P0162,P0152,2026-05-23 02:02,602
C02322,P0235,P0214,2026-02-10 23:31,1066
C02323,P0291,P0396,2026-02-03 15:55,934
C02324,P0338,P0340,2026-05-19 22:33,217
C02325,P0445,P0413,2026-02-24 17:01,136
C02326,P0328,P0327,2026-01-24 22:47,364
C02327,P0001,P0023,2026-04-24 05:34,709
C02328,P0313,P0307,2026-01-11 20:02,688
C02329,P0139,P0126,2026-04-18 22:00,747
C02330,P0127,P0140,2026-03-22 18:49,147
C02331,P0335,P0345,2026-07-06 14:48,913
C02332,P0440,P0117,2026-03-28 17:56,443
C02333,P0257,P0313,2026-07-22 06:13,1010
C02334,P0083,P0072,2026-02-21 17:58,844
C02335,P0357,P0366,2026-07-18 09:49,242
C02336,P0063,P0060,2026-03-07 07:45,332
C02337,P0433,P0447,2026-04-12 05:29,149
C02338,P0296,P0299,2026-01-13 15:31,809
C02339,P0028,P0049,2026-06-27 18:10,32
C02340,P0434,P0407,2026-05-08 02:39,280
C02341,P0377,P0358,2026-08-17 22:07,741
C02342,P0215,P0297,2026-04-18 22:19,736
C02343,P0148,P0144,2026-01-23 23:09,820
C02344,P0335,P0325,2026-03-20 11:36,212
C02345,P0364,P0370,2026-03-11 10:14,578
C02346,P0049,P0029,2026-05-05 18:55,66
C02347,P0360,P0399,2026-07-14 18:19,148
C02348,P0294,P0317,2026-07-16 00:35,27
C02349,P0480,P0470,2026-08-09 17:22,1189
C02350,P0205,P0233,2026-04-26 19:51,1052
C02351,P0058,P0211,2026-08-08 09:53,958
C02352,P0264,P0276,2026-02-13 09:49,1113
C02353,P0221,P0201,2026-03-22 20:32,827
C02354,P0168,P0495,2026-03-04 01:10,836
C02355,P0353,P0376,2026-07-10 17:38,145
C02356,P0412,P0418,2026-05-12 16:06,473
C02357,P0437,P0436,2026-04-28 21:51,104
C02358,P0243,P0235,2026-04-20 19:47,990
C02359,P0086,P0073,2026-07-28 07:00,325
C02360,P0229,P0404,2026-06-01 01:00,455
C02361,P0297,P0275,2026-07-04 18:56,748
C02362,P0023,P0025,2026-05-04 17:16,1177
C02363,P0385,P0393,2026-05-14 14:36,126
C02364,P0397,P0352,2026-02-17 15:10,868
C02365,P0412,P0018,2026-01-04 20:48,437
C02366,P0054,P0065,2026-05-10 09:16,289
C02367,P0026,P0031,2026-05-22 10:27,1164
C02368,P0206,P0420,2026-06-06 09:02,793
C02369,P0108,P0121,2026-06-20 19:27,998
C02370,P0350,P0312,2026-03-28 05:07,36
C02371,P0191,P0192,2026-05-15 00:16,1041
C02372,P0320,P0335,2026-05-22 10:23,476
C02373,P0261,P0257,2026-04-18 07:20,32
C02374,P0059,P0069,2026-06-24 11:13,228
C02375,P0454,P0451,2026-04-13 04:42,398
C02376,P0477,P0445,2026-02-23 15:15,313
C02377,P0382,P0361,2026-07-25 08:34,1137
C02378,P0317,P0178,2026-06-23 21:20,1154
C02379,P0138,P0143,2026-05-06 21:53,729
C02380,P0257,P0276,2026-02-17 10:31,774
C02381,P0355,P0354,2026-06-02 16:54,116
C02382,P0456,P0467,2026-08-15 09:17,985
C02383,P0291,P0264,2026-06-25 04:19,917
C02384,P0375,P0381,2026-05-04 14:07,749
C02385,P0480,P0463,2026-05-10 19:13,95
C02386,P0383,P0385,2026-01-08 06:07,1105
C02387,P0055,P0095,2026-04-08 20:33,393
C02388,P0033,P0031,2026-03-26 17:04,742
C02389,P0246,P0279,2026-08-07 00:18,1156
C02390,P0294,P0255,2026-06-06 03:28,646
C02391,P0171,P0197,2026-04-16 16:03,227
C02392,P0073,P0078,2026-08-07 09:17,801
C02393,P0379,P0398,2026-07-06 18:51,834
C02394,P0070,P0065,2026-04-27 12:08,1198
C02395,P0341,P0328,2026-05-11 01:39,1197
C02396,P0045,P0003,2026-02-02 17:38,1154
C02397,P0187,P0152,2026-04-27 21:45,717
C02398,P0085,P0089,2026-07-22 16:18,608
C02399,P0225,P0218,2026-05-20 21:39,957
C02400,P0361,P0386,2026-06-27 15:21,1189
C02401,P0409,P0434,2026-02-27 18:03,386
C02402,P0398,P0388,2026-08-24 17:38,171
C02403,P0154,P0271,2026-04-21 19:58,945
C02404,P0237,P0008,2026-06-25 18:33,632
C02405,P0135,P0474,2026-06-26 03:50,564
C02406,P0106,P0218,2026-08-25 05:33,821
C02407,P0054,P0043,2026-03-24 06:40,80
C02408,P0422,P0449,2026-07-28 17:07,187
C02409,P0482,P0485,2026-02-09 10:36,43
C02410,P0012,P0378,2026-03-27 03:28,978
C02411,P0271,P0260,2026-07-14 18:13,472
C02412,P0192,P0046,2026-06-24 16:34,62
C02413,P0238,P0493,2026-01-25 21:20,419
C02414,P0302,P0348,2026-02-04 18:15,183
C02415,P0409,P0437,2026-08-10 04:41,665
C02416,P0197,P0178,2026-01-19 01:44,1107
C02417,P0407,P0433,2026-02-02 09:20,144
C02418,P0154,P0109,2026-08-07 12:04,722
C02419,P0408,P0403,2026-08-07 12:48,843
C02420,P0356,P0364,2026-06-17 23:38,841
C02421,P0173,P0166,2026-01-23 00:40,703
C02422,P0306,P0324,2026-05-15 21:15,196
C02423,P0325,P0316,2026-08-19 05:22,730
C02424,P0060,P0052,2026-07-10 07:25,107
C02425,P0416,P0431,2026-08-06 14:01,344
C02426,P0350,P0342,2026-07-14 00:21,530
C02427,P0406,P0425,2026-05-09 02:52,864
C02428,P0090,P0095,2026-08-11 20:57,439
C02429,P0227,P0217,2026-01-12 03:02,406
C02430,P0401,P0409,2026-08-07 00:16,312
C02431,P0178,P0159,2026-02-09 20:16,574
C02432,P0449,P0438,2026-04-19 10:50,452
C02433,P0295,P0211,2026-01-14 15:25,552
C02434,P0491,P0495,2026-01-19 05:11,1055
C02435,P0240,P0233,2026-08-25 08:55,675
C02436,P0180,P0058,2026-04-27 10:34,949
C02437,P0358,P0380,2026-05-07 00:41,890
C02438,P0492,P0287,2026-02-26 03:48,805
C02439,P0421,P0139,2026-01-07 09:13,1051
C02440,P0462,P0034,2026-08-07 17:30,927
C02441,P0283,P0265,2026-04-07 12:18,992
C02442,P0207,P0215,2026-01-20 00:39,250
C02443,P0179,P0099,2026-07-01 05:34,281
C02444,P0267,P0261,2026-01-09 02:41,368
C02445,P0120,P0458,2026-02-20 01:46,749
C02446,P0101,P0118,2026-05-03 00:03,1033
C02447,P0207,P0237,2026-04-06 08:23,511
C02448,P0330,P0039,2026-01-20 15:45,653
C02449,P0110,P0149,2026-05-18 14:01,1162
C02450,P0317,P0337,2026-07-07 05:11,784
C02451,P0370,P0360,2026-03-10 00:16,458
C02452,P0057,P0085,2026-01-02 06:19,803
C02453,P0095,P0075,2026-04-02 15:00,325
C02454,P0395,P0392,2026-03-02 04:49,91
C02455,P0300,P0266,2026-07-26 13:46,297
C02456,P0263,P0277,2026-01-01 10:29,994
C02457,P0004,P0007,2026-08-08 04:21,1173
C02458,P0014,P0409,2026-08-07 19:29,203
C02459,P0042,P0029,2026-03-06 02:06,438
C02460,P0337,P0303,2026-08-03 20:24,1035
C02461,P0052,P0067,2026-06-28 22:49,592
C02462,P0406,P0058,2026-08-04 18:10,1140
C02463,P0494,P0036,2026-08-27 00:29,545
C02464,P0304,P0310,2026-04-25 09:18,289
C02465,P0106,P0142,2026-07-01 04:21,390
C02466,P0468,P0499,2026-02-05 23:58,54
C02467,P0248,P0229,2026-08-06 12:39,66
C02468,P0127,P0142,2026-06-11 03:14,287
C02469,P0092,P0080,2026-05-24 17:01,294
C02470,P0295,P0273,2026-06-04 12:02,289
C02471,P0493,P0458,2026-06-18 18:59,206
C02472,P0335,P0326,2026-05-24 19:51,1117
C02473,P0131,P0246,2026-07-26 16:43,882
C02474,P0375,P0354,2026-01-17 16:17,658
C02475,P0033,P0048,2026-04-15 21:35,201
C02476,P0057,P0293,2026-01-16 09:39,1181
C02477,P0320,P0303,2026-01-13 18:47,1103
C02478,P0394,P0458,2026-04-13 19:46,281
C02479,P0403,P0167,2026-04-09 17:17,1064
C02480,P0353,P0383,2026-03-04 07:36,1100
C02481,P0228,P0212,2026-03-23 00:10,155
C02482,P0103,P0381,2026-08-22 23:09,49
C02483,P0251,P0264,2026-04-01 01:01,57
C02484,P0316,P0319,2026-07-15 07:37,247
C02485,P0034,P0037,2026-02-04 08:07,851
C02486,P0012,P0297,2026-02-13 18:48,331
C02487,P0072,P0351,2026-08-07 14:47,1109
C02488,P0296,P0373,2026-08-24 22:39,111
C02489,P0447,P0422,2026-05-18 02:54,1141
C02490,P0225,P0216,2026-01-02 00:58,1074
C02491,P0166,P0178,2026-02-04 23:53,520
C02492,P0043,P0476,2026-02-17 02:20,209
C02493,P0442,P0424,2026-05-11 16:09,1194
C02494,P0159,P0077,2026-01-07 20:16,44
C02495,P0171,P0199,2026-04-09 13:26,81
C02496,P0337,P0339,2026-05-10 18:56,579
C02497,P0222,P0227,2026-03-23 01:06,139
C02498,P0242,P0247,2026-01-26 04:45,1124
C02499,P0353,P0260,2026-03-05 20:14,1071
C02500,P0201,P0210,2026-07-05 01:33,729
C02501,P0082,P0067,2026-06-05 14:14,754
C02502,P0177,P0170,2026-03-08 11:29,55
C02503,P0061,P0090,2026-02-25 17:08,1149
C02504,P0086,P0058,2026-07-03 20:11,690
C02505,P0019,P0043,2026-07-04 01:03,971
C02506,P0154,P0167,2026-07-14 00:03,194
C02507,P0184,P0160,2026-08-03 00:05,379
C02508,P0137,P0148,2026-07-03 11:05,276
C02509,P0235,P0246,2026-06-01 15:47,899
C02510,P0265,P0300,2026-05-10 12:46,114
C02511,P0157,P0336,2026-03-05 14:26,468
C02512,P0154,P0197,2026-01-04 19:05,701
C02513,P0282,P0297,2026-04-24 09:31,324
C02514,P0286,P0277,2026-02-16 13:34,366
C02515,P0299,P0257,2026-03-27 14:42,395
C02516,P0033,P0026,2026-07-23 12:59,739
C02517,P0401,P0205,2026-03-28 04:17,176
C02518,P0319,P0451,2026-08-14 17:28,1065
C02519,P0139,P0405,2026-05-16 14:53,184
C02520,P0454,P0491,2026-04-12 00:02,865
C02521,P0056,P0413,2026-05-17 18:30,637
C02522,P0065,P0121,2026-06-28 08:51,449
C02523,P0247,P0227,2026-07-18 04:07,328
C02524,P0317,P0339,2026-06-06 11:16,1197
C02525,P0009,P0497,2026-07-22 22:17,599
C02526,P0100,P0058,2026-02-22 22:39,1029
C02527,P0280,P0282,2026-02-17 04:29,530
C02528,P0315,P0320,2026-04-11 21:37,608
C02529,P0412,P0447,2026-02-17 16:17,879
C02530,P0326,P0317,2026-01-12 03:52,226
C02531,P0094,P0047,2026-03-27 11:19,421
C02532,P0206,P0247,2026-03-08 00:07,842
C02533,P0498,P0484,2026-07-01 07:31,311
C02534,P0425,P0404,2026-01-07 05:03,432
C02535,P0386,P0388,2026-01-03 02:51,585
C02536,P0014,P0020,2026-08-27 03:15,239
C02537,P0255,P0383,2026-02-19 14:48,1156
C02538,P0091,P0099,2026-07-05 11:43,124
C02539,P0133,P0051,2026-05-28 20:29,1092
C02540,P0251,P0291,2026-02-03 06:28,717
C02541,P0411,P0446,2026-02-01 15:59,360
C02542,P0384,P0398,2026-01-16 04:49,978
C02543,P0046,P0015,2026-08-04 13:06,893
C02544,P0408,P0450,2026-08-27 04:08,435
C02545,P0491,P0475,2026-05-16 15:49,267
C02546,P0372,P0365,2026-01-15 13:35,237
C02547,P0004,P0094,2026-05-18 00:43,1144
C02548,P0280,P0283,2026-01-01 05:41,546
C02549,P0213,P0250,2026-03-07 12:11,352
C02550,P0063,P0201,2026-01-26 12:38,803
C02551,P0367,P0376,2026-08-01 12:51,926
C02552,P0255,P0278,2026-02-08 18:54,766
C02553,P0106,P0121,2026-01-24 03:53,852
C02554,P0422,P0075,2026-07-03 00:30,39
C02555,P0253,P0292,2026-05-26 05:18,453
C02556,P0090,P0085,2026-04-19 04:18,1129
C02557,P0258,P0034,2026-04-01 00:19,239
C02558,P0308,P0415,2026-02-27 00:20,488
C02559,P0074,P0055,2026-07-16 23:23,1146
C02560,P0358,P0149,2026-07-23 07:14,695
C02561,P0406,P0401,2026-06-01 03:56,585
C02562,P0216,P0133,2026-03-16 16:52,889
C02563,P0063,P0164,2026-08-08 17:21,677
C02564,P0469,P0443,2026-02-05 17:49,176
C02565,P0465,P0253,2026-06-26 03:08,499
C02566,P0482,P0483,2026-02-11 11:16,336
C02567,P0049,P0043,2026-08-06 07:46,805
C02568,P0219,P0228,2026-06-25 08:27,967
C02569,P0023,P0005,2026-08-04 00:29,436
C02570,P0430,P0408,2026-06-13 08:48,1004
C02571,P0181,P0193,2026-01-07 03:31,671
C02572,P0184,P0152,2026-03-15 09:52,169
C02573,P0258,P0434,2026-06-23 14:42,390
C02574,P0137,P0112,2026-06-09 12:43,1101
C02575,P0129,P0112,2026-05-02 14:26,897
C02576,P0029,P0042,2026-07-22 06:09,999
C02577,P0441,P0428,2026-04-11 06:46,1143
C02578,P0206,P0244,2026-07-23 04:22,276
C02579,P0428,P0447,2026-08-20 01:26,81
C02580,P0265,P0471,2026-07-19 21:14,381
C02581,P0300,P0274,2026-04-09 00:22,72
C02582,P0500,P0460,2026-08-07 18:26,191
C02583,P0168,P0306,2026-08-14 08:49,38
C02584,P0277,P0279,2026-01-24 15:32,968
C02585,P0273,P0267,2026-03-14 02:37,76
C02586,P0417,P0410,2026-03-16 06:55,844
C02587,P0067,P0234,2026-04-06 01:45,380
C02588,P0131,P0107,2026-02-25 02:53,971
C02589,P0334,P0455,2026-08-14 19:07,1027
C02590,P0104,P0150,2026-05-06 19:56,1132
C02591,P0218,P0236,2026-07-19 17:14,86
C02592,P0078,P0088,2026-01-07 18:54,386
C02593,P0148,P0127,2026-01-04 08:11,834
C02594,P0054,P0078,2026-01-28 02:28,971
C02595,P0389,P0010,2026-04-26 02:25,417
C02596,P0022,P0044,2026-01-02 09:37,426
C02597,P0330,P0312,2026-05-09 12:36,478
C02598,P0442,P0414,2026-08-06 18:17,928
C02599,P0186,P0151,2026-04-19 01:47,834
C02600,P0167,P0134,2026-01-06 11:39,1146
C02601,P0465,P0498,2026-04-05 14:44,343
C02602,P0253,P0093,2026-02-06 18:07,813
C02603,P0020,P0050,2026-07-02 04:53,901
C02604,P0376,P0392,2026-06-27 05:29,360
C02605,P0223,P0214,2026-08-09 19:47,785
C02606,P0033,P0035,2026-07-10 00:26,1034
C02607,P0386,P0212,2026-01-06 01:34,40
C02608,P0087,P0061,2026-01-06 05:49,179
C02609,P0398,P0423,2026-05-27 07:39,86
C02610,P0437,P0403,2026-04-06 05:22,414
C02611,P0101,P0111,2026-04-12 02:02,335
C02612,P0464,P0334,2026-06-12 01:07,483
C02613,P0146,P0169,2026-01-08 12:37,1052
C02614,P0414,P0287,2026-05-23 06:39,416
C02615,P0126,P0099,2026-03-10 07:25,354
C02616,P0101,P0135,2026-01-12 18:47,1122
C02617,P0119,P0063,2026-03-27 08:48,573
C02618,P0454,P0479,2026-06-25 19:25,661
C02619,P0314,P0308,2026-03-02 03:09,517
C02620,P0206,P0102,2026-02-16 14:19,781
C02621,P0051,P0075,2026-03-20 08:41,210
C02622,P0372,P0390,2026-02-19 04:11,830
C02623,P0157,P0181,2026-06-08 23:25,282
C02624,P0438,P0487,2026-05-16 10:09,1061
C02625,P0317,P0325,2026-02-05 22:01,891
C02626,P0152,P0151,2026-03-22 23:56,1111
C02627,P0162,P0448,2026-03-09 01:12,360
C02628,P0073,P0095,2026-04-28 10:22,40
C02629,P0214,P0247,2026-03-04 18:40,235
C02630,P0034,P0029,2026-08-19 14:40,306
C02631,P0459,P0474,2026-05-28 04:09,211
C02632,P0196,P0167,2026-06-23 17:50,244
C02633,P0020,P0050,2026-08-16 01:27,1029
C02634,P0463,P0464,2026-04-25 05:37,1163
C02635,P0073,P0090,2026-01-06 10:29,1131
C02636,P0318,P0304,2026-06-21 16:50,755
C02637,P0272,P0099,2026-03-25 10:44,915
C02638,P0359,P0376,2026-03-01 23:32,565
C02639,P0143,P0138,2026-03-12 09:59,463
C02640,P0327,P0448,2026-06-24 11:05,822
C02641,P0112,P0123,2026-01-25 03:34,395
C02642,P0311,P0349,2026-05-15 05:35,862
C02643,P0212,P0242,2026-01-03 05:50,352
C02644,P0206,P0219,2026-03-20 00:50,47
C02645,P0326,P0311,2026-08-02 04:26,836
C02646,P0254,P0288,2026-06-14 06:11,156
C02647,P0242,P0203,2026-01-23 07:39,173
C02648,P0087,P0065,2026-04-12 06:34,383
C02649,P0230,P0206,2026-02-19 07:24,31
C02650,P0302,P0334,2026-03-15 15:42,96
C02651,P0226,P0208,2026-07-27 01:30,912
C02652,P0201,P0145,2026-04-23 16:45,744
C02653,P0471,P0465,2026-08-06 06:17,887
C02654,P0343,P0310,2026-04-22 03:13,425
C02655,P0059,P0007,2026-05-10 22:05,911
C02656,P0196,P0157,2026-07-12 08:57,609
C02657,P0180,P0162,2026-08-16 21:57,815
C02658,P0377,P0399,2026-01-14 22:13,534
C02659,P0140,P0103,2026-05-14 02:30,691
C02660,P0052,P0262,2026-08-01 02:53,1032
C02661,P0463,P0462,2026-05-23 05:02,365
C02662,P0179,P0170,2026-05-25 08:04,1036
C02663,P0223,P0228,2026-06-26 06:32,816
C02664,P0387,P0399,2026-01-06 11:55,620
C02665,P0190,P0382,2026-04-13 04:26,1165
C02666,P0245,P0230,2026-03-07 16:27,565
C02667,P0001,P0039,2026-06-08 16:55,710
C02668,P0281,P0298,2026-05-06 02:25,590
C02669,P0489,P0452,2026-01-19 07:30,1112
C02670,P0304,P0320,2026-08-28 20:40,860
C02671,P0151,P0114,2026-08-17 16:16,584
C02672,P0026,P0047,2026-07-03 17:48,944
C02673,P0494,P0439,2026-06-14 08:57,868
C02674,P0068,P0348,2026-07-25 07:25,1153
C02675,P0462,P0494,2026-02-12 21:19,198
C02676,P0448,P0439,2026-01-02 04:28,993
C02677,P0086,P0296,2026-02-01 16:19,705
C02678,P0392,P0386,2026-07-01 09:15,764
C02679,P0303,P0322,2026-01-08 22:15,929
C02680,P0338,P0333,2026-04-07 00:25,1009
C02681,P0152,P0176,2026-08-23 03:35,297
C02682,P0127,P0131,2026-05-25 02:39,53
C02683,P0232,P0261,2026-07-11 06:32,694
C02684,P0025,P0031,2026-04-19 13:13,643
C02685,P0145,P0133,2026-08-13 00:47,664
C02686,P0327,P0166,2026-01-28 21:40,639
C02687,P0108,P0145,2026-08-02 08:41,1168
C02688,P0085,P0076,2026-08-01 13:25,441
C02689,P0049,P0005,2026-07-25 05:36,50
C02690,P0488,P0462,2026-02-22 18:52,1118
C02691,P0252,P0062,2026-03-14 22:20,437
C02692,P0120,P0238,2026-02-15 23:58,32
C02693,P0240,P0217,2026-03-13 18:18,343
C02694,P0485,P0494,2026-04-03 21:49,506
C02695,P0155,P0352,2026-01-04 09:22,1178
C02696,P0329,P0302,2026-07-20 05:04,716
C02697,P0225,P0098,2026-01-12 08:38,1106
C02698,P0215,P0236,2026-05-22 07:51,131
C02699,P0080,P0097,2026-02-14 15:32,31
C02700,P0342,P0318,2026-04-22 03:21,1100
C02701,P0007,P0025,2026-05-25 18:58,310
C02702,P0335,P0262,2026-02-11 00:12,939
C02703,P0059,P0244,2026-01-20 04:26,631
C02704,P0014,P0002,2026-01-17 20:57,154
C02705,P0310,P0334,2026-03-20 13:35,376
C02706,P0220,P0234,2026-06-25 00:42,59
C02707,P0433,P0443,2026-06-19 05:41,976
C02708,P0055,P0077,2026-01-14 18:43,250
C02709,P0308,P0311,2026-08-13 12:08,51
C02710,P0409,P0402,2026-04-20 03:29,136
C02711,P0127,P0113,2026-05-09 08:13,687
C02712,P0196,P0323,2026-03-21 08:21,1088
C02713,P0351,P0356,2026-03-01 23:47,624
C02714,P0477,P0337,2026-03-10 05:42,785
C02715,P0452,P0488,2026-02-05 07:29,765
C02716,P0136,P0118,2026-08-13 22:03,531
C02717,P0351,P0359,2026-05-08 12:20,292
C02718,P0457,P0354,2026-05-02 11:22,475
C02719,P0317,P0333,2026-02-23 17:52,920
C02720,P0399,P0483,2026-05-22 00:15,839
C02721,P0140,P0431,2026-03-04 11:55,1187
C02722,P0366,P0384,2026-06-09 22:25,861
C02723,P0159,P0165,2026-07-02 12:25,969
C02724,P0484,P0477,2026-05-19 02:08,783
C02725,P0482,P0493,2026-03-05 23:03,545
C02726,P0425,P0412,2026-03-14 18:39,283
C02727,P0326,P0305,2026-08-19 18:26,382
C02728,P0275,P0290,2026-03-19 23:38,1142
C02729,P0299,P0286,2026-08-28 12:35,1074
C02730,P0379,P0390,2026-03-12 13:00,636
C02731,P0234,P0212,2026-01-17 08:57,525
C02732,P0189,P0184,2026-04-25 19:05,336
C02733,P0207,P0006,2026-01-01 02:18,629
C02734,P0376,P0360,2026-02-26 09:47,484
C02735,P0446,P0146,2026-02-07 09:07,54
C02736,P0482,P0471,2026-03-21 17:30,291
C02737,P0485,P0478,2026-06-27 21:24,628
C02738,P0119,P0101,2026-06-20 22:41,329
C02739,P0115,P0122,2026-04-01 18:59,1012
C02740,P0220,P0312,2026-02-20 08:35,840
C02741,P0500,P0485,2026-01-21 11:25,1113
C02742,P0006,P0031,2026-06-08 20:59,25
C02743,P0327,P0307,2026-07-19 10:30,333
C02744,P0334,P0469,2026-05-28 00:19,527
C02745,P0158,P0252,2026-05-04 22:10,671
C02746,P0093,P0063,2026-08-22 19:20,848
C02747,P0032,P0013,2026-03-03 15:22,147
C02748,P0099,P0087,2026-03-02 04:44,703
C02749,P0382,P0428,2026-02-19 06:33,1011
C02750,P0353,P0363,2026-05-24 05:51,621
C02751,P0159,P0141,2026-08-10 17:38,20
C02752,P0253,P0221,2026-01-15 23:34,871
C02753,P0397,P0116,2026-06-03 00:44,983
C02754,P0100,P0099,2026-02-26 15:40,89
C02755,P0353,P0286,2026-06-03 15:44,509
C02756,P0086,P0443,2026-06-03 08:22,805
C02757,P0203,P0239,2026-02-18 11:32,22
C02758,P0448,P0406,2026-02-11 14:16,575
C02759,P0476,P0493,2026-06-08 19:42,259
C02760,P0025,P0332,2026-08-27 15:00,123
C02761,P0466,P0451,2026-05-11 09:07,1125
C02762,P0049,P0016,2026-03-06 02:51,1125
C02763,P0188,P0175,2026-07-25 05:49,101
C02764,P0285,P0286,2026-07-22 08:40,63
C02765,P0435,P0401,2026-03-13 10:10,712
C02766,P0319,P0345,2026-07-23 19:13,437
C02767,P0176,P0370,2026-07-05 06:03,408
C02768,P0370,P0367,2026-01-17 16:57,129
C02769,P0431,P0222,2026-08-02 16:46,1163
C02770,P0039,P0011,2026-01-22 22:07,209
C02771,P0215,P0206,2026-02-07 21:54,317
C02772,P0194,P0052,2026-02-11 17:17,1153
C02773,P0022,P0011,2026-07-08 05:42,264
C02774,P0303,P0319,2026-08-26 21:43,345
C02775,P0265,P0289,2026-08-22 00:30,997
C02776,P0187,P0365,2026-05-10 15:46,136
C02777,P0348,P0457,2026-03-21 06:05,928
C02778,P0149,P0200,2026-02-27 19:36,714
C02779,P0296,P0140,2026-07-26 15:51,813
C02780,P0068,P0447,2026-07-06 07:20,1200
C02781,P0024,P0015,2026-01-05 23:24,170
C02782,P0155,P0009,2026-03-12 15:52,1157
C02783,P0004,P0111,2026-07-17 12:03,697
C02784,P0027,P0202,2026-04-02 12:25,508
C02785,P0024,P0003,2026-03-24 16:56,199
C02786,P0318,P0301,2026-02-01 06:37,109
C02787,P0104,P0148,2026-04-21 00:09,767
C02788,P0467,P0472,2026-03-23 06:49,962
C02789,P0292,P0240,2026-06-08 03:36,402
C02790,P0022,P0026,2026-07-02 04:55,969
C02791,P0369,P0393,2026-06-09 08:40,300
C02792,P0248,P0236,2026-05-23 09:59,694
C02793,P0058,P0086,2026-01-21 17:07,1142
C02794,P0291,P0273,2026-04-10 09:48,696
C02795,P0311,P0339,2026-06-05 03:31,1033
C02796,P0325,P0301,2026-04-26 13:06,880
C02797,P0159,P0278,2026-07-01 14:00,626
C02798,P0149,P0127,2026-07-01 04:12,743
C02799,P0033,P0188,2026-06-01 02:23,427
C02800,P0079,P0065,2026-02-14 15:51,212
C02801,P0023,P0034,2026-08-19 01:23,284
C02802,P0205,P0214,2026-04-19 10:19,925
C02803,P0046,P0025,2026-05-24 23:23,457
C02804,P0295,P0280,2026-01-11 23:29,272
C02805,P0099,P0092,2026-07-14 23:59,635
C02806,P0208,P0298,2026-04-14 10:24,272
C02807,P0171,P0196,2026-08-09 20:42,1165
C02808,P0401,P0424,2026-08-02 05:15,999
C02809,P0411,P0375,2026-02-18 08:15,32
C02810,P0052,P0289,2026-03-06 00:38,757
C02811,P0164,P0163,2026-03-23 22:38,1001
C02812,P0114,P0137,2026-07-10 08:02,401
C02813,P0472,P0069,2026-06-08 05:52,828
C02814,P0459,P0494,2026-08-13 19:55,402
C02815,P0381,P0366,2026-03-08 23:34,712
C02816,P0009,P0016,2026-03-01 18:06,534
C02817,P0005,P0028,2026-04-08 05:33,591
C02818,P0170,P0182,2026-02-20 18:33,325
C02819,P0005,P0410,2026-08-11 10:55,192
C02820,P0245,P0222,2026-03-13 01:58,926
C02821,P0495,P0489,2026-02-07 17:14,274
C02822,P0319,P0316,2026-04-22 04:11,905
C02823,P0372,P0399,2026-03-05 15:28,977
C02824,P0155,P0177,2026-01-13 12:59,631
C02825,P0015,P0474,2026-08-01 06:35,760
C02826,P0303,P0322,2026-06-06 19:32,643
C02827,P0206,P0247,2026-01-21 15:50,629
C02828,P0068,P0460,2026-08-09 00:43,909
C02829,P0283,P0261,2026-07-15 13:08,780
C02830,P0028,P0011,2026-01-27 01:15,849
C02831,P0443,P0423,2026-07-26 08:26,165
C02832,P0368,P0371,2026-08-21 18:13,233
C02833,P0188,P0195,2026-08-24 18:53,1129
C02834,P0455,P0467,2026-07-02 18:47,665
C02835,P0008,P0444,2026-05-20 22:51,445
C02836,P0350,P0328,2026-05-07 04:08,475
C02837,P0132,P0458,2026-07-04 04:06,341
C02838,P0496,P0485,2026-02-22 03:21,610
C02839,P0265,P0267,2026-01-01 22:04,393
C02840,P0348,P0345,2026-03-05 06:52,1107
C02841,P0232,P0220,2026-03-27 20:10,718
C02842,P0398,P0383,2026-08-03 16:49,1046
C02843,P0114,P0129,2026-08-02 10:42,1139
C02844,P0149,P0035,2026-07-17 01:24,177
C02845,P0103,P0358,2026-05-19 20:23,840
C02846,P0489,P0485,2026-05-13 00:48,684
C02847,P0390,P0368,2026-07-07 21:34,514
C02848,P0439,P0318,2026-08-05 06:25,264
C02849,P0404,P0437,2026-03-14 02:24,840
C02850,P0077,P0071,2026-06-11 23:28,1057
C02851,P0222,P0232,2026-07-11 10:48,754
C02852,P0181,P0052,2026-03-09 15:27,582
C02853,P0025,P0034,2026-08-11 16:50,869
C02854,P0439,P0068,2026-05-22 01:22,166
C02855,P0267,P0271,2026-02-05 05:57,545
C02856,P0134,P0036,2026-08-10 00:09,433
C02857,P0335,P0328,2026-01-17 07:53,671
C02858,P0445,P0022,2026-02-15 00:15,856
C02859,P0470,P0468,2026-03-07 16:41,862
C02860,P0045,P0022,2026-01-18 19:47,1115
C02861,P0500,P0468,2026-02-07 08:42,44
C02862,P0341,P0305,2026-08-20 15:55,1199
C02863,P0070,P0431,2026-05-11 04:35,570
C02864,P0275,P0290,2026-05-17 00:19,670
C02865,P0238,P0105,2026-06-25 12:48,1027
C02866,P0401,P0437,2026-06-16 20:40,476
C02867,P0022,P0038,2026-01-05 21:27,22
C02868,P0467,P0468,2026-03-21 01:51,497
C02869,P0182,P0467,2026-03-11 16:17,55
C02870,P0210,P0203,2026-04-04 18:47,921
C02871,P0369,P0385,2026-07-15 11:39,768
C02872,P0059,P0337,2026-05-03 16:57,891
C02873,P0466,P0352,2026-03-07 00:32,1089
C02874,P0067,P0430,2026-06-26 20:33,831
C02875,P0207,P0237,2026-07-06 07:41,470
C02876,P0302,P0348,2026-06-24 17:24,593
C02877,P0331,P0319,2026-04-04 14:12,25
C02878,P0138,P0114,2026-02-12 02:51,1104
C02879,P0409,P0392,2026-02-15 17:32,326
C02880,P0125,P0124,2026-06-19 09:26,1143
C02881,P0027,P0010,2026-04-05 14:46,315
C02882,P0358,P0379,2026-01-05 05:14,985
C02883,P0454,P0453,2026-07-11 08:55,1130
C02884,P0354,P0393,2026-05-26 14:28,681
C02885,P0091,P0079,2026-07-16 10:20,434
C02886,P0085,P0090,2026-01-27 14:47,450
C02887,P0073,P0088,2026-02-11 15:38,138
C02888,P0224,P0233,2026-07-06 12:52,1146
C02889,P0236,P0233,2026-08-14 06:33,66
C02890,P0492,P0009,2026-08-13 02:09,507
C02891,P0062,P0058,2026-01-21 10:47,200
C02892,P0407,P0410,2026-07-28 20:50,221
C02893,P0102,P0142,2026-08-01 12:24,95
C02894,P0025,P0233,2026-03-08 15:49,320
C02895,P0125,P0136,2026-04-08 08:57,1067
C02896,P0343,P0320,2026-08-02 07:45,667
C02897,P0371,P0380,2026-07-28 16:50,481
C02898,P0098,P0174,2026-06-23 14:00,1017
C02899,P0100,P0061,2026-04-04 10:21,716
C02900,P0279,P0294,2026-01-12 04:41,211
C02901,P0489,P0494,2026-04-17 08:45,593
C02902,P0224,P0233,2026-04-04 02:19,150
C02903,P0354,P0392,2026-02-25 04:59,484
C02904,P0407,P0166,2026-01-07 12:34,929
C02905,P0350,P0335,2026-02-24 01:37,916
C02906,P0231,P0317,2026-08-18 01:55,311
C02907,P0250,P0241,2026-05-12 13:32,617
C02908,P0387,P0369,2026-01-25 07:52,886
C02909,P0219,P0489,2026-05-27 00:04,904
C02910,P0140,P0121,2026-08-07 15:32,446
C02911,P0182,P0299,2026-08-12 14:45,348
C02912,P0143,P0129,2026-04-04 16:25,1165
C02913,P0107,P0364,2026-01-05 18:53,201
C02914,P0296,P0293,2026-05-21 05:52,484
C02915,P0206,P0225,2026-06-03 17:22,540
C02916,P0478,P0475,2026-01-15 06:19,617
C02917,P0434,P0242,2026-05-13 05:46,270
C02918,P0473,P0485,2026-05-21 02:58,1017
C02919,P0458,P0478,2026-02-15 00:21,46
C02920,P0460,P0085,2026-02-17 21:06,848
C02921,P0092,P0069,2026-02-08 09:53,580
C02922,P0345,P0304,2026-05-27 17:13,1017
C02923,P0148,P0014,2026-03-19 23:55,276
C02924,P0243,P0241,2026-04-07 00:51,330
C02925,P0298,P0252,2026-07-23 05:07,1162
C02926,P0213,P0194,2026-08-15 03:38,793
C02927,P0212,P0223,2026-02-01 04:20,827
C02928,P0143,P0090,2026-01-05 04:08,470
C02929,P0485,P0453,2026-02-07 23:28,887
C02930,P0332,P0323,2026-01-04 15:55,946
C02931,P0260,P0291,2026-05-09 12:07,581
C02932,P0461,P0464,2026-04-25 11:04,957
C02933,P0324,P0328,2026-05-05 12:52,127
C02934,P0316,P0332,2026-03-13 06:04,1182
C02935,P0298,P0292,2026-07-20 20:21,749
C02936,P0141,P0112,2026-08-22 14:24,558
C02937,P0153,P0312,2026-01-01 06:59,1141
C02938,P0148,P0122,2026-06-03 23:46,446
C02939,P0401,P0496,2026-05-25 09:59,543
C02940,P0205,P0247,2026-03-06 17:58,1117
C02941,P0020,P0031,2026-04-08 02:16,759
C02942,P0074,P0094,2026-08-10 18:53,425
C02943,P0058,P0067,2026-08-17 16:29,668
C02944,P0145,P0101,2026-05-01 18:20,604
C02945,P0392,P0378,2026-07-04 16:12,126
C02946,P0283,P0254,2026-01-04 23:44,1117
C02947,P0156,P0170,2026-04-19 02:20,208
C02948,P0129,P0118,2026-07-16 17:26,369
C02949,P0032,P0036,2026-02-18 14:06,112
C02950,P0341,P0334,2026-06-14 09:08,697
C02951,P0430,P0028,2026-07-21 17:41,24
C02952,P0338,P0343,2026-04-08 23:04,782
C02953,P0092,P0362,2026-04-01 12:02,128
C02954,P0012,P0033,2026-07-28 10:41,706
C02955,P0010,P0346,2026-06-27 04:10,610
C02956,P0050,P0149,2026-03-01 12:26,1003
C02957,P0255,P0267,2026-06-24 18:36,310
C02958,P0328,P0316,2026-04-28 23:33,308
C02959,P0118,P0103,2026-01-11 07:55,287
C02960,P0104,P0124,2026-07-05 20:01,215
C02961,P0379,P0315,2026-01-28 02:07,445
C02962,P0214,P0215,2026-02-07 07:41,376
C02963,P0425,P0408,2026-04-06 07:46,540
C02964,P0344,P0319,2026-06-05 06:19,400
C02965,P0250,P0220,2026-08-14 00:11,560
C02966,P0328,P0313,2026-05-06 23:03,750
C02967,P0391,P0393,2026-08-21 07:17,1193
C02968,P0262,P0290,2026-08-27 07:22,848
C02969,P0048,P0172,2026-03-13 12:23,700
C02970,P0068,P0082,2026-07-06 11:50,524
C02971,P0262,P0032,2026-07-14 09:06,565
C02972,P0265,P0266,2026-07-28 18:44,779
C02973,P0400,P0368,2026-07-14 23:20,497
C02974,P0438,P0445,2026-07-05 20:56,1200
C02975,P0298,P0266,2026-03-10 06:56,815
C02976,P0460,P0470,2026-02-11 15:05,340
C02977,P0313,P0348,2026-04-11 08:13,606
C02978,P0283,P0298,2026-07-08 21:36,73
C02979,P0076,P0097,2026-03-10 18:30,504
C02980,P0443,P0405,2026-07-04 11:55,479
C02981,P0406,P0407,2026-07-26 16:41,422
C02982,P0052,P0066,2026-01-16 06:30,287
C02983,P0395,P0361,2026-01-04 08:34,887
C02984,P0491,P0284,2026-01-18 04:24,583
C02985,P0059,P0058,2026-05-13 06:37,629
C02986,P0227,P0204,2026-03-11 20:17,315
C02987,P0426,P0325,2026-03-13 22:18,725
C02988,P0106,P0470,2026-04-20 03:29,304
C02989,P0300,P0441,2026-05-01 06:25,1192
C02990,P0093,P0058,2026-03-21 13:44,804
C02991,P0480,P0456,2026-07-15 21:01,863
C02992,P0415,P0414,2026-06-08 19:07,87
C02993,P0307,P0311,2026-06-26 18:01,252
C02994,P0187,P0189,2026-05-24 18:02,186
C02995,P0168,P0164,2026-08-22 13:53,1007
C02996,P0194,P0168,2026-02-10 01:52,1173
C02997,P0206,P0247,2026-01-03 13:31,463
C02998,P0235,P0206,2026-02-13 00:18,190
C02999,P0025,P0435,2026-05-21 05:57,99
C03000,P0427,P0408,2026-07-18 01:47,168
C03001,P0309,P0021,2026-04-10 04:07,430
C03002,P0270,P0286,2026-05-05 01:13,673
C03003,P0304,P0345,2026-08-19 21:06,1014
C03004,P0476,P0303,2026-02-07 17:24,140
C03005,P0357,P0395,2026-02-26 15:07,436
C03006,P0401,P0362,2026-02-19 21:19,53
C03007,P0156,P0464,2026-08-22 00:10,1086
C03008,P0069,P0056,2026-02-05 17:29,632
C03009,P0395,P0355,2026-04-14 15:54,1064
C03010,P0319,P0328,2026-04-20 02:15,1154
C03011,P0041,P0020,2026-08-10 19:07,796
C03012,P0469,P0461,2026-04-21 04:07,733
C03013,P0005,P0046,2026-04-03 10:13,698
C03014,P0493,P0478,2026-03-13 02:26,1142
C03015,P0272,P0261,2026-06-06 20:31,658
C03016,P0002,P0072,2026-06-10 15:46,153
C03017,P0239,P0299,2026-05-17 16:58,755
C03018,P0469,P0483,2026-04-02 00:23,237
C03019,P0278,P0279,2026-06-22 12:13,768
C03020,P0419,P0410,2026-03-15 20:46,196
C03021,P0326,P0309,2026-06-13 11:01,550
C03022,P0031,P0002,2026-01-03 09:54,582
C03023,P0151,P0175,2026-07-28 05:16,102
C03024,P0263,P0228,2026-02-01 00:40,863
C03025,P0454,P0494,2026-05-26 03:31,297
C03026,P0031,P0027,2026-03-07 16:46,247
C03027,P0109,P0115,2026-03-18 04:11,378
C03028,P0201,P0235,2026-05-16 10:55,338
C03029,P0289,P0288,2026-05-02 00:17,208
C03030,P0418,P0429,2026-02-08 11:56,228
C03031,P0173,P0193,2026-01-27 10:12,672
C03032,P0484,P0227,2026-03-06 20:33,288
C03033,P0004,P0406,2026-07-10 03:40,756
C03034,P0285,P0021,2026-08-17 07:01,281
C03035,P0009,P0436,2026-02-01 09:06,609
C03036,P0365,P0483,2026-06-08 09:04,701
C03037,P0065,P0403,2026-02-21 08:18,981
C03038,P0369,P0397,2026-03-18 01:11,194
C03039,P0440,P0415,2026-01-13 07:48,725
C03040,P0442,P0446,2026-01-22 07:29,1163
C03041,P0093,P0060,2026-02-08 21:39,930
C03042,P0197,P0176,2026-01-11 10:35,681
C03043,P0469,P0253,2026-06-19 18:19,62
C03044,P0212,P0237,2026-01-27 13:38,900
C03045,P0045,P0020,2026-06-05 16:38,1132
C03046,P0305,P0347,2026-01-13 10:26,961
C03047,P0399,P0368,2026-06-15 01:05,837
C03048,P0377,P0356,2026-04-14 21:35,161
C03049,P0404,P0409,2026-06-08 20:01,1068
C03050,P0397,P0376,2026-03-21 19:54,834
C03051,P0230,P0250,2026-08-28 05:20,38
C03052,P0116,P0148,2026-03-09 05:13,637
C03053,P0018,P0006,2026-08-23 04:19,246
C03054,P0176,P0127,2026-07-20 03:20,1114
C03055,P0369,P0388,2026-01-13 05:53,1041
C03056,P0301,P0311,2026-05-06 11:28,145
C03057,P0165,P0193,2026-03-20 10:43,616
C03058,P0156,P0171,2026-03-17 12:14,114
C03059,P0139,P0128,2026-07-06 22:39,205
C03060,P0082,P0069,2026-03-20 04:53,288
C03061,P0077,P0080,2026-03-04 11:43,513
C03062,P0325,P0339,2026-04-16 00:25,473
C03063,P0420,P0182,2026-01-07 03:53,492
C03064,P0403,P0420,2026-06-01 05:09,112
C03065,P0454,P0457,2026-04-21 07:13,785
C03066,P0389,P0382,2026-02-20 01:00,139
C03067,P0146,P0138,2026-06-14 03:24,319
C03068,P0275,P0296,2026-05-23 15:04,1072
C03069,P0182,P0497,2026-05-01 23:28,312
C03070,P0250,P0223,2026-04-05 23:14,189
C03071,P0334,P0322,2026-08-15 17:49,174
C03072,P0319,P0329,2026-05-27 07:28,46
C03073,P0061,P0315,2026-05-25 11:12,233
C03074,P0344,P0232,2026-08-14 13:45,896
C03075,P0262,P0293,2026-08-21 13:04,276
C03076,P0461,P0486,2026-02-27 22:41,677
C03077,P0027,P0043,2026-02-26 23:39,142
C03078,P0155,P0194,2026-02-13 15:40,1140
C03079,P0352,P0375,2026-08-21 13:13,706
C03080,P0113,P0144,2026-08-04 17:22,338
C03081,P0125,P0141,2026-05-21 16:23,868
C03082,P0356,P0369,2026-03-20 09:12,64
C03083,P0180,P0172,2026-04-19 17:36,324
C03084,P0360,P0358,2026-02-07 04:16,915
C03085,P0425,P0440,2026-04-05 15:48,1116
C03086,P0082,P0093,2026-04-26 21:31,865
C03087,P0072,P0064,2026-03-02 03:06,582
C03088,P0025,P0023,2026-03-23 13:25,619
C03089,P0365,P0374,2026-02-26 04:31,394
C03090,P0162,P0483,2026-06-08 07:31,768
C03091,P0299,P0275,2026-08-14 08:33,923
C03092,P0478,P0461,2026-03-09 18:18,772
C03093,P0012,P0158,2026-07-21 04:20,31
C03094,P0297,P0067,2026-07-11 12:34,703
C03095,P0074,P0420,2026-01-28 13:49,278
C03096,P0449,P0214,2026-08-06 19:14,674
C03097,P0479,P0488,2026-04-09 21:56,571
C03098,P0038,P0068,2026-02-10 13:55,780
C03099,P0096,P0076,2026-04-10 15:29,1146
C03100,P0354,P0479,2026-01-10 11:31,1181
C03101,P0124,P0108,2026-05-23 20:03,959
C03102,P0192,P0190,2026-03-03 09:28,1157
C03103,P0150,P0116,2026-04-15 20:46,339
C03104,P0495,P0496,2026-05-11 02:45,828
C03105,P0351,P0376,2026-04-14 20:14,307
C03106,P0402,P0414,2026-07-07 00:07,157
C03107,P0453,P0407,2026-03-01 01:57,1080
C03108,P0209,P0225,2026-05-25 17:13,439
C03109,P0109,P0217,2026-08-22 18:24,66
C03110,P0261,P0086,2026-07-16 23:47,195
C03111,P0301,P0322,2026-05-20 09:57,910
C03112,P0307,P0069,2026-01-18 11:58,878
C03113,P0008,P0013,2026-03-09 19:23,211
C03114,P0477,P0111,2026-06-02 20:56,21
C03115,P0269,P0276,2026-02-16 11:50,1106
C03116,P0035,P0004,2026-04-17 23:32,93
C03117,P0054,P0069,2026-01-09 07:04,733
C03118,P0422,P0405,2026-04-27 10:12,1089
C03119,P0068,P0083,2026-04-16 09:29,674
C03120,P0013,P0003,2026-01-04 12:33,670
C03121,P0358,P0382,2026-08-18 08:02,206
C03122,P0312,P0020,2026-03-15 21:06,849
C03123,P0270,P0356,2026-04-16 22:06,912
C03124,P0284,P0275,2026-07-26 16:27,251
C03125,P0481,P0475,2026-08-12 18:47,1087
C03126,P0161,P0177,2026-02-16 01:46,677
C03127,P0171,P0497,2026-04-12 06:16,750
C03128,P0088,P0073,2026-07-11 14:45,327
C03129,P0174,P0166,2026-04-19 20:37,1062
C03130,P0125,P0126,2026-03-04 14:57,1007
C03131,P0005,P0044,2026-06-18 08:59,891
C03132,P0389,P0364,2026-01-27 06:00,330
C03133,P0175,P0105,2026-03-27 14:11,1000
C03134,P0221,P0304,2026-04-09 10:04,779
C03135,P0364,P0032,2026-03-11 04:55,1080
C03136,P0228,P0207,2026-04-01 17:29,410
C03137,P0004,P0275,2026-08-05 23:53,36
C03138,P0186,P0196,2026-03-16 15:30,953
C03139,P0487,P0387,2026-02-04 16:18,307
C03140,P0392,P0383,2026-07-07 00:49,145
C03141,P0060,P0055,2026-01-27 04:45,590
C03142,P0244,P0219,2026-08-07 21:03,734
C03143,P0248,P0435,2026-08-16 03:48,894
C03144,P0348,P0297,2026-08-04 12:23,909
C03145,P0326,P0350,2026-08-14 09:02,793
C03146,P0163,P0169,2026-05-01 00:39,770
C03147,P0209,P0244,2026-07-22 22:23,421
C03148,P0320,P0103,2026-03-05 02:37,175
C03149,P0125,P0320,2026-01-15 00:23,602
C03150,P0177,P0154,2026-02-11 15:50,254
C03151,P0253,P0298,2026-02-02 02:25,330
C03152,P0033,P0003,2026-03-13 11:35,1191
C03153,P0230,P0222,2026-08-28 17:58,436
C03154,P0233,P0246,2026-04-12 15:57,202
C03155,P0069,P0087,2026-07-16 18:05,536
C03156,P0427,P0441,2026-07-28 09:43,511
C03157,P0012,P0449,2026-04-03 15:44,304
C03158,P0209,P0217,2026-06-05 16:09,655
C03159,P0267,P0288,2026-03-24 15:42,283
C03160,P0003,P0045,2026-03-01 17:25,121
C03161,P0302,P0321,2026-02-19 00:35,712
C03162,P0132,P0108,2026-07-21 06:46,136
C03163,P0357,P0372,2026-04-08 10:57,881
C03164,P0466,P0112,2026-07-20 22:48,431
C03165,P0046,P0465,2026-01-02 23:02,127
C03166,P0488,P0466,2026-02-18 14:33,253
C03167,P0415,P0482,2026-05-28 17:02,375
C03168,P0172,P0195,2026-05-03 10:34,388
C03169,P0040,P0048,2026-04-02 08:45,471
C03170,P0328,P0306,2026-04-25 13:25,368
C03171,P0033,P0006,2026-03-05 21:40,898
C03172,P0299,P0287,2026-05-25 14:57,545
C03173,P0434,P0002,2026-06-23 07:04,200
C03174,P0294,P0286,2026-04-22 23:15,37
C03175,P0222,P0255,2026-04-20 14:39,1051
C03176,P0107,P0136,2026-02-24 09:08,884
C03177,P0377,P0397,2026-06-21 00:48,232
C03178,P0378,P0381,2026-02-17 15:30,835
C03179,P0065,P0337,2026-04-14 07:27,1135
C03180,P0252,P0256,2026-07-25 20:10,961
C03181,P0089,P0304,2026-03-06 13:27,910
C03182,P0401,P0437,2026-04-15 20:25,195
C03183,P0419,P0167,2026-03-06 17:58,1121
C03184,P0001,P0238,2026-05-19 18:15,671
C03185,P0059,P0071,2026-06-20 15:30,972
C03186,P0289,P0282,2026-07-10 00:35,404
C03187,P0190,P0492,2026-01-11 00:59,168
C03188,P0482,P0479,2026-05-04 14:06,813
C03189,P0438,P0413,2026-02-27 04:37,741
C03190,P0180,P0411,2026-02-18 17:28,184
C03191,P0234,P0228,2026-01-02 20:23,109
C03192,P0462,P0467,2026-05-20 22:40,390
C03193,P0386,P0382,2026-06-21 14:03,497
C03194,P0138,P0113,2026-01-04 03:46,327
C03195,P0005,P0042,2026-07-27 20:02,1030
C03196,P0499,P0452,2026-07-22 20:38,725
C03197,P0111,P0115,2026-04-14 19:13,263
C03198,P0025,P0011,2026-01-01 15:40,420
C03199,P0117,P0112,2026-07-21 22:27,304
C03200,P0479,P0474,2026-04-16 23:40,610
C03201,P0358,P0415,2026-06-16 22:05,587
C03202,P0474,P0477,2026-08-09 01:46,799
C03203,P0364,P0374,2026-05-09 11:14,540
C03204,P0068,P0075,2026-07-18 17:42,877
C03205,P0413,P0443,2026-05-17 06:50,627
C03206,P0193,P0173,2026-07-21 05:54,872
C03207,P0111,P0223,2026-07-27 09:33,661
C03208,P0043,P0030,2026-08-12 16:30,29
C03209,P0462,P0312,2026-05-08 05:49,856
C03210,P0313,P0288,2026-04-22 20:16,635
C03211,P0339,P0345,2026-06-28 17:02,749
C03212,P0221,P0204,2026-06-24 01:38,378
C03213,P0330,P0311,2026-01-02 14:12,594
C03214,P0499,P0463,2026-01-23 14:28,485
C03215,P0251,P0465,2026-03-28 18:20,572
C03216,P0293,P0291,2026-01-08 17:59,78
C03217,P0122,P0136,2026-06-04 11:02,291
C03218,P0020,P0022,2026-01-22 05:35,212
C03219,P0265,P0255,2026-03-15 19:16,496
C03220,P0385,P0252,2026-06-07 02:51,225
C03221,P0193,P0173,2026-01-09 05:25,753
C03222,P0367,P0360,2026-07-27 21:24,395
C03223,P0177,P0057,2026-01-17 11:31,477
C03224,P0446,P0444,2026-06-12 09:21,184
C03225,P0303,P0339,2026-02-19 07:20,212
C03226,P0223,P0221,2026-04-23 14:44,84
C03227,P0214,P0070,2026-08-06 17:54,240
C03228,P0166,P0179,2026-05-13 03:53,307
C03229,P0342,P0163,2026-08-12 13:46,361
C03230,P0132,P0453,2026-02-06 13:01,1072
C03231,P0083,P0092,2026-08-13 05:00,141
C03232,P0156,P0189,2026-07-08 00:50,501
C03233,P0307,P0173,2026-02-14 23:31,141
C03234,P0046,P0022,2026-03-27 04:58,877
C03235,P0062,P0099,2026-04-09 07:52,1107
C03236,P0272,P0491,2026-01-10 16:22,205
C03237,P0104,P0110,2026-06-20 07:25,629
C03238,P0136,P0112,2026-04-04 07:16,291
C03239,P0279,P0275,2026-08-06 19:39,150
C03240,P0269,P0288,2026-01-24 09:40,549
C03241,P0084,P0096,2026-04-21 09:15,912
C03242,P0191,P0116,2026-02-02 21:41,341
C03243,P0481,P0458,2026-02-11 00:26,321
C03244,P0094,P0080,2026-03-13 10:51,151
C03245,P0110,P0439,2026-03-17 03:53,895
C03246,P0456,P0498,2026-01-24 16:31,488
C03247,P0080,P0081,2026-02-19 17:15,833
C03248,P0071,P0079,2026-04-22 14:27,1011
C03249,P0023,P0009,2026-08-16 00:28,618
C03250,P0498,P0490,2026-02-12 06:03,540
C03251,P0001,P0012,2026-01-05 20:24,1086
C03252,P0386,P0390,2026-01-07 23:19,729
C03253,P0088,P0305,2026-06-17 12:28,832
C03254,P0018,P0001,2026-04-09 13:43,960
C03255,P0241,P0205,2026-03-08 13:34,1054
C03256,P0066,P0086,2026-03-15 05:04,119
C03257,P0161,P0052,2026-04-08 08:24,143
C03258,P0211,P0210,2026-01-04 07:34,1140
C03259,P0162,P0153,2026-04-22 23:04,812
C03260,P0315,P0327,2026-01-08 17:36,196
C03261,P0366,P0398,2026-07-20 00:29,1065
C03262,P0242,P0232,2026-07-16 05:02,107
C03263,P0106,P0117,2026-02-25 01:30,38
C03264,P0316,P0318,2026-06-28 00:50,1111
C03265,P0165,P0054,2026-03-07 14:00,1103
C03266,P0100,P0088,2026-02-20 08:51,642
C03267,P0277,P0289,2026-08-05 19:25,724
C03268,P0089,P0062,2026-08-14 15:05,503
C03269,P0095,P0099,2026-07-25 04:54,891
C03270,P0276,P0257,2026-03-24 12:48,801
C03271,P0226,P0279,2026-04-01 11:23,1032
C03272,P0063,P0085,2026-08-24 09:52,115
C03273,P0114,P0144,2026-05-22 12:04,638
C03274,P0325,P0312,2026-08-14 06:46,467
C03275,P0055,P0080,2026-07-25 03:43,630
C03276,P0074,P0062,2026-05-17 07:07,832
C03277,P0378,P0216,2026-04-14 08:30,75
C03278,P0199,P0161,2026-07-18 18:24,1065
C03279,P0475,P0012,2026-04-13 17:35,493
C03280,P0235,P0215,2026-08-22 19:58,486
C03281,P0195,P0156,2026-06-19 05:47,316
C03282,P0362,P0486,2026-02-22 20:10,1008
C03283,P0197,P0169,2026-04-09 02:02,561
C03284,P0138,P0107,2026-02-18 14:10,282
C03285,P0231,P0208,2026-04-01 02:34,253
C03286,P0500,P0476,2026-01-28 15:21,937
C03287,P0442,P0417,2026-08-10 18:39,939
C03288,P0021,P0011,2026-03-04 15:07,246
C03289,P0322,P0327,2026-06-17 23:06,1152
C03290,P0051,P0078,2026-02-16 06:40,661
C03291,P0157,P0177,2026-04-27 03:10,964
C03292,P0188,P0427,2026-06-15 05:47,868
C03293,P0470,P0489,2026-07-07 15:58,1168
C03294,P0087,P0064,2026-01-13 16:10,116
C03295,P0192,P0151,2026-08-03 13:31,732
C03296,P0108,P0125,2026-04-26 22:12,883
C03297,P0411,P0429,2026-04-03 15:39,1099
C03298,P0453,P0499,2026-01-10 22:38,135
C03299,P0139,P0123,2026-05-12 16:49,701
C03300,P0295,P0277,2026-04-22 19:58,1142
C03301,P0064,P0079,2026-08-28 08:46,466
C03302,P0110,P0121,2026-06-04 14:51,577
C03303,P0495,P0498,2026-03-11 17:56,156
C03304,P0232,P0227,2026-03-04 22:11,404
C03305,P0008,P0045,2026-07-08 18:38,554
C03306,P0064,P0097,2026-05-11 07:06,662
C03307,P0039,P0016,2026-01-25 15:38,839
C03308,P0300,P0290,2026-01-21 18:27,646
C03309,P0485,P0480,2026-03-21 08:58,85
C03310,P0489,P0462,2026-02-15 15:40,405
C03311,P0077,P0076,2026-02-03 06:13,983
C03312,P0329,P0302,2026-08-23 04:07,1000
C03313,P0201,P0246,2026-03-10 04:41,371
C03314,P0207,P0245,2026-04-26 01:26,523
C03315,P0178,P0171,2026-05-01 03:57,1134
C03316,P0219,P0218,2026-03-10 17:55,574
C03317,P0011,P0045,2026-05-08 11:00,650
C03318,P0295,P0256,2026-02-22 23:32,892
C03319,P0277,P0268,2026-01-20 18:18,231
C03320,P0263,P0290,2026-02-07 14:02,675
C03321,P0120,P0121,2026-02-22 20:39,134
C03322,P0125,P0105,2026-02-01 20:12,671
C03323,P0468,P0462,2026-03-02 20:11,515
C03324,P0328,P0338,2026-07-20 05:49,363
C03325,P0165,P0185,2026-07-03 18:16,210
C03326,P0321,P0422,2026-04-20 21:01,492
C03327,P0157,P0065,2026-05-21 20:54,324
C03328,P0328,P0344,2026-03-17 23:12,573
C03329,P0170,P0194,2026-04-08 08:13,987
C03330,P0425,P0428,2026-05-24 01:32,910
C03331,P0186,P0416,2026-05-06 09:15,1171
C03332,P0459,P0486,2026-06-11 00:28,570
C03333,P0037,P0023,2026-03-25 17:40,1091
C03334,P0192,P0312,2026-05-16 20:55,36
C03335,P0339,P0328,2026-05-11 06:20,216
C03336,P0241,P0208,2026-06-02 08:29,275
C03337,P0268,P0104,2026-01-02 18:51,716
C03338,P0433,P0430,2026-04-09 09:47,843
C03339,P0428,P0429,2026-05-15 00:26,238
C03340,P0028,P0038,2026-01-03 08:39,921
C03341,P0042,P0014,2026-04-26 16:16,937
C03342,P0331,P0323,2026-07-14 23:20,20
C03343,P0085,P0097,2026-07-01 21:06,807
C03344,P0217,P0237,2026-03-07 09:44,444
C03345,P0189,P0313,2026-07-19 16:20,58
C03346,P0475,P0143,2026-06-25 00:41,706
C03347,P0210,P0439,2026-04-16 10:19,113
C03348,P0212,P0236,2026-07-03 15:53,1119
C03349,P0279,P0258,2026-05-02 04:21,134
C03350,P0350,P0440,2026-04-18 10:55,1024
C03351,P0149,P0125,2026-05-17 02:40,862
C03352,P0128,P0265,2026-05-19 07:48,853
C03353,P0445,P0027,2026-07-07 10:32,738
C03354,P0052,P0100,2026-02-28 04:28,1144
C03355,P0472,P0456,2026-04-01 09:41,1051
C03356,P0076,P0465,2026-08-15 11:33,790
C03357,P0025,P0457,2026-04-13 10:26,320
C03358,P0198,P0178,2026-04-09 09:43,596
C03359,P0467,P0476,2026-07-24 23:45,520
C03360,P0405,P0444,2026-03-07 07:23,920
C03361,P0081,P0096,2026-01-15 07:53,274
C03362,P0155,P0144,2026-06-15 14:56,896
C03363,P0309,P0325,2026-04-13 14:34,661
C03364,P0440,P0436,2026-08-27 15:16,1035
C03365,P0440,P0192,2026-05-22 09:41,510
C03366,P0430,P0258,2026-06-05 18:22,409
C03367,P0367,P0352,2026-04-16 12:29,879
C03368,P0202,P0217,2026-03-01 15:26,976
C03369,P0239,P0229,2026-06-07 09:05,175
C03370,P0400,P0364,2026-04-02 19:37,139
C03371,P0330,P0368,2026-01-19 08:47,88
C03372,P0191,P0204,2026-06-24 16:09,515
C03373,P0370,P0135,2026-06-08 16:51,703
C03374,P0324,P0316,2026-06-06 06:55,286
C03375,P0221,P0017,2026-01-28 01:16,975
C03376,P0498,P0456,2026-02-02 23:15,650
C03377,P0277,P0255,2026-02-20 22:48,1047
C03378,P0321,P0306,2026-02-18 03:43,671
C03379,P0368,P0376,2026-07-03 09:46,647
C03380,P0306,P0333,2026-07-17 15:42,20
C03381,P0397,P0388,2026-07-13 21:41,805
C03382,P0146,P0140,2026-01-24 11:45,292
C03383,P0289,P0288,2026-06-01 16:41,158
C03384,P0145,P0115,2026-04-01 23:11,1196
C03385,P0378,P0369,2026-01-11 08:53,1005
C03386,P0485,P0478,2026-03-05 02:16,132
C03387,P0156,P0185,2026-07-13 01:19,1012
C03388,P0164,P0186,2026-02-09 14:46,1044
C03389,P0230,P0220,2026-05-27 04:00,404
C03390,P0219,P0207,2026-01-24 21:10,482
C03391,P0247,P0331,2026-04-27 11:05,1120
C03392,P0350,P0359,2026-07-14 09:59,1037
C03393,P0064,P0056,2026-04-12 02:32,404
C03394,P0283,P0274,2026-04-09 13:49,671
C03395,P0073,P0064,2026-06-21 05:44,263
C03396,P0471,P0472,2026-01-26 18:33,641
C03397,P0061,P0086,2026-07-11 11:51,1082
C03398,P0499,P0444,2026-02-13 14:22,384
C03399,P0157,P0188,2026-04-10 17:48,1191
C03400,P0047,P0004,2026-04-18 02:52,548
C03401,P0097,P0133,2026-03-23 19:52,374
C03402,P0107,P0145,2026-06-19 14:47,515
C03403,P0434,P0027,2026-02-06 02:32,663
C03404,P0169,P0156,2026-02-10 23:25,200
C03405,P0072,P0092,2026-06-12 06:54,130
C03406,P0165,P0115,2026-01-07 01:51,649
C03407,P0379,P0385,2026-02-22 22:06,117
C03408,P0324,P0340,2026-05-22 10:20,955
C03409,P0316,P0348,2026-05-11 09:07,1163
C03410,P0095,P0306,2026-02-05 13:39,566
C03411,P0027,P0020,2026-02-20 23:51,230
C03412,P0095,P0098,2026-07-21 12:44,211
C03413,P0441,P0409,2026-03-22 08:08,272
C03414,P0127,P0133,2026-03-05 21:05,1042
C03415,P0311,P0342,2026-07-27 19:36,801
C03416,P0016,P0271,2026-04-21 08:31,1193
C03417,P0363,P0045,2026-01-01 11:36,491
C03418,P0282,P0259,2026-03-18 20:29,120
C03419,P0110,P0102,2026-01-21 21:29,567
C03420,P0482,P0498,2026-03-09 06:35,968
C03421,P0075,P0313,2026-06-03 09:21,401
C03422,P0416,P0023,2026-06-22 16:56,67
C03423,P0141,P0134,2026-07-01 12:02,609
C03424,P0112,P0117,2026-01-14 11:54,635
C03425,P0135,P0231,2026-07-23 19:21,105
C03426,P0017,P0006,2026-06-14 12:44,551
C03427,P0075,P0072,2026-06-14 04:14,1074
C03428,P0433,P0429,2026-07-12 13:44,506
C03429,P0343,P0304,2026-07-21 04:56,302
C03430,P0012,P0453,2026-02-04 23:55,416
C03431,P0018,P0031,2026-05-22 14:57,183
C03432,P0316,P0008,2026-04-17 00:13,694
C03433,P0234,P0238,2026-06-24 07:35,365
C03434,P0292,P0149,2026-05-03 18:45,269
C03435,P0497,P0454,2026-06-08 09:28,282
C03436,P0473,P0456,2026-07-16 06:40,135
C03437,P0170,P0374,2026-04-05 21:46,826
C03438,P0417,P0433,2026-07-27 20:33,867
C03439,P0170,P0195,2026-03-19 05:23,1115
C03440,P0134,P0111,2026-01-25 03:33,467
C03441,P0264,P0253,2026-07-17 16:21,894
C03442,P0244,P0228,2026-08-14 20:31,1048
C03443,P0318,P0321,2026-04-16 08:46,594
C03444,P0481,P0472,2026-03-03 07:22,430
C03445,P0371,P0373,2026-06-20 20:10,1050
C03446,P0368,P0385,2026-08-09 02:43,151
C03447,P0234,P0225,2026-03-14 14:20,266
C03448,P0334,P0061,2026-08-14 08:21,478
C03449,P0323,P0321,2026-02-25 11:49,912
C03450,P0090,P0076,2026-08-17 19:27,506
C03451,P0005,P0468,2026-01-19 06:22,1052
C03452,P0032,P0428,2026-02-13 06:53,97
C03453,P0287,P0281,2026-03-06 08:09,278
C03454,P0448,P0414,2026-05-25 21:38,362
C03455,P0336,P0304,2026-05-14 20:44,120
C03456,P0412,P0325,2026-01-09 00:50,437
C03457,P0236,P0201,2026-02-27 10:55,468
C03458,P0174,P0184,2026-07-13 23:31,233
C03459,P0168,P0134,2026-05-14 00:22,521
C03460,P0303,P0340,2026-07-16 08:59,845
C03461,P0132,P0109,2026-01-21 10:47,442
C03462,P0240,P0237,2026-02-04 19:44,333
C03463,P0277,P0279,2026-03-26 16:23,107
C03464,P0073,P0071,2026-04-18 07:55,60
C03465,P0372,P0371,2026-03-03 05:24,393
C03466,P0189,P0174,2026-07-16 20:32,566
C03467,P0301,P0329,2026-01-27 15:53,723
C03468,P0495,P0487,2026-02-20 16:04,954
C03469,P0255,P0260,2026-05-10 03:50,648
C03470,P0122,P0114,2026-02-14 08:39,1128
C03471,P0184,P0200,2026-06-22 18:30,577
C03472,P0323,P0325,2026-06-19 01:30,58
C03473,P0247,P0240,2026-05-21 22:13,646
C03474,P0335,P0331,2026-08-04 10:55,860
C03475,P0090,P0487,2026-03-24 00:53,564
C03476,P0440,P0460,2026-01-16 12:44,513
C03477,P0073,P0064,2026-06-19 14:29,275
C03478,P0340,P0025,2026-02-04 10:41,536
C03479,P0200,P0169,2026-05-08 21:04,557
C03480,P0359,P0362,2026-06-12 14:32,709
C03481,P0065,P0072,2026-05-21 23:40,1019
C03482,P0335,P0322,2026-06-15 06:39,663
C03483,P0135,P0124,2026-06-12 17:01,724
C03484,P0470,P0482,2026-06-17 03:41,857
C03485,P0134,P0150,2026-05-21 20:07,416
C03486,P0164,P0198,2026-05-15 00:19,57
C03487,P0226,P0238,2026-08-21 22:06,541
C03488,P0253,P0343,2026-08-24 22:15,615
C03489,P0296,P0271,2026-06-02 16:45,463
C03490,P0224,P0246,2026-07-02 03:29,72
C03491,P0307,P0302,2026-02-15 11:39,83
C03492,P0049,P0007,2026-08-24 01:24,962
C03493,P0237,P0203,2026-08-18 13:44,384
C03494,P0161,P0349,2026-02-13 22:09,244
C03495,P0187,P0297,2026-04-22 17:49,888
C03496,P0173,P0163,2026-07-16 07:23,749
C03497,P0477,P0453,2026-08-02 14:08,292
C03498,P0168,P0200,2026-02-07 07:51,727
C03499,P0386,P0100,2026-01-03 08:12,116
C03500,P0211,P0232,2026-05-20 07:27,849
C03501,P0473,P0116,2026-06-16 22:49,1182
C03502,P0095,P0068,2026-01-07 22:49,42
C03503,P0394,P0397,2026-04-26 11:49,914
C03504,P0288,P0417,2026-03-13 00:32,376
C03505,P0176,P0093,2026-07-08 23:30,561
C03506,P0060,P0083,2026-07-14 18:06,201
C03507,P0345,P0066,2026-04-26 05:04,560
C03508,P0121,P0111,2026-07-03 03:37,1021
C03509,P0280,P0291,2026-03-27 10:51,646
C03510,P0279,P0267,2026-05-13 11:44,459
C03511,P0268,P0269,2026-02-04 16:06,1110
C03512,P0256,P0264,2026-07-15 06:32,57
C03513,P0104,P0114,2026-02-23 18:13,930
C03514,P0370,P0220,2026-05-25 03:34,592
C03515,P0481,P0042,2026-05-13 21:08,359
C03516,P0067,P0093,2026-04-07 07:20,566
C03517,P0461,P0050,2026-02-06 14:10,1129
C03518,P0301,P0313,2026-01-17 15:56,828
C03519,P0240,P0465,2026-08-02 23:36,41
C03520,P0339,P0341,2026-08-14 03:34,505
C03521,P0194,P0074,2026-06-01 15:26,1008
C03522,P0091,P0077,2026-03-04 15:09,105
C03523,P0434,P0426,2026-01-22 09:06,1046
C03524,P0465,P0453,2026-04-27 21:10,812
C03525,P0336,P0169,2026-07-09 19:27,976
C03526,P0490,P0456,2026-07-02 10:45,492
C03527,P0025,P0017,2026-01-19 23:45,1016
C03528,P0170,P0159,2026-06-27 21:07,942
C03529,P0086,P0055,2026-06-18 18:06,404
C03530,P0410,P0438,2026-07-15 00:29,587
C03531,P0266,P0255,2026-04-21 12:46,303
C03532,P0175,P0488,2026-03-13 00:08,376
C03533,P0498,P0499,2026-01-18 22:32,952
C03534,P0233,P0201,2026-03-28 19:14,427
C03535,P0189,P0280,2026-04-25 16:52,630
C03536,P0491,P0456,2026-01-14 11:28,510
C03537,P0168,P0436,2026-02-16 09:21,539
C03538,P0200,P0195,2026-06-04 00:56,353
C03539,P0156,P0025,2026-02-05 17:15,407
C03540,P0274,P0283,2026-08-19 18:00,471
C03541,P0480,P0457,2026-08-16 02:54,1015
C03542,P0153,P0173,2026-07-17 14:58,136
C03543,P0156,P0038,2026-03-09 22:24,29
C03544,P0317,P0335,2026-04-25 20:40,1157
C03545,P0166,P0179,2026-07-18 08:07,1161
C03546,P0330,P0343,2026-07-28 01:00,814
C03547,P0221,P0242,2026-08-22 20:42,497
C03548,P0328,P0391,2026-08-25 07:02,486
C03549,P0238,P0227,2026-08-11 15:57,560
C03550,P0175,P0060,2026-01-10 17:17,1112
C03551,P0301,P0156,2026-08-24 06:53,259
C03552,P0275,P0252,2026-06-28 09:10,1010
C03553,P0500,P0488,2026-06-27 18:45,632
C03554,P0212,P0426,2026-02-04 03:03,1011
C03555,P0295,P0243,2026-07-10 14:23,613
C03556,P0277,P0272,2026-08-05 16:36,953
C03557,P0344,P0337,2026-04-10 16:21,569
C03558,P0349,P0013,2026-04-19 00:38,1059
C03559,P0334,P0323,2026-07-01 13:24,392
C03560,P0489,P0333,2026-07-03 06:33,290
C03561,P0401,P0281,2026-08-02 19:49,926
C03562,P0456,P0234,2026-08-20 11:29,103
C03563,P0106,P0292,2026-07-05 12:14,1037
C03564,P0148,P0149,2026-08-03 21:50,194
C03565,P0399,P0366,2026-06-04 04:35,879
C03566,P0027,P0035,2026-03-10 06:10,494
C03567,P0154,P0160,2026-04-20 18:59,490
C03568,P0302,P0326,2026-01-27 12:36,549
C03569,P0026,P0040,2026-06-21 04:12,718
C03570,P0321,P0350,2026-03-20 09:05,299
C03571,P0181,P0196,2026-01-02 12:55,562
C03572,P0422,P0419,2026-08-25 10:15,238
C03573,P0491,P0499,2026-01-09 05:23,736
C03574,P0464,P0074,2026-01-11 07:28,860
C03575,P0155,P0497,2026-03-12 10:51,81
C03576,P0336,P0334,2026-08-18 12:01,389
C03577,P0459,P0461,2026-02-08 02:58,1004
C03578,P0090,P0096,2026-06-18 12:26,447
C03579,P0398,P0296,2026-03-18 15:36,1094
C03580,P0082,P0471,2026-08-07 22:04,535
C03581,P0413,P0159,2026-06-26 13:11,1200
C03582,P0243,P0469,2026-07-10 09:07,894
C03583,P0199,P0162,2026-01-16 00:01,683
C03584,P0012,P0034,2026-08-10 10:43,182
C03585,P0010,P0044,2026-03-24 22:41,27
C03586,P0374,P0370,2026-06-09 02:25,584
C03587,P0459,P0493,2026-02-02 08:25,870
C03588,P0371,P0392,2026-01-25 03:22,370
C03589,P0479,P0467,2026-05-06 01:14,835
C03590,P0450,P0422,2026-05-24 17:59,406
C03591,P0474,P0483,2026-08-05 07:44,1157
C03592,P0446,P0442,2026-01-14 01:50,200
C03593,P0172,P0229,2026-03-08 04:25,1014
C03594,P0422,P0433,2026-02-20 20:29,34
C03595,P0047,P0007,2026-07-16 19:54,1009
C03596,P0040,P0009,2026-06-03 18:08,114
C03597,P0410,P0436,2026-06-05 07:14,325
C03598,P0231,P0431,2026-01-27 08:36,424
C03599,P0300,P0175,2026-03-19 03:21,1116
C03600,P0324,P0466,2026-06-11 03:04,899
C03601,P0411,P0310,2026-08-03 09:38,357
C03602,P0463,P0404,2026-08-11 14:19,246
C03603,P0494,P0159,2026-03-10 17:51,977
C03604,P0299,P0211,2026-03-13 04:22,183
C03605,P0416,P0445,2026-02-06 09:41,1197
C03606,P0496,P0406,2026-08-24 14:15,909
C03607,P0381,P0361,2026-05-10 06:40,646
C03608,P0270,P0290,2026-08-17 15:10,790
C03609,P0072,P0076,2026-05-08 16:55,108
C03610,P0315,P0469,2026-01-25 07:17,1113
C03611,P0209,P0219,2026-08-19 13:03,82
C03612,P0291,P0147,2026-01-20 02:26,745
C03613,P0377,P0359,2026-05-06 12:24,303
C03614,P0239,P0210,2026-01-08 13:50,492
C03615,P0096,P0068,2026-01-04 21:21,323
C03616,P0096,P0058,2026-08-06 05:25,656
C03617,P0133,P0252,2026-06-14 18:50,46
C03618,P0325,P0034,2026-05-05 19:51,476
C03619,P0290,P0284,2026-05-15 09:10,343
C03620,P0199,P0192,2026-06-20 13:43,870
C03621,P0247,P0404,2026-08-26 02:22,530
C03622,P0011,P0405,2026-03-06 13:49,354
C03623,P0239,P0374,2026-04-13 10:00,107
C03624,P0139,P0137,2026-01-19 01:45,133
C03625,P0377,P0355,2026-05-10 04:28,1050
C03626,P0271,P0267,2026-01-23 09:11,529
C03627,P0482,P0489,2026-03-24 22:47,145
C03628,P0227,P0487,2026-06-26 08:36,480
C03629,P0215,P0244,2026-07-19 00:17,674
C03630,P0379,P0399,2026-03-26 22:22,377
C03631,P0445,P0415,2026-06-15 06:15,1066
C03632,P0166,P0152,2026-08-08 08:21,529
C03633,P0154,P0162,2026-04-14 09:06,386
C03634,P0367,P0352,2026-06-07 22:52,959
C03635,P0165,P0173,2026-01-11 02:25,118
C03636,P0121,P0107,2026-01-16 22:05,768
C03637,P0167,P0274,2026-08-02 18:17,127
C03638,P0142,P0144,2026-05-11 12:19,165
C03639,P0461,P0474,2026-06-28 02:08,676
C03640,P0032,P0050,2026-02-19 02:54,530
C03641,P0376,P0499,2026-06-01 11:45,477
C03642,P0159,P0313,2026-05-25 02:39,983
C03643,P0399,P0371,2026-06-16 03:57,823
C03644,P0162,P0183,2026-03-09 13:15,55
C03645,P0221,P0062,2026-07-05 02:42,1118
C03646,P0316,P0321,2026-03-01 00:29,912
C03647,P0161,P0022,2026-05-05 01:20,1171
C03648,P0423,P0443,2026-07-20 14:29,178
C03649,P0195,P0178,2026-01-17 01:47,97
C03650,P0069,P0099,2026-07-24 03:54,122
C03651,P0308,P0077,2026-08-27 16:33,1045
C03652,P0439,P0414,2026-01-09 12:42,254
C03653,P0186,P0184,2026-02-14 16:30,1117
C03654,P0046,P0271,2026-06-14 19:02,737
C03655,P0475,P0472,2026-07-25 17:34,348
C03656,P0134,P0103,2026-01-16 04:45,1019
C03657,P0047,P0041,2026-02-22 21:55,614
C03658,P0180,P0164,2026-06-14 09:01,974
C03659,P0035,P0015,2026-01-25 12:38,928
C03660,P0267,P0390,2026-06-04 20:16,729
C03661,P0312,P0281,2026-04-14 14:57,182
C03662,P0367,P0387,2026-01-14 12:33,1074
C03663,P0231,P0191,2026-02-28 17:21,1026
C03664,P0044,P0218,2026-05-12 13:02,739
C03665,P0276,P0264,2026-05-08 02:32,119
C03666,P0336,P0225,2026-04-19 04:01,86
C03667,P0423,P0428,2026-06-25 06:15,981
C03668,P0366,P0352,2026-04-04 12:31,1161
C03669,P0461,P0477,2026-02-12 09:35,1004
C03670,P0007,P0010,2026-05-22 01:08,787
C03671,P0149,P0173,2026-06-01 21:03,720
C03672,P0033,P0048,2026-01-22 18:37,1147
C03673,P0291,P0434,2026-08-13 20:29,505
C03674,P0359,P0370,2026-07-04 12:13,47
C03675,P0216,P0234,2026-04-25 21:03,76
C03676,P0069,P0065,2026-06-06 19:19,482
C03677,P0252,P0355,2026-05-04 14:36,1179
C03678,P0212,P0161,2026-05-14 12:09,1068
C03679,P0173,P0157,2026-07-06 04:21,337
C03680,P0291,P0276,2026-01-01 05:08,531
C03681,P0169,P0153,2026-06-13 23:29,944
C03682,P0500,P0489,2026-02-06 11:05,775
C03683,P0017,P0007,2026-03-25 16:56,44
C03684,P0326,P0328,2026-01-23 17:51,255
C03685,P0112,P0297,2026-03-16 16:35,621
C03686,P0249,P0326,2026-01-19 17:24,416
C03687,P0259,P0281,2026-07-20 10:53,1149
C03688,P0439,P0440,2026-05-10 09:09,50
C03689,P0245,P0236,2026-03-09 17:34,824
C03690,P0066,P0080,2026-04-15 02:19,771
C03691,P0058,P0085,2026-01-23 04:24,799
C03692,P0067,P0058,2026-04-22 18:26,33
C03693,P0017,P0030,2026-02-28 16:36,274
C03694,P0418,P0298,2026-03-24 10:54,794
C03695,P0347,P0307,2026-03-10 23:31,858
C03696,P0169,P0155,2026-01-08 08:05,595
C03697,P0084,P0057,2026-02-28 17:40,232
C03698,P0256,P0295,2026-04-06 10:40,257
C03699,P0493,P0451,2026-05-10 14:02,1048
C03700,P0037,P0048,2026-05-26 01:51,811
C03701,P0243,P0233,2026-08-17 06:04,64
C03702,P0223,P0249,2026-07-09 10:30,276
C03703,P0079,P0235,2026-06-22 15:38,570
C03704,P0233,P0372,2026-05-01 07:13,941
C03705,P0491,P0488,2026-08-01 19:14,525
C03706,P0176,P0198,2026-05-03 05:52,848
C03707,P0037,P0003,2026-07-01 07:10,893
C03708,P0231,P0180,2026-04-03 22:41,1159
C03709,P0376,P0366,2026-02-22 01:05,74
C03710,P0309,P0208,2026-06-10 13:50,213
C03711,P0176,P0153,2026-07-10 00:03,595
C03712,P0426,P0430,2026-05-18 12:49,1082
C03713,P0417,P0434,2026-02-15 00:57,524
C03714,P0052,P0054,2026-08-26 14:00,167
C03715,P0192,P0181,2026-06-19 09:38,424
C03716,P0418,P0479,2026-01-15 16:06,246
C03717,P0038,P0227,2026-02-19 22:48,886
C03718,P0019,P0143,2026-01-06 02:17,606
C03719,P0272,P0288,2026-07-15 08:14,495
C03720,P0420,P0443,2026-07-23 10:23,351
C03721,P0081,P0100,2026-01-27 06:46,499
C03722,P0049,P0004,2026-05-20 22:51,388
C03723,P0323,P0314,2026-07-23 03:47,998
C03724,P0366,P0357,2026-08-07 18:55,641
C03725,P0356,P0468,2026-03-09 16:31,331
C03726,P0101,P0406,2026-06-28 16:24,694
C03727,P0125,P0428,2026-03-28 15:42,814
C03728,P0067,P0095,2026-02-08 08:36,431
C03729,P0459,P0392,2026-08-20 12:28,88
C03730,P0274,P0286,2026-02-16 07:52,674
C03731,P0108,P0146,2026-02-13 04:21,70
C03732,P0486,P0490,2026-04-12 08:25,639
C03733,P0485,P0495,2026-08-01 03:18,691
C03734,P0015,P0039,2026-04-09 21:08,993
C03735,P0097,P0085,2026-07-13 23:37,329
C03736,P0139,P0142,2026-01-11 00:39,375
C03737,P0001,P0004,2026-02-26 03:42,133
C03738,P0278,P0255,2026-07-03 18:29,414
C03739,P0250,P0248,2026-02-05 02:54,493
C03740,P0433,P0409,2026-04-17 09:42,788
C03741,P0320,P0027,2026-07-16 04:12,466
C03742,P0243,P0217,2026-02-16 21:56,974
C03743,P0126,P0322,2026-07-28 11:20,878
C03744,P0109,P0105,2026-03-05 00:26,456
C03745,P0270,P0373,2026-07-27 09:07,1004
C03746,P0152,P0160,2026-04-14 08:48,258
C03747,P0339,P0316,2026-07-17 06:20,155
C03748,P0378,P0368,2026-01-27 07:09,481
C03749,P0342,P0035,2026-04-22 05:21,306
C03750,P0274,P0077,2026-07-26 14:58,228
C03751,P0466,P0480,2026-05-20 19:36,677
C03752,P0085,P0480,2026-03-11 05:58,868
C03753,P0133,P0155,2026-05-25 07:51,899
C03754,P0374,P0278,2026-07-17 03:55,257
C03755,P0165,P0153,2026-07-09 00:38,1084
C03756,P0432,P0431,2026-02-27 10:20,732
C03757,P0050,P0041,2026-07-23 05:49,1006
C03758,P0454,P0461,2026-06-19 03:44,331
C03759,P0225,P0216,2026-08-06 03:26,385
C03760,P0495,P0204,2026-07-24 00:13,318
C03761,P0420,P0405,2026-01-06 19:20,725
C03762,P0487,P0482,2026-08-25 07:46,952
C03763,P0408,P0293,2026-04-20 11:31,666
C03764,P0035,P0289,2026-03-09 23:28,571
C03765,P0055,P0081,2026-04-13 14:00,467
C03766,P0310,P0323,2026-07-21 14:55,902
C03767,P0124,P0136,2026-05-24 05:13,445
C03768,P0035,P0003,2026-06-13 07:02,1060
C03769,P0461,P0491,2026-05-21 17:08,1067
C03770,P0108,P0103,2026-08-22 22:33,1094
C03771,P0141,P0129,2026-04-23 13:22,615
C03772,P0112,P0101,2026-08-05 00:04,939
C03773,P0282,P0152,2026-03-18 15:16,162
C03774,P0132,P0140,2026-07-25 06:40,830
C03775,P0140,P0147,2026-06-12 10:05,59
C03776,P0256,P0253,2026-02-20 09:44,1121
C03777,P0364,P0066,2026-03-14 05:13,117
C03778,P0301,P0329,2026-03-05 07:20,98
C03779,P0415,P0401,2026-04-22 08:43,311
C03780,P0328,P0141,2026-04-15 10:51,439
C03781,P0350,P0337,2026-03-28 17:01,249
C03782,P0364,P0203,2026-04-04 13:53,893
C03783,P0431,P0447,2026-05-01 07:13,22
C03784,P0217,P0205,2026-01-13 03:27,820
C03785,P0351,P0352,2026-05-10 23:21,1151
C03786,P0297,P0292,2026-02-16 13:19,312
C03787,P0345,P0311,2026-01-19 04:18,216
C03788,P0021,P0002,2026-07-20 18:45,871
C03789,P0158,P0172,2026-03-23 10:23,347
C03790,P0109,P0143,2026-01-11 16:53,1142
C03791,P0392,P0379,2026-05-08 11:58,575
C03792,P0489,P0359,2026-05-16 12:11,716
C03793,P0347,P0102,2026-06-02 03:05,257
C03794,P0398,P0082,2026-06-11 16:43,911
C03795,P0238,P0229,2026-03-13 01:14,188
C03796,P0142,P0273,2026-01-08 00:16,754
C03797,P0274,P0457,2026-01-23 18:30,261
C03798,P0222,P0035,2026-05-27 04:11,470
C03799,P0295,P0300,2026-05-22 23:23,390
C03800,P0287,P0277,2026-08-11 14:31,200
C03801,P0179,P0188,2026-04-01 22:19,698
C03802,P0129,P0117,2026-06-25 21:06,199
C03803,P0001,P0282,2026-06-17 18:29,99
C03804,P0056,P0450,2026-06-22 05:11,258
C03805,P0104,P0195,2026-07-02 00:58,1072
C03806,P0378,P0394,2026-02-05 21:32,1077
C03807,P0151,P0194,2026-08-09 12:57,236
C03808,P0383,P0127,2026-08-19 19:08,975
C03809,P0295,P0276,2026-01-26 07:13,1086
C03810,P0434,P0444,2026-06-27 04:32,768
C03811,P0494,P0484,2026-07-17 20:06,1138
C03812,P0133,P0398,2026-04-19 14:25,517
C03813,P0451,P0492,2026-01-16 07:31,602
C03814,P0497,P0492,2026-05-26 08:20,967
C03815,P0220,P0218,2026-02-28 01:28,845
C03816,P0148,P0128,2026-03-13 20:49,723
C03817,P0170,P0200,2026-08-27 11:36,243
C03818,P0047,P0017,2026-04-11 18:41,1075
C03819,P0484,P0472,2026-01-15 19:45,1192
C03820,P0187,P0260,2026-06-15 16:48,476
C03821,P0255,P0169,2026-07-22 17:04,794
C03822,P0214,P0220,2026-01-16 22:13,136
C03823,P0334,P0344,2026-02-26 21:53,974
C03824,P0307,P0344,2026-04-11 21:01,25
C03825,P0414,P0425,2026-03-05 06:12,1046
C03826,P0016,P0013,2026-07-19 18:38,716
C03827,P0422,P0444,2026-01-24 05:14,198
C03828,P0493,P0071,2026-07-11 06:10,959
C03829,P0258,P0269,2026-08-05 08:38,129
C03830,P0116,P0118,2026-08-16 02:18,888
C03831,P0169,P0454,2026-01-19 07:45,751
C03832,P0295,P0279,2026-01-05 01:02,861
C03833,P0205,P0213,2026-07-10 08:59,758
C03834,P0376,P0358,2026-03-04 17:36,530
C03835,P0306,P0048,2026-03-16 21:46,49
C03836,P0167,P0016,2026-08-24 12:06,335
C03837,P0135,P0142,2026-04-21 22:40,74
C03838,P0219,P0227,2026-06-08 21:00,545
C03839,P0272,P0288,2026-06-02 04:26,454
C03840,P0301,P0332,2026-08-16 17:38,658
C03841,P0111,P0119,2026-03-16 13:54,412
C03842,P0454,P0467,2026-07-02 00:33,384
C03843,P0176,P0187,2026-07-24 21:52,311
C03844,P0218,P0456,2026-01-06 21:11,326
C03845,P0374,P0372,2026-01-13 03:29,96
C03846,P0352,P0397,2026-02-11 21:06,373
C03847,P0188,P0164,2026-05-10 19:02,956
C03848,P0361,P0358,2026-07-06 23:04,1148
C03849,P0199,P0194,2026-04-19 23:40,168
C03850,P0081,P0296,2026-07-26 20:39,320
C03851,P0265,P0252,2026-08-03 05:11,875
C03852,P0036,P0009,2026-03-17 07:41,968
C03853,P0212,P0230,2026-01-11 09:39,1166
C03854,P0435,P0429,2026-03-18 04:03,839
C03855,P0145,P0143,2026-01-03 05:26,1153
C03856,P0217,P0227,2026-07-12 16:37,683
C03857,P0232,P0227,2026-01-28 18:26,59
C03858,P0229,P0210,2026-05-27 10:11,760
C03859,P0386,P0380,2026-05-16 15:35,1118
C03860,P0351,P0395,2026-05-14 10:30,978
C03861,P0028,P0006,2026-03-20 16:32,949
C03862,P0079,P0280,2026-05-05 12:33,145
C03863,P0070,P0263,2026-03-13 21:46,165
C03864,P0317,P0308,2026-08-01 00:21,421
C03865,P0039,P0331,2026-07-02 10:24,834
C03866,P0013,P0005,2026-07-13 09:30,773
C03867,P0130,P0138,2026-04-04 05:48,557
C03868,P0266,P0274,2026-05-03 12:50,56
C03869,P0456,P0490,2026-05-18 00:33,921
C03870,P0081,P0051,2026-07-16 03:23,369
C03871,P0392,P0357,2026-01-16 09:03,603
C03872,P0336,P0338,2026-06-24 14:38,796
C03873,P0142,P0119,2026-07-03 21:03,690
C03874,P0047,P0018,2026-01-02 21:30,124
C03875,P0255,P0285,2026-06-01 23:11,44
C03876,P0123,P0143,2026-05-19 15:10,490
C03877,P0462,P0453,2026-02-01 21:11,983
C03878,P0489,P0481,2026-05-21 14:43,703
C03879,P0478,P0471,2026-08-24 09:16,362
C03880,P0343,P0344,2026-05-22 20:10,135
C03881,P0319,P0308,2026-06-25 23:13,922
C03882,P0256,P0263,2026-04-15 19:49,490
C03883,P0405,P0217,2026-07-24 18:49,936
C03884,P0098,P0094,2026-07-25 00:53,1105
C03885,P0400,P0356,2026-08-10 19:42,115
C03886,P0267,P0153,2026-07-17 16:05,583
C03887,P0453,P0483,2026-01-07 10:32,840
C03888,P0044,P0023,2026-08-09 08:21,74
C03889,P0486,P0478,2026-04-06 08:23,518
C03890,P0398,P0388,2026-02-04 03:05,136
C03891,P0266,P0191,2026-02-18 08:26,888
C03892,P0313,P0284,2026-06-20 07:52,359
C03893,P0287,P0277,2026-02-17 21:13,127
C03894,P0233,P0371,2026-04-21 08:44,1109
C03895,P0010,P0043,2026-07-09 04:22,1034
C03896,P0101,P0122,2026-06-10 17:52,355
C03897,P0265,P0446,2026-08-26 17:55,228
C03898,P0105,P0149,2026-05-16 21:16,1125
C03899,P0225,P0201,2026-05-06 18:15,953
C03900,P0247,P0370,2026-05-22 15:50,389
C03901,P0306,P0330,2026-03-16 10:34,117
C03902,P0177,P0410,2026-03-20 05:27,933
C03903,P0430,P0220,2026-08-19 17:33,964
C03904,P0170,P0151,2026-05-11 16:16,945
C03905,P0495,P0036,2026-04-09 00:07,298
C03906,P0298,P0355,2026-04-14 00:44,692
C03907,P0223,P0094,2026-08-11 21:04,447
C03908,P0184,P0189,2026-01-04 04:53,590
C03909,P0271,P0147,2026-05-16 19:15,884
C03910,P0277,P0258,2026-02-12 13:35,843
C03911,P0145,P0116,2026-01-26 14:01,877
C03912,P0234,P0202,2026-06-08 03:24,91
C03913,P0129,P0141,2026-05-08 07:03,456
C03914,P0492,P0346,2026-03-26 20:45,1027
C03915,P0341,P0342,2026-03-10 09:29,741
C03916,P0057,P0059,2026-02-07 17:44,49
C03917,P0136,P0132,2026-01-13 13:04,673
C03918,P0223,P0240,2026-06-17 12:24,494
C03919,P0296,P0269,2026-02-17 00:10,1148
C03920,P0122,P0109,2026-02-06 21:33,1126
C03921,P0453,P0471,2026-05-13 18:59,1097
C03922,P0090,P0275,2026-03-23 17:18,939
C03923,P0169,P0079,2026-01-08 02:42,471
C03924,P0086,P0418,2026-08-03 23:48,363
C03925,P0102,P0114,2026-07-13 16:27,620
C03926,P0398,P0381,2026-07-05 13:34,712
C03927,P0134,P0130,2026-07-01 23:15,326
C03928,P0379,P0386,2026-04-27 08:28,183
C03929,P0004,P0209,2026-03-22 17:14,474
C03930,P0299,P0291,2026-06-16 07:21,890
C03931,P0129,P0132,2026-01-02 08:21,456
C03932,P0296,P0288,2026-08-07 01:08,966
C03933,P0111,P0136,2026-06-27 14:59,66
C03934,P0117,P0103,2026-03-11 10:21,614
C03935,P0267,P0310,2026-04-19 14:57,958
C03936,P0207,P0227,2026-08-18 17:54,161
C03937,P0477,P0491,2026-05-13 20:29,496
C03938,P0275,P0289,2026-01-10 08:32,561
C03939,P0221,P0256,2026-04-07 05:45,385
C03940,P0095,P0061,2026-05-18 19:21,741
C03941,P0352,P0351,2026-07-06 07:43,556
C03942,P0299,P0431,2026-05-06 13:17,85
C03943,P0041,P0036,2026-06-07 01:05,283
C03944,P0025,P0116,2026-04-19 16:01,260
C03945,P0432,P0406,2026-07-05 17:14,527
C03946,P0440,P0404,2026-06-18 02:02,1127
C03947,P0074,P0064,2026-04-15 08:53,424
C03948,P0352,P0359,2026-08-16 05:32,963
C03949,P0275,P0274,2026-07-22 19:23,967
C03950,P0493,P0469,2026-06-16 10:36,722
C03951,P0274,P0252,2026-06-11 20:15,812
C03952,P0079,P0058,2026-05-17 11:56,606
C03953,P0287,P0115,2026-06-06 22:20,288
C03954,P0340,P0460,2026-06-05 01:29,1104
C03955,P0411,P0450,2026-02-13 20:20,217
C03956,P0313,P0323,2026-03-03 09:53,786
C03957,P0221,P0210,2026-01-26 06:02,297
C03958,P0349,P0340,2026-05-15 06:01,1070
C03959,P0281,P0073,2026-05-02 06:52,762
C03960,P0162,P0197,2026-02-26 05:47,602
C03961,P0147,P0005,2026-03-19 06:49,913
C03962,P0037,P0017,2026-02-06 22:05,1149
C03963,P0186,P0368,2026-03-12 15:36,669
C03964,P0046,P0002,2026-05-27 15:38,537
C03965,P0160,P0171,2026-05-14 00:05,1153
C03966,P0045,P0489,2026-02-07 09:47,497
C03967,P0446,P0424,2026-08-03 06:13,905
C03968,P0378,P0385,2026-07-03 05:31,509
C03969,P0108,P0150,2026-02-05 00:49,358
C03970,P0183,P0156,2026-04-02 02:18,645
C03971,P0140,P0134,2026-01-18 17:41,1101
C03972,P0475,P0494,2026-07-10 11:10,405
C03973,P0457,P0494,2026-01-17 04:04,464
C03974,P0336,P0347,2026-04-04 14:09,498
C03975,P0452,P0442,2026-07-16 01:19,161
C03976,P0044,P0006,2026-04-23 17:57,1173
C03977,P0083,P0099,2026-08-10 01:20,81
C03978,P0161,P0152,2026-04-09 08:37,773
C03979,P0355,P0367,2026-08-25 12:22,138
C03980,P0254,P0233,2026-06-25 22:09,753
C03981,P0360,P0365,2026-02-27 12:48,447
C03982,P0013,P0043,2026-08-21 16:46,177
C03983,P0021,P0050,2026-08-28 00:12,1194
C03984,P0154,P0178,2026-07-28 14:01,47
C03985,P0468,P0476,2026-07-13 21:38,522
C03986,P0071,P0393,2026-04-07 22:29,141
C03987,P0098,P0094,2026-06-17 00:50,74
C03988,P0068,P0092,2026-01-18 13:12,531
C03989,P0214,P0202,2026-07-11 17:49,1025
C03990,P0445,P0434,2026-04-20 20:10,518
C03991,P0497,P0451,2026-08-06 04:33,685
C03992,P0430,P0355,2026-03-22 11:35,711
C03993,P0183,P0162,2026-02-07 19:49,254
C03994,P0489,P0216,2026-01-07 09:33,358
C03995,P0121,P0220,2026-08-18 17:58,442
C03996,P0363,P0376,2026-04-05 07:34,54
C03997,P0177,P0167,2026-08-12 16:19,866
C03998,P0234,P0228,2026-08-23 08:06,824
C03999,P0059,P0053,2026-07-08 03:29,701
C04000,P0137,P0129,2026-08-13 01:07,552
C04001,P0201,P0233,2026-02-04 23:49,571
C04002,P0074,P0079,2026-03-18 03:45,658
C04003,P0305,P0327,2026-07-04 03:19,811
C04004,P0441,P0102,2026-07-03 02:33,360
C04005,P0022,P0046,2026-05-13 11:58,548
C04006,P0333,P0316,2026-07-17 08:59,494
C04007,P0068,P0052,2026-04-10 21:17,664
C04008,P0287,P0273,2026-07-26 13:01,38
C04009,P0006,P0039,2026-07-21 04:09,1036
C04010,P0490,P0113,2026-07-26 18:30,566
C04011,P0092,P0097,2026-08-24 06:24,1106
C04012,P0293,P0254,2026-06-27 21:40,943
C04013,P0463,P0467,2026-01-25 22:38,1194
C04014,P0253,P0285,2026-02-03 06:26,551
C04015,P0386,P0397,2026-01-08 08:52,1100
C04016,P0418,P0413,2026-08-27 14:02,51
C04017,P0132,P0137,2026-06-23 21:36,706
C04018,P0064,P0157,2026-03-20 11:16,603
C04019,P0328,P0337,2026-06-10 04:53,193
C04020,P0385,P0357,2026-08-27 22:44,744
C04021,P0067,P0244,2026-06-06 16:00,44
C04022,P0092,P0079,2026-04-09 09:29,602
C04023,P0288,P0262,2026-04-11 21:07,858
C04024,P0415,P0411,2026-07-09 23:32,1016
C04025,P0004,P0006,2026-08-01 14:35,231
C04026,P0469,P0491,2026-06-15 12:04,510
C04027,P0250,P0237,2026-05-18 09:05,610
C04028,P0171,P0196,2026-06-25 04:50,1129
C04029,P0181,P0161,2026-08-23 11:55,850
C04030,P0486,P0458,2026-04-02 04:26,687
C04031,P0396,P0381,2026-02-27 02:21,1080
C04032,P0084,P0080,2026-01-22 16:50,588
C04033,P0032,P0047,2026-02-04 13:07,175
C04034,P0317,P0325,2026-02-04 18:54,1053
C04035,P0480,P0474,2026-05-06 23:49,638
C04036,P0251,P0109,2026-06-23 05:15,1037
C04037,P0343,P0248,2026-05-18 21:53,1034
C04038,P0031,P0036,2026-02-21 04:21,516
C04039,P0061,P0056,2026-01-18 05:48,359
C04040,P0488,P0454,2026-07-22 12:26,59
C04041,P0324,P0347,2026-04-18 06:53,1189
C04042,P0280,P0255,2026-07-10 12:48,1104
C04043,P0100,P0096,2026-01-27 00:12,987
C04044,P0452,P0479,2026-01-26 07:31,1085
C04045,P0271,P0324,2026-07-23 22:48,910
C04046,P0481,P0297,2026-04-06 01:31,91
C04047,P0416,P0418,2026-05-20 04:43,911
C04048,P0235,P0229,2026-07-22 05:39,859
C04049,P0369,P0394,2026-05-26 10:25,668
C04050,P0331,P0326,2026-06-22 08:05,1064
C04051,P0079,P0088,2026-05-16 15:36,736
C04052,P0013,P0020,2026-06-25 04:48,325
C04053,P0312,P0326,2026-04-02 06:08,816
C04054,P0223,P0211,2026-06-15 07:15,40
C04055,P0030,P0049,2026-05-25 01:46,800
C04056,P0078,P0083,2026-06-05 20:09,576
C04057,P0374,P0358,2026-03-11 22:35,429
C04058,P0488,P0452,2026-01-24 11:53,449
C04059,P0339,P0314,2026-04-05 15:27,492
C04060,P0209,P0210,2026-06-23 12:10,1084
C04061,P0115,P0132,2026-03-06 10:48,445
C04062,P0165,P0196,2026-08-27 23:44,128
C04063,P0470,P0460,2026-04-09 01:13,932
C04064,P0163,P0165,2026-04-22 03:40,1120
C04065,P0264,P0108,2026-05-12 12:40,188
C04066,P0386,P0391,2026-01-09 14:14,920
C04067,P0446,P0442,2026-06-25 21:43,252
C04068,P0337,P0343,2026-07-18 00:57,810
C04069,P0270,P0297,2026-03-04 11:31,1124
C04070,P0238,P0318,2026-03-14 09:01,681
C04071,P0141,P0129,2026-04-21 19:27,1089
C04072,P0464,P0467,2026-03-17 17:13,1191
C04073,P0480,P0490,2026-08-22 21:33,465
C04074,P0095,P0074,2026-01-08 05:06,1064
C04075,P0494,P0477,2026-06-26 11:49,185
C04076,P0009,P0022,2026-01-13 13:27,1093
C04077,P0026,P0042,2026-08-08 09:31,875
C04078,P0237,P0244,2026-07-08 04:35,753
C04079,P0046,P0456,2026-01-08 16:21,399
C04080,P0375,P0361,2026-03-04 10:22,1179
C04081,P0124,P0465,2026-08-10 06:36,869
C04082,P0467,P0490,2026-06-20 09:00,431
C04083,P0271,P0298,2026-05-14 11:27,773
C04084,P0354,P0383,2026-08-07 01:03,326
C04085,P0047,P0009,2026-03-24 14:13,798
C04086,P0194,P0198,2026-03-12 23:24,964
C04087,P0111,P0147,2026-04-10 16:28,568
C04088,P0455,P0478,2026-07-01 03:37,273
C04089,P0020,P0036,2026-07-13 23:46,66
C04090,P0107,P0500,2026-03-14 09:19,936
C04091,P0286,P0454,2026-04-22 15:32,751
C04092,P0206,P0231,2026-07-26 01:50,67
C04093,P0357,P0377,2026-05-25 22:42,769
C04094,P0407,P0401,2026-05-12 15:52,525
C04095,P0328,P0337,2026-05-09 15:50,457
C04096,P0185,P0179,2026-01-24 22:20,287
C04097,P0452,P0493,2026-06-13 13:22,199
C04098,P0385,P0370,2026-08-15 02:37,1102
C04099,P0277,P0258,2026-04-15 08:15,560
C04100,P0476,P0483,2026-06-20 06:32,103
C04101,P0254,P0260,2026-04-02 16:55,1188
C04102,P0318,P0326,2026-03-09 07:19,495
C04103,P0426,P0439,2026-06-06 03:11,229
C04104,P0303,P0316,2026-08-03 00:33,1138
C04105,P0270,P0277,2026-05-13 13:00,633
C04106,P0014,P0031,2026-07-09 14:17,961
C04107,P0458,P0493,2026-02-14 02:11,383
C04108,P0253,P0299,2026-04-24 18:52,849
C04109,P0286,P0277,2026-02-21 18:57,110
C04110,P0208,P0221,2026-04-07 06:23,288
C04111,P0213,P0366,2026-07-01 03:52,477
C04112,P0298,P0251,2026-01-06 18:21,1006
C04113,P0401,P0407,2026-01-03 05:54,622
C04114,P0439,P0239,2026-02-18 02:58,787
C04115,P0348,P0342,2026-02-20 09:38,1183
C04116,P0060,P0098,2026-07-21 23:23,94
C04117,P0173,P0062,2026-02-22 23:51,475
C04118,P0296,P0211,2026-08-03 16:27,1028
C04119,P0035,P0001,2026-05-20 04:38,437
C04120,P0446,P0424,2026-01-16 22:06,885
C04121,P0465,P0464,2026-03-03 06:17,1200
C04122,P0103,P0137,2026-05-02 21:03,456
C04123,P0081,P0082,2026-06-17 17:22,809
C04124,P0367,P0385,2026-01-13 12:06,159
C04125,P0127,P0148,2026-03-24 01:41,490
C04126,P0199,P0304,2026-06-03 13:20,1024
C04127,P0108,P0136,2026-07-02 20:04,1130
C04128,P0093,P0097,2026-03-28 21:45,491
C04129,P0315,P0433,2026-04-07 01:11,684
C04130,P0450,P0432,2026-03-02 13:50,328
C04131,P0243,P0222,2026-07-18 21:44,1054
C04132,P0052,P0088,2026-07-21 03:36,848
C04133,P0025,P0496,2026-05-12 00:22,354
C04134,P0149,P0104,2026-04-26 13:00,1082
C04135,P0250,P0207,2026-01-09 08:47,853
C04136,P0449,P0278,2026-02-23 19:31,229
C04137,P0416,P0418,2026-07-19 10:16,594
C04138,P0252,P0276,2026-01-19 21:51,700
C04139,P0467,P0257,2026-01-14 04:44,955
C04140,P0328,P0339,2026-04-22 19:40,1138
C04141,P0179,P0293,2026-01-16 08:09,581
C04142,P0143,P0140,2026-01-10 19:22,950
C04143,P0334,P0227,2026-07-06 10:54,410
C04144,P0419,P0430,2026-07-25 12:38,195
C04145,P0413,P0177,2026-04-02 03:25,605
C04146,P0441,P0426,2026-02-16 09:43,788
C04147,P0164,P0299,2026-01-05 21:24,285
C04148,P0375,P0356,2026-02-25 12:24,300
C04149,P0277,P0205,2026-07-01 06:19,1089
C04150,P0336,P0339,2026-07-16 20:02,275
C04151,P0311,P0332,2026-08-27 21:18,111
C04152,P0282,P0259,2026-04-03 22:09,680
C04153,P0113,P0122,2026-03-11 23:24,89
C04154,P0298,P0284,2026-05-20 12:56,148
C04155,P0074,P0054,2026-06-25 04:00,757
C04156,P0460,P0117,2026-06-07 02:12,263
C04157,P0277,P0252,2026-06-20 19:14,610
C04158,P0160,P0159,2026-02-01 19:05,320
C04159,P0297,P0139,2026-05-24 07:46,243
C04160,P0142,P0466,2026-02-09 00:51,1122
C04161,P0249,P0263,2026-04-09 22:58,423
C04162,P0381,P0388,2026-03-23 09:02,324
C04163,P0078,P0084,2026-03-08 02:13,1027
C04164,P0494,P0498,2026-02-17 03:41,51
C04165,P0412,P0349,2026-07-05 09:10,856
C04166,P0384,P0400,2026-07-26 06:43,700
C04167,P0379,P0369,2026-06-28 04:26,456
C04168,P0154,P0258,2026-03-07 23:48,1031
C04169,P0077,P0162,2026-05-10 23:11,282
C04170,P0171,P0158,2026-02-15 16:43,1160
C04171,P0284,P0013,2026-06-02 07:16,708
C04172,P0448,P0434,2026-03-17 15:10,34
C04173,P0226,P0204,2026-08-14 12:58,795
C04174,P0409,P0435,2026-08-10 10:45,1045
C04175,P0104,P0141,2026-08-11 06:04,460
C04176,P0336,P0324,2026-04-04 11:49,299
C04177,P0093,P0092,2026-01-16 09:45,188
C04178,P0215,P0201,2026-02-01 12:05,588
C04179,P0183,P0073,2026-07-10 11:45,964
C04180,P0164,P0155,2026-08-04 03:43,762
C04181,P0168,P0188,2026-08-06 19:27,977
C04182,P0049,P0003,2026-04-26 20:19,483
C04183,P0489,P0482,2026-06-24 22:34,748
C04184,P0368,P0212,2026-02-24 16:33,1057
C04185,P0383,P0376,2026-01-23 04:07,770
C04186,P0132,P0139,2026-05-07 14:27,469
C04187,P0369,P0388,2026-01-07 06:07,348
C04188,P0189,P0171,2026-05-18 01:59,919
C04189,P0364,P0394,2026-02-10 23:56,1095
C04190,P0336,P0330,2026-05-15 15:46,1036
C04191,P0352,P0365,2026-07-13 13:55,743
C04192,P0044,P0029,2026-07-23 04:10,1145
C04193,P0062,P0444,2026-03-26 21:41,1123
C04194,P0464,P0483,2026-07-28 17:10,1004
C04195,P0249,P0229,2026-03-14 08:45,461
C04196,P0151,P0170,2026-06-21 18:53,902
C04197,P0026,P0043,2026-07-02 08:34,741
C04198,P0049,P0094,2026-04-09 20:58,561
C04199,P0284,P0297,2026-05-19 17:05,250
C04200,P0337,P0159,2026-07-12 03:09,555
C04201,P0025,P0048,2026-04-15 17:43,200
C04202,P0020,P0036,2026-04-26 12:16,1103
C04203,P0347,P0322,2026-06-12 23:52,1151
C04204,P0364,P0191,2026-05-06 02:39,525
C04205,P0157,P0164,2026-07-07 22:25,709
C04206,P0132,P0126,2026-08-14 16:31,995
C04207,P0464,P0474,2026-07-03 06:53,652
C04208,P0239,P0205,2026-06-08 17:01,1141
C04209,P0212,P0228,2026-08-28 04:12,430
C04210,P0044,P0032,2026-07-04 11:55,76
C04211,P0056,P0065,2026-02-11 09:33,20
C04212,P0148,P0113,2026-07-09 15:39,340
C04213,P0134,P0300,2026-01-03 00:55,1094
C04214,P0050,P0410,2026-07-25 08:52,962
C04215,P0020,P0041,2026-02-11 15:14,1106
C04216,P0025,P0030,2026-07-15 21:14,812
C04217,P0038,P0044,2026-07-04 01:51,391
C04218,P0235,P0093,2026-07-10 07:43,375
C04219,P0425,P0437,2026-08-06 08:58,763
C04220,P0357,P0393,2026-06-12 21:28,420
C04221,P0380,P0351,2026-02-04 21:21,651
C04222,P0080,P0094,2026-08-07 20:51,394
C04223,P0436,P0212,2026-01-27 18:27,1060
C04224,P0436,P0445,2026-07-25 02:02,1092
C04225,P0481,P0463,2026-06-17 12:30,620
C04226,P0486,P0357,2026-04-28 13:17,576
C04227,P0027,P0087,2026-07-07 04:31,830
C04228,P0337,P0218,2026-06-20 12:51,560
C04229,P0266,P0228,2026-07-13 19:16,562
C04230,P0382,P0041,2026-06-12 20:51,508
C04231,P0367,P0371,2026-01-23 20:08,538
C04232,P0266,P0279,2026-08-06 19:41,31
C04233,P0244,P0248,2026-07-11 07:41,549
C04234,P0016,P0029,2026-06-09 17:55,86
C04235,P0247,P0269,2026-01-12 07:34,462
C04236,P0424,P0426,2026-04-06 23:38,267
C04237,P0475,P0470,2026-01-23 08:51,79
C04238,P0364,P0354,2026-05-03 11:00,811
C04239,P0202,P0221,2026-02-02 23:56,309
C04240,P0415,P0435,2026-08-21 18:27,441
C04241,P0226,P0230,2026-05-21 13:17,827
C04242,P0382,P0020,2026-04-07 04:57,1014
C04243,P0490,P0481,2026-05-04 10:38,320
C04244,P0363,P0489,2026-05-27 02:03,201
C04245,P0378,P0353,2026-08-26 17:07,691
C04246,P0234,P0217,2026-08-16 18:40,981
C04247,P0166,P0152,2026-07-03 08:16,460
C04248,P0229,P0442,2026-06-09 22:30,1101
C04249,P0252,P0273,2026-03-14 01:11,977
C04250,P0334,P0331,2026-06-14 15:03,1004
C04251,P0444,P0408,2026-03-20 05:15,837
C04252,P0442,P0112,2026-02-05 06:31,965
C04253,P0492,P0488,2026-05-22 03:44,444
C04254,P0128,P0256,2026-07-17 14:00,704
C04255,P0259,P0399,2026-01-16 18:04,111
C04256,P0342,P0324,2026-02-01 13:17,103
C04257,P0384,P0364,2026-05-15 16:46,570
C04258,P0151,P0165,2026-05-17 11:29,456
C04259,P0293,P0269,2026-01-28 09:56,557
C04260,P0362,P0383,2026-01-20 00:12,261
C04261,P0284,P0445,2026-04-26 21:50,818
C04262,P0132,P0126,2026-02-14 15:47,1083
C04263,P0483,P0468,2026-05-09 01:35,1170
C04264,P0298,P0288,2026-04-01 06:11,88
C04265,P0278,P0251,2026-06-05 13:39,130
C04266,P0261,P0264,2026-01-05 19:38,843
C04267,P0152,P0189,2026-03-08 11:54,838
C04268,P0016,P0002,2026-08-20 20:37,260
C04269,P0141,P0413,2026-01-26 05:43,968
C04270,P0102,P0108,2026-03-28 20:38,751
C04271,P0421,P0401,2026-01-10 04:12,180
C04272,P0409,P0445,2026-01-25 22:54,807
C04273,P0065,P0414,2026-01-10 16:55,274
C04274,P0017,P0291,2026-04-02 11:19,1106
C04275,P0364,P0384,2026-06-15 15:38,935
C04276,P0301,P0416,2026-03-09 22:21,690
C04277,P0074,P0056,2026-03-16 04:55,404
C04278,P0446,P0071,2026-07-09 04:37,747
C04279,P0051,P0259,2026-06-06 11:23,976
C04280,P0434,P0443,2026-02-11 10:37,104
C04281,P0408,P0437,2026-07-24 23:54,692
C04282,P0135,P0380,2026-08-13 03:43,713
C04283,P0233,P0236,2026-05-19 23:07,686
C04284,P0262,P0293,2026-03-21 08:18,853
C04285,P0016,P0022,2026-01-15 13:38,759
C04286,P0289,P0295,2026-04-12 10:32,1066
C04287,P0033,P0049,2026-03-22 04:28,918
C04288,P0154,P0229,2026-08-21 15:59,1029
C04289,P0462,P0474,2026-05-23 03:08,464
C04290,P0119,P0148,2026-04-16 19:30,98
C04291,P0046,P0019,2026-06-12 19:18,1141
C04292,P0292,P0353,2026-07-15 08:59,236
C04293,P0113,P0144,2026-06-26 13:42,1020
C04294,P0274,P0288,2026-04-11 00:59,365
C04295,P0221,P0229,2026-05-20 23:50,62
C04296,P0060,P0100,2026-03-16 04:43,1008
C04297,P0155,P0169,2026-06-04 22:40,433
C04298,P0391,P0354,2026-01-11 09:23,708
C04299,P0223,P0240,2026-06-27 11:59,911
C04300,P0491,P0063,2026-07-18 21:13,436
C04301,P0395,P0399,2026-07-14 16:03,1167
C04302,P0314,P0183,2026-01-10 23:37,207
C04303,P0349,P0346,2026-01-10 06:05,990
C04304,P0294,P0281,2026-06-25 05:05,955
C04305,P0176,P0186,2026-07-02 19:43,516
C04306,P0343,P0349,2026-07-02 16:36,1080
C04307,P0280,P0180,2026-01-03 01:23,781
C04308,P0283,P0101,2026-02-03 03:23,439
C04309,P0126,P0119,2026-01-02 19:45,408
C04310,P0196,P0164,2026-07-08 15:37,107
C04311,P0043,P0016,2026-08-17 05:41,148
C04312,P0464,P0484,2026-05-10 14:33,223
C04313,P0212,P0396,2026-08-14 12:15,579
C04314,P0412,P0070,2026-01-18 07:19,1069
C04315,P0119,P0112,2026-07-14 09:30,589
C04316,P0320,P0318,2026-01-09 14:41,1164
C04317,P0149,P0132,2026-07-14 07:28,690
C04318,P0431,P0429,2026-05-09 19:36,365
C04319,P0429,P0443,2026-02-10 08:24,464
C04320,P0292,P0316,2026-06-08 02:51,689
C04321,P0326,P0320,2026-03-07 19:17,40
C04322,P0321,P0194,2026-01-28 17:36,788
C04323,P0475,P0477,2026-02-04 21:34,392
C04324,P0296,P0401,2026-03-08 21:49,299
C04325,P0432,P0409,2026-03-02 07:29,445
C04326,P0450,P0418,2026-01-13 21:45,151
C04327,P0332,P0320,2026-06-16 16:15,125
C04328,P0404,P0169,2026-06-19 12:43,686
C04329,P0393,P0376,2026-06-27 14:32,809
C04330,P0004,P0023,2026-06-03 23:08,830
C04331,P0392,P0378,2026-05-21 08:38,560
C04332,P0315,P0311,2026-08-02 11:26,239
C04333,P0323,P0313,2026-05-26 08:11,106
C04334,P0106,P0144,2026-07-15 08:29,224
C04335,P0071,P0026,2026-04-11 02:40,1196
C04336,P0423,P0443,2026-01-26 10:26,786
C04337,P0165,P0171,2026-06-02 17:05,558
C04338,P0468,P0096,2026-03-23 18:32,994
C04339,P0211,P0364,2026-04-06 15:42,117
C04340,P0066,P0107,2026-04-18 03:00,843
C04341,P0440,P0405,2026-08-02 01:23,329
C04342,P0084,P0068,2026-06-15 20:49,625
C04343,P0324,P0340,2026-01-11 04:30,58
C04344,P0290,P0278,2026-02-04 09:13,668
C04345,P0258,P0421,2026-04-02 09:55,32
C04346,P0397,P0398,2026-06-04 07:02,896
C04347,P0499,P0460,2026-03-04 12:35,953
C04348,P0180,P0158,2026-05-15 07:53,337
C04349,P0156,P0190,2026-03-15 09:15,198
C04350,P0327,P0323,2026-07-28 01:11,473
C04351,P0077,P0073,2026-06-17 00:26,318
C04352,P0272,P0260,2026-07-15 04:57,130
C04353,P0341,P0331,2026-01-05 14:46,663
C04354,P0023,P0048,2026-07-18 15:02,892
C04355,P0280,P0255,2026-02-06 02:44,1090
C04356,P0330,P0345,2026-04-26 05:15,767
C04357,P0097,P0295,2026-04-25 22:58,493
C04358,P0268,P0284,2026-05-24 18:44,674
C04359,P0446,P0215,2026-06-16 01:57,925
C04360,P0160,P0157,2026-04-02 04:17,381
C04361,P0227,P0248,2026-06-21 21:21,246
C04362,P0147,P0103,2026-05-03 20:57,152
C04363,P0235,P0233,2026-01-25 10:06,122
C04364,P0169,P0176,2026-06-24 07:14,873
C04365,P0151,P0171,2026-08-23 11:44,639
C04366,P0001,P0037,2026-05-04 12:49,559
C04367,P0353,P0391,2026-03-04 14:00,572
C04368,P0062,P0072,2026-03-18 21:53,478
C04369,P0472,P0467,2026-08-03 14:41,1124
C04370,P0407,P0430,2026-07-20 14:23,95
C04371,P0082,P0098,2026-04-23 18:15,82
C04372,P0036,P0030,2026-06-24 11:57,191
C04373,P0311,P0394,2026-04-08 22:41,170
C04374,P0175,P0169,2026-08-01 16:38,547
C04375,P0023,P0198,2026-06-23 22:51,626
C04376,P0446,P0182,2026-03-24 10:36,434
C04377,P0189,P0240,2026-01-22 15:54,802
C04378,P0004,P0296,2026-05-13 05:55,45
C04379,P0278,P0260,2026-03-15 03:37,347
C04380,P0141,P0143,2026-07-26 23:52,152
C04381,P0333,P0302,2026-02-01 19:56,471
C04382,P0038,P0042,2026-02-19 08:54,1190
C04383,P0405,P0442,2026-08-02 01:55,422
C04384,P0256,P0354,2026-07-22 05:33,69
C04385,P0430,P0432,2026-08-26 01:05,588
C04386,P0359,P0395,2026-07-17 04:56,225
C04387,P0278,P0292,2026-07-10 13:01,1025
C04388,P0289,P0274,2026-07-23 18:43,249
C04389,P0419,P0086,2026-03-02 11:55,266
C04390,P0189,P0206,2026-04-28 23:53,1185
C04391,P0340,P0236,2026-05-24 16:50,377
C04392,P0032,P0023,2026-02-14 14:47,564
C04393,P0370,P0269,2026-07-21 15:12,763
C04394,P0409,P0447,2026-02-16 23:31,556
C04395,P0232,P0229,2026-04-12 19:59,702
C04396,P0214,P0235,2026-04-12 12:38,981
C04397,P0091,P0180,2026-03-25 01:53,184
C04398,P0045,P0025,2026-05-14 20:36,272
C04399,P0358,P0387,2026-02-19 13:37,1198
C04400,P0266,P0294,2026-01-07 20:04,522
C04401,P0245,P0286,2026-04-02 10:41,825
C04402,P0448,P0447,2026-08-12 07:15,694
C04403,P0092,P0217,2026-03-02 04:38,586
C04404,P0490,P0252,2026-05-16 16:07,252
C04405,P0126,P0138,2026-04-10 23:23,270
C04406,P0461,P0459,2026-03-19 07:05,922
C04407,P0428,P0422,2026-01-26 07:36,587
C04408,P0374,P0399,2026-01-11 10:30,1033
C04409,P0400,P0433,2026-02-15 09:13,171
C04410,P0343,P0155,2026-04-10 20:20,442
C04411,P0445,P0405,2026-02-23 10:31,740
C04412,P0460,P0480,2026-03-02 19:17,1075
C04413,P0175,P0188,2026-06-15 20:22,875
C04414,P0467,P0463,2026-04-19 03:26,1117
C04415,P0351,P0384,2026-06-11 00:25,1192
C04416,P0117,P0397,2026-05-09 03:03,158
C04417,P0132,P0150,2026-08-09 19:12,734
C04418,P0460,P0458,2026-01-04 16:51,165
C04419,P0477,P0490,2026-02-07 04:48,522
C04420,P0264,P0284,2026-05-26 16:56,178
C04421,P0296,P0282,2026-01-28 06:19,958
C04422,P0042,P0006,2026-07-10 21:10,807
C04423,P0271,P0269,2026-07-06 00:58,384
C04424,P0426,P0119,2026-06-23 08:50,817
C04425,P0110,P0143,2026-04-19 09:00,1023
C04426,P0043,P0385,2026-08-08 21:18,489
C04427,P0304,P0340,2026-06-27 08:30,121
C04428,P0026,P0214,2026-01-26 07:59,1188
C04429,P0054,P0079,2026-06-04 12:12,710
C04430,P0241,P0249,2026-02-24 05:00,369
C04431,P0082,P0072,2026-07-03 12:32,105
C04432,P0173,P0224,2026-05-22 02:33,707
C04433,P0164,P0194,2026-04-14 12:23,45
C04434,P0289,P0255,2026-06-14 22:48,674
C04435,P0392,P0390,2026-02-22 11:46,989
C04436,P0454,P0496,2026-06-06 23:51,642
C04437,P0106,P0138,2026-02-21 21:06,599
C04438,P0489,P0468,2026-02-10 03:18,34
C04439,P0111,P0418,2026-06-23 22:25,408
C04440,P0211,P0227,2026-06-05 00:57,267
C04441,P0421,P0364,2026-01-04 14:19,107
C04442,P0483,P0492,2026-05-23 09:27,1050
C04443,P0426,P0424,2026-05-18 02:44,1130
C04444,P0139,P0108,2026-04-22 12:29,689
C04445,P0488,P0053,2026-07-10 08:44,273
C04446,P0495,P0161,2026-04-26 04:46,252
C04447,P0007,P0013,2026-01-17 10:56,301
C04448,P0276,P0285,2026-03-08 09:11,1132
C04449,P0047,P0009,2026-03-24 23:58,535
C04450,P0331,P0306,2026-04-25 05:00,305
C04451,P0211,P0216,2026-07-15 01:52,937
C04452,P0020,P0050,2026-03-20 23:12,1116
C04453,P0346,P0326,2026-08-10 01:34,1042
C04454,P0105,P0103,2026-08-21 10:11,618
C04455,P0027,P0011,2026-04-27 06:44,93
C04456,P0190,P0438,2026-02-01 22:43,1029
C04457,P0075,P0146,2026-08-26 04:22,586
C04458,P0269,P0255,2026-07-24 21:34,444
C04459,P0378,P0399,2026-04-19 17:20,399
C04460,P0086,P0061,2026-04-13 20:12,360
C04461,P0236,P0282,2026-07-17 00:30,101
C04462,P0173,P0180,2026-04-03 16:39,772
C04463,P0056,P0097,2026-07-22 18:37,403
C04464,P0171,P0166,2026-05-23 14:46,136
C04465,P0392,P0351,2026-08-16 11:00,1163
C04466,P0237,P0219,2026-07-07 11:29,793
C04467,P0309,P0350,2026-02-08 17:59,43
C04468,P0467,P0297,2026-06-03 19:49,546
C04469,P0268,P0298,2026-03-06 11:37,701
C04470,P0163,P0196,2026-01-24 10:39,157
C04471,P0088,P0077,2026-04-22 22:22,244
C04472,P0361,P0474,2026-02-01 19:26,1039
C04473,P0094,P0065,2026-07-08 12:48,748
C04474,P0006,P0483,2026-06-24 00:16,152
C04475,P0360,P0366,2026-05-05 13:55,1017
C04476,P0403,P0415,2026-08-28 01:45,426
C04477,P0423,P0348,2026-03-07 20:52,1136
C04478,P0406,P0429,2026-02-26 16:52,1187
C04479,P0181,P0484,2026-05-22 14:47,675
C04480,P0489,P0421,2026-02-03 05:28,669
C04481,P0217,P0126,2026-08-27 06:04,199
C04482,P0166,P0157,2026-01-18 16:25,351
C04483,P0028,P0419,2026-07-24 10:50,551
C04484,P0002,P0016,2026-02-17 00:15,875
C04485,P0296,P0256,2026-01-02 04:04,1045
C04486,P0096,P0067,2026-01-18 02:28,113
C04487,P0228,P0205,2026-07-21 17:30,1111
C04488,P0162,P0199,2026-02-10 18:38,1195
C04489,P0014,P0043,2026-03-01 08:12,657
C04490,P0214,P0247,2026-04-10 09:08,233
C04491,P0255,P0253,2026-01-10 12:00,154
C04492,P0208,P0213,2026-02-08 10:23,703
C04493,P0234,P0293,2026-05-05 01:46,987
C04494,P0076,P0351,2026-03-22 07:38,751
C04495,P0359,P0393,2026-02-16 12:50,177
C04496,P0499,P0486,2026-08-23 17:57,949
C04497,P0398,P0379,2026-06-28 02:13,1044
C04498,P0059,P0064,2026-02-18 18:14,954
C04499,P0103,P0118,2026-08-08 01:17,759
C04500,P0221,P0222,2026-07-17 02:41,954
C04501,P0115,P0144,2026-02-18 17:57,82
C04502,P0493,P0476,2026-05-24 21:02,527
C04503,P0073,P0082,2026-06-17 10:39,414
C04504,P0055,P0393,2026-06-08 21:25,307
C04505,P0220,P0239,2026-04-25 07:37,394
C04506,P0471,P0467,2026-01-14 07:33,663
C04507,P0459,P0234,2026-01-05 01:47,978
C04508,P0039,P0394,2026-06-07 14:35,591
C04509,P0273,P0294,2026-06-24 10:48,468
C04510,P0219,P0249,2026-01-15 16:45,866
C04511,P0434,P0435,2026-03-21 22:57,297
C04512,P0410,P0055,2026-01-24 01:29,306
C04513,P0018,P0002,2026-05-16 02:07,375
C04514,P0095,P0079,2026-06-22 15:34,51
C04515,P0144,P0049,2026-01-23 09:35,895
C04516,P0084,P0077,2026-05-09 04:27,278
C04517,P0154,P0422,2026-08-02 22:16,1172
C04518,P0356,P0358,2026-01-04 16:29,974
C04519,P0119,P0125,2026-03-11 14:49,116
C04520,P0215,P0249,2026-01-15 07:08,650
C04521,P0338,P0217,2026-08-22 08:38,142
C04522,P0328,P0398,2026-01-09 07:32,227
C04523,P0227,P0320,2026-03-09 12:53,1194
C04524,P0352,P0369,2026-02-04 21:12,141
C04525,P0350,P0319,2026-04-05 07:05,561
C04526,P0353,P0195,2026-06-04 16:50,275
C04527,P0289,P0256,2026-08-02 00:15,575
C04528,P0368,P0363,2026-03-12 12:51,980
C04529,P0264,P0275,2026-03-11 02:56,337
C04530,P0072,P0067,2026-02-21 02:07,75
C04531,P0025,P0001,2026-08-04 07:47,843
C04532,P0154,P0153,2026-06-28 04:11,174
C04533,P0159,P0136,2026-03-21 13:50,916
C04534,P0198,P0199,2026-06-27 06:35,563
C04535,P0300,P0278,2026-02-04 13:06,660
C04536,P0487,P0496,2026-05-09 23:09,866
C04537,P0044,P0274,2026-05-28 10:20,449
C04538,P0285,P0260,2026-07-17 04:46,775
C04539,P0068,P0090,2026-05-02 05:51,412
C04540,P0286,P0274,2026-04-27 11:32,134
C04541,P0292,P0261,2026-01-11 00:59,1035
C04542,P0396,P0393,2026-02-19 21:56,943
C04543,P0185,P0133,2026-05-05 11:11,594
C04544,P0382,P0381,2026-05-10 08:36,819
C04545,P0466,P0453,2026-05-14 09:51,128
C04546,P0025,P0037,2026-03-13 09:34,909
C04547,P0374,P0364,2026-08-15 18:14,1171
C04548,P0242,P0225,2026-01-19 03:08,268
C04549,P0202,P0230,2026-03-28 11:16,745
C04550,P0309,P0223,2026-01-03 13:03,1194
C04551,P0315,P0438,2026-04-05 20:47,537
C04552,P0387,P0360,2026-07-05 11:42,233
C04553,P0213,P0208,2026-07-25 01:13,289
C04554,P0198,P0194,2026-05-08 21:40,1061
C04555,P0133,P0486,2026-05-05 14:35,1193
C04556,P0178,P0156,2026-08-19 08:36,868
C04557,P0173,P0475,2026-05-20 22:47,745
C04558,P0280,P0297,2026-02-06 14:46,415
C04559,P0253,P0364,2026-05-22 23:55,314
C04560,P0084,P0065,2026-03-28 04:59,593
C04561,P0083,P0110,2026-04-13 21:58,284
C04562,P0080,P0077,2026-05-23 00:49,586
C04563,P0143,P0373,2026-07-11 21:23,223
C04564,P0425,P0415,2026-02-04 00:22,33
C04565,P0363,P0446,2026-03-18 22:38,351
C04566,P0244,P0241,2026-06-19 11:10,1097
C04567,P0486,P0070,2026-08-25 13:31,1006
C04568,P0094,P0106,2026-04-11 22:16,464
C04569,P0118,P0420,2026-08-07 23:50,292
C04570,P0414,P0439,2026-07-25 23:37,403
C04571,P0258,P0253,2026-01-05 12:00,1022
C04572,P0105,P0117,2026-04-21 20:16,1088
C04573,P0493,P0475,2026-06-07 15:04,759
C04574,P0244,P0128,2026-02-01 11:11,28
C04575,P0413,P0405,2026-08-08 00:42,1183
C04576,P0027,P0244,2026-04-27 07:29,940
C04577,P0464,P0117,2026-02-05 19:30,414
C04578,P0141,P0482,2026-02-24 09:33,716
C04579,P0144,P0145,2026-08-22 11:38,74
C04580,P0335,P0346,2026-01-01 19:03,986
C04581,P0036,P0042,2026-08-03 05:48,268
C04582,P0223,P0212,2026-04-20 20:44,682
C04583,P0009,P0016,2026-04-03 10:51,1076
C04584,P0485,P0180,2026-02-15 11:28,80
C04585,P0151,P0186,2026-01-26 13:55,26
C04586,P0145,P0481,2026-02-15 10:00,366
C04587,P0376,P0144,2026-02-08 00:03,928
C04588,P0428,P0432,2026-06-17 22:50,1012
C04589,P0422,P0401,2026-06-19 03:19,706
C04590,P0479,P0462,2026-04-13 13:39,616
C04591,P0129,P0112,2026-07-11 03:34,275
C04592,P0103,P0120,2026-04-21 17:17,683
C04593,P0350,P0489,2026-05-13 04:06,1017
C04594,P0134,P0340,2026-04-10 19:55,432
C04595,P0463,P0147,2026-02-14 22:48,793
C04596,P0029,P0036,2026-07-19 16:47,757
C04597,P0368,P0390,2026-02-25 02:03,829
C04598,P0330,P0342,2026-03-14 09:05,1052
C04599,P0192,P0188,2026-08-18 19:57,669
C04600,P0354,P0355,2026-03-09 18:13,244
C04601,P0223,P0244,2026-03-09 07:59,918
C04602,P0229,P0201,2026-05-02 15:40,431
C04603,P0083,P0079,2026-06-13 18:11,904
C04604,P0463,P0302,2026-03-25 01:53,471
C04605,P0131,P0114,2026-06-25 15:07,308
C04606,P0362,P0355,2026-03-28 07:00,75
C04607,P0280,P0293,2026-06-26 18:07,772
C04608,P0212,P0222,2026-07-13 00:00,1125
C04609,P0438,P0001,2026-06-16 17:13,854
C04610,P0045,P0014,2026-01-07 08:04,523
C04611,P0208,P0174,2026-04-05 18:32,681
C04612,P0418,P0440,2026-08-28 23:51,923
C04613,P0015,P0378,2026-08-26 01:27,110
C04614,P0225,P0207,2026-05-26 07:15,931
C04615,P0018,P0047,2026-02-24 21:31,652
C04616,P0146,P0101,2026-07-18 14:05,801
C04617,P0378,P0362,2026-02-12 15:45,1023
C04618,P0427,P0004,2026-06-09 11:53,1047
C04619,P0084,P0060,2026-05-25 17:46,1042
C04620,P0211,P0232,2026-06-08 20:04,533
C04621,P0483,P0481,2026-03-14 06:45,548
C04622,P0106,P0141,2026-03-05 06:45,468
C04623,P0484,P0461,2026-02-11 18:50,68
C04624,P0064,P0059,2026-01-10 22:17,1067
C04625,P0277,P0280,2026-08-03 11:53,564
C04626,P0392,P0395,2026-07-13 00:18,666
C04627,P0465,P0487,2026-02-04 12:43,655
C04628,P0332,P0343,2026-08-25 12:59,782
C04629,P0369,P0222,2026-07-13 08:30,827
C04630,P0259,P0251,2026-06-28 20:08,912
C04631,P0262,P0255,2026-08-12 01:18,1193
C04632,P0432,P0434,2026-03-19 17:32,1018
C04633,P0240,P0185,2026-05-24 08:09,361
C04634,P0094,P0095,2026-06-23 01:26,368
C04635,P0430,P0444,2026-04-21 16:27,584
C04636,P0331,P0309,2026-05-14 13:12,96
C04637,P0067,P0066,2026-01-07 02:34,408
C04638,P0421,P0460,2026-04-08 00:57,181
C04639,P0083,P0067,2026-01-13 11:16,1047
C04640,P0284,P0282,2026-06-12 04:44,612
C04641,P0476,P0457,2026-06-03 08:12,863
C04642,P0223,P0230,2026-04-11 02:59,947
C04643,P0451,P0280,2026-04-21 16:29,202
C04644,P0273,P0276,2026-07-20 13:56,526
C04645,P0185,P0196,2026-06-23 23:34,915
C04646,P0080,P0092,2026-03-11 21:24,114
C04647,P0490,P0498,2026-02-25 23:27,284
C04648,P0339,P0320,2026-08-14 22:10,421
C04649,P0419,P0409,2026-07-17 11:53,259
C04650,P0480,P0463,2026-07-16 18:46,119
C04651,P0009,P0042,2026-08-27 02:38,139
C04652,P0471,P0497,2026-03-27 00:12,1125
C04653,P0233,P0082,2026-02-05 03:49,768
C04654,P0453,P0491,2026-05-12 23:50,803
C04655,P0247,P0218,2026-07-23 05:09,93
C04656,P0278,P0277,2026-04-21 07:38,454
C04657,P0181,P0019,2026-03-10 06:46,289
C04658,P0266,P0294,2026-02-09 00:15,129
C04659,P0271,P0289,2026-05-03 21:17,346
C04660,P0234,P0220,2026-04-25 11:03,1019
C04661,P0049,P0048,2026-04-24 07:11,1075
C04662,P0491,P0487,2026-08-01 04:16,572
C04663,P0156,P0152,2026-01-15 15:06,1161
C04664,P0295,P0266,2026-03-25 15:30,471
C04665,P0272,P0267,2026-08-13 02:28,280
C04666,P0365,P0372,2026-06-10 17:59,238
C04667,P0062,P0075,2026-07-14 03:21,525
C04668,P0498,P0459,2026-05-06 14:45,124
C04669,P0493,P0036,2026-06-02 20:06,445
C04670,P0426,P0438,2026-04-21 07:36,123
C04671,P0390,P0398,2026-06-17 05:57,609
C04672,P0243,P0097,2026-04-23 18:04,289
C04673,P0453,P0465,2026-08-04 22:38,244
C04674,P0373,P0389,2026-04-19 22:50,762
C04675,P0069,P0062,2026-02-26 23:05,883
C04676,P0096,P0091,2026-01-27 22:25,686
C04677,P0001,P0046,2026-05-27 08:12,826
C04678,P0176,P0168,2026-05-09 06:52,348
C04679,P0289,P0414,2026-07-19 02:16,321
C04680,P0041,P0004,2026-08-21 04:10,924
C04681,P0416,P0421,2026-03-15 16:03,1058
C04682,P0472,P0229,2026-06-22 15:06,135
C04683,P0163,P0185,2026-06-07 01:00,109
C04684,P0043,P0028,2026-04-21 04:21,1073
C04685,P0218,P0331,2026-08-15 10:18,844
C04686,P0308,P0331,2026-03-18 21:19,967
C04687,P0169,P0168,2026-07-21 06:14,396
C04688,P0323,P0342,2026-07-28 16:18,153
C04689,P0348,P0313,2026-06-04 14:20,1033
C04690,P0083,P0074,2026-02-26 23:53,1043
C04691,P0323,P0346,2026-06-19 13:20,863
C04692,P0196,P0165,2026-08-24 10:09,393
C04693,P0348,P0318,2026-05-21 04:05,37
C04694,P0109,P0121,2026-02-24 08:21,743
C04695,P0491,P0474,2026-04-15 20:08,490
C04696,P0303,P0318,2026-02-10 04:59,899
C04697,P0012,P0040,2026-08-02 17:04,471
C04698,P0080,P0092,2026-03-04 00:39,430
C04699,P0120,P0143,2026-04-20 04:10,776
C04700,P0237,P0226,2026-03-18 08:01,963
C04701,P0347,P0331,2026-06-07 19:03,1137
C04702,P0193,P0169,2026-08-13 14:43,69
C04703,P0383,P0360,2026-05-10 12:27,823
C04704,P0245,P0236,2026-04-14 21:52,29
C04705,P0491,P0470,2026-04-17 13:32,345
C04706,P0381,P0183,2026-01-17 10:21,390
C04707,P0311,P0337,2026-08-26 05:24,798
C04708,P0114,P0150,2026-03-11 14:47,345
C04709,P0246,P0227,2026-03-16 01:46,573
C04710,P0200,P0194,2026-04-09 20:16,901
C04711,P0053,P0073,2026-02-10 19:46,811
C04712,P0025,P0033,2026-07-06 16:52,1144
C04713,P0445,P0434,2026-08-20 05:17,533
C04714,P0202,P0249,2026-04-22 20:43,757
C04715,P0340,P0346,2026-06-14 02:14,633
C04716,P0435,P0415,2026-04-28 03:34,527
C04717,P0076,P0088,2026-04-09 15:26,159
C04718,P0331,P0427,2026-04-16 15:38,527
C04719,P0486,P0451,2026-02-25 21:56,343
C04720,P0005,P0025,2026-04-04 16:48,771
C04721,P0041,P0010,2026-04-19 03:23,331
C04722,P0166,P0176,2026-04-22 02:18,29
C04723,P0106,P0111,2026-08-02 05:15,270
C04724,P0331,P0312,2026-01-27 03:11,732
C04725,P0157,P0193,2026-08-16 20:20,836
C04726,P0358,P0353,2026-01-01 22:00,235
C04727,P0080,P0075,2026-06-27 06:52,376
C04728,P0436,P0159,2026-04-09 06:50,1065
C04729,P0247,P0059,2026-06-03 10:18,1029
C04730,P0458,P0480,2026-01-23 22:35,946
C04731,P0360,P0385,2026-03-02 08:03,115
C04732,P0401,P0435,2026-04-10 20:45,1183
C04733,P0114,P0111,2026-02-13 21:43,45
C04734,P0496,P0464,2026-03-09 22:04,1138
C04735,P0262,P0296,2026-08-13 05:23,322
C04736,P0011,P0006,2026-04-04 03:27,977
C04737,P0211,P0234,2026-04-06 12:31,74
C04738,P0076,P0079,2026-02-04 13:59,979
C04739,P0380,P0275,2026-07-24 04:38,34
C04740,P0072,P0063,2026-07-28 08:48,366
C04741,P0200,P0152,2026-03-06 01:39,1194
C04742,P0394,P0372,2026-04-21 00:18,44
C04743,P0155,P0189,2026-05-25 02:03,721
C04744,P0271,P0251,2026-05-17 10:10,1141
C04745,P0379,P0354,2026-04-26 15:32,533
C04746,P0482,P0454,2026-01-18 20:46,485
C04747,P0334,P0231,2026-07-09 21:18,102
C04748,P0415,P0421,2026-06-23 00:05,1038
C04749,P0227,P0086,2026-08-21 19:28,516
C04750,P0071,P0281,2026-03-19 00:07,1140
C04751,P0067,P0006,2026-06-04 02:48,342
C04752,P0167,P0152,2026-07-07 12:34,83
C04753,P0489,P0453,2026-06-01 05:19,104
C04754,P0055,P0094,2026-08-21 22:53,579
C04755,P0244,P0411,2026-02-24 02:29,120
C04756,P0235,P0223,2026-08-19 13:58,1064
C04757,P0191,P0193,2026-02-06 08:53,134
C04758,P0452,P0470,2026-05-18 21:05,524
C04759,P0408,P0437,2026-01-04 03:48,581
C04760,P0172,P0358,2026-07-16 22:25,971
C04761,P0088,P0072,2026-03-09 18:25,79
C04762,P0037,P0010,2026-02-15 13:19,698
C04763,P0380,P0399,2026-01-05 04:42,441
C04764,P0246,P0223,2026-04-10 14:32,352
C04765,P0121,P0113,2026-03-02 19:58,743
C04766,P0135,P0118,2026-08-26 07:23,1048
C04767,P0361,P0390,2026-04-07 20:46,715
C04768,P0011,P0045,2026-05-01 19:15,1198
C04769,P0313,P0346,2026-05-25 12:18,1113
C04770,P0144,P0130,2026-04-19 17:14,673
C04771,P0202,P0408,2026-06-05 22:15,178
C04772,P0427,P0443,2026-08-13 05:50,338
C04773,P0265,P0266,2026-05-01 12:40,343
C04774,P0077,P0078,2026-04-08 08:49,141
C04775,P0106,P0124,2026-07-23 06:16,723
C04776,P0314,P0326,2026-03-26 16:35,879
C04777,P0163,P0174,2026-08-02 09:17,565
C04778,P0098,P0092,2026-05-07 08:55,614
C04779,P0044,P0040,2026-02-15 10:16,1199
C04780,P0472,P0481,2026-05-06 02:40,1155
C04781,P0212,P0241,2026-05-13 07:32,244
C04782,P0039,P0083,2026-02-04 13:17,1025
C04783,P0117,P0143,2026-07-10 05:37,1046
C04784,P0089,P0130,2026-08-24 06:20,459
C04785,P0490,P0484,2026-08-12 20:36,262
C04786,P0004,P0030,2026-06-26 03:16,774
C04787,P0334,P0039,2026-04-28 08:30,1184
C04788,P0154,P0172,2026-08-27 17:10,552
C04789,P0155,P0152,2026-02-05 08:25,634
C04790,P0123,P0381,2026-08-18 20:43,806
C04791,P0158,P0106,2026-01-27 20:04,570
C04792,P0028,P0027,2026-07-04 23:01,793
C04793,P0305,P0321,2026-07-08 23:28,653
C04794,P0105,P0134,2026-08-20 22:40,95
C04795,P0028,P0005,2026-05-15 02:22,38
C04796,P0121,P0101,2026-03-24 06:05,870
C04797,P0249,P0204,2026-03-16 05:35,1128
C04798,P0415,P0441,2026-03-04 05:03,1154
C04799,P0067,P0098,2026-05-05 11:02,966
C04800,P0340,P0339,2026-08-17 08:10,86
C04801,P0332,P0035,2026-05-03 08:53,572
C04802,P0301,P0342,2026-08-08 15:10,525
C04803,P0428,P0405,2026-06-19 11:10,1082
C04804,P0298,P0289,2026-05-15 10:42,983
C04805,P0199,P0182,2026-03-19 07:01,716
C04806,P0387,P0381,2026-04-13 14:27,52
C04807,P0053,P0074,2026-04-20 08:46,1116
C04808,P0050,P0018,2026-04-19 01:15,718
C04809,P0223,P0380,2026-01-28 04:33,748
C04810,P0324,P0210,2026-07-14 22:00,878
C04811,P0244,P0230,2026-07-01 15:20,187
C04812,P0045,P0030,2026-02-17 09:08,817
C04813,P0125,P0120,2026-05-04 16:01,287
C04814,P0177,P0299,2026-05-02 16:22,499
C04815,P0266,P0272,2026-03-26 08:41,520
C04816,P0399,P0397,2026-06-02 14:46,874
C04817,P0475,P0186,2026-06-15 07:31,536
C04818,P0297,P0298,2026-03-11 02:10,369
C04819,P0481,P0419,2026-05-14 14:50,125
C04820,P0371,P0400,2026-03-28 05:54,1003
C04821,P0140,P0118,2026-07-11 05:13,833
C04822,P0487,P0490,2026-01-05 01:52,478
C04823,P0268,P0253,2026-08-01 01:35,557
C04824,P0176,P0293,2026-02-05 09:09,869
C04825,P0281,P0271,2026-04-27 22:34,717
C04826,P0194,P0189,2026-08-13 22:15,703
C04827,P0227,P0205,2026-05-05 23:27,363
C04828,P0033,P0023,2026-03-01 12:50,523
C04829,P0305,P0334,2026-08-17 15:12,939
C04830,P0142,P0125,2026-06-20 06:42,467
C04831,P0019,P0007,2026-02-16 02:51,807
C04832,P0163,P0198,2026-04-02 16:52,785
C04833,P0084,P0092,2026-05-08 13:41,900
C04834,P0144,P0102,2026-04-03 07:30,1153
C04835,P0144,P0105,2026-01-19 07:59,870
C04836,P0332,P0330,2026-08-15 07:54,872
C04837,P0375,P0370,2026-06-12 09:21,139
C04838,P0408,P0440,2026-06-26 22:16,433
C04839,P0057,P0054,2026-03-13 19:13,1195
C04840,P0166,P0154,2026-03-07 22:15,406
C04841,P0064,P0074,2026-02-10 20:33,664
C04842,P0030,P0002,2026-03-13 08:01,905
C04843,P0301,P0325,2026-08-10 22:06,675
C04844,P0098,P0070,2026-05-27 16:30,914
C04845,P0319,P0336,2026-04-24 08:42,298
C04846,P0480,P0466,2026-01-06 18:18,129
C04847,P0281,P0261,2026-06-06 21:02,342
C04848,P0283,P0290,2026-04-15 14:49,248
C04849,P0412,P0435,2026-05-17 17:38,193
C04850,P0470,P0489,2026-06-03 12:43,703
C04851,P0098,P0096,2026-05-11 12:42,620
C04852,P0222,P0129,2026-06-05 07:52,32
C04853,P0074,P0061,2026-05-28 04:56,1097
C04854,P0424,P0422,2026-05-16 00:50,161
C04855,P0399,P0382,2026-06-25 01:07,636
C04856,P0048,P0040,2026-04-14 15:09,723
C04857,P0381,P0066,2026-01-02 22:19,177
C04858,P0041,P0032,2026-04-09 22:54,887
C04859,P0157,P0177,2026-02-08 21:19,45
C04860,P0301,P0317,2026-03-26 21:47,199
C04861,P0223,P0231,2026-06-27 05:31,727
C04862,P0146,P0133,2026-04-28 04:48,1170
C04863,P0251,P0352,2026-06-03 11:43,126
C04864,P0334,P0333,2026-02-12 11:47,978
C04865,P0274,P0277,2026-07-03 13:26,1166
C04866,P0457,P0155,2026-01-19 07:26,509
C04867,P0341,P0301,2026-06-19 11:20,264
C04868,P0055,P0065,2026-04-19 10:26,404
C04869,P0224,P0205,2026-03-12 12:38,847
C04870,P0106,P0110,2026-07-19 14:54,658
C04871,P0338,P0332,2026-05-17 15:36,1059
C04872,P0348,P0313,2026-02-19 13:59,479
C04873,P0132,P0141,2026-01-09 22:13,816
C04874,P0112,P0149,2026-06-27 18:46,180
C04875,P0116,P0101,2026-02-05 15:18,850
C04876,P0008,P0032,2026-07-07 03:48,205
C04877,P0428,P0416,2026-08-22 20:01,1093
C04878,P0265,P0275,2026-01-14 04:11,414
C04879,P0173,P0177,2026-08-07 20:47,742
C04880,P0276,P0290,2026-05-06 19:33,653
C04881,P0001,P0410,2026-05-01 22:02,464
C04882,P0082,P0241,2026-04-01 06:48,281
C04883,P0412,P0446,2026-08-10 22:24,443
C04884,P0167,P0066,2026-04-26 10:53,866
C04885,P0433,P0445,2026-03-01 07:53,1126
C04886,P0344,P0346,2026-06-17 21:26,304
C04887,P0422,P0413,2026-02-23 03:06,355
C04888,P0080,P0082,2026-01-26 06:40,821
C04889,P0315,P0326,2026-05-16 05:32,170
C04890,P0127,P0121,2026-05-11 00:12,431
C04891,P0252,P0313,2026-01-23 05:42,589
C04892,P0016,P0427,2026-04-16 11:13,726
C04893,P0193,P0198,2026-02-22 06:09,533
C04894,P0065,P0433,2026-08-23 10:26,944
C04895,P0299,P0324,2026-06-02 23:15,131
C04896,P0430,P0436,2026-01-15 02:08,835
C04897,P0240,P0219,2026-02-17 11:10,1054
C04898,P0411,P0401,2026-02-11 03:17,976
C04899,P0318,P0337,2026-02-08 12:46,193
C04900,P0279,P0277,2026-06-05 16:57,361
C04901,P0361,P0485,2026-07-04 18:41,691
C04902,P0493,P0452,2026-03-19 09:35,559
C04903,P0213,P0243,2026-05-24 10:29,1003
C04904,P0210,P0443,2026-07-03 23:56,506
C04905,P0275,P0433,2026-07-11 20:21,53
C04906,P0490,P0452,2026-01-23 18:54,205
C04907,P0473,P0497,2026-07-24 14:32,404
C04908,P0187,P0195,2026-06-25 18:48,405
C04909,P0008,P0038,2026-05-03 04:40,961
C04910,P0307,P0336,2026-06-22 07:26,90
C04911,P0385,P0353,2026-08-05 00:42,306
C04912,P0191,P0196,2026-04-18 17:06,156
C04913,P0490,P0478,2026-07-28 15:27,470
C04914,P0013,P0042,2026-08-08 09:49,532
C04915,P0324,P0327,2026-08-01 14:40,226
C04916,P0023,P0026,2026-06-16 09:53,416
C04917,P0381,P0353,2026-06-09 12:52,942
C04918,P0155,P0176,2026-05-24 19:00,719
C04919,P0336,P0342,2026-08-24 07:45,122
C04920,P0265,P0496,2026-07-18 03:03,349
C04921,P0059,P0088,2026-03-14 13:08,667
C04922,P0400,P0383,2026-01-22 01:36,691
C04923,P0201,P0206,2026-05-13 03:53,666
C04924,P0400,P0397,2026-01-02 00:04,133
C04925,P0474,P0018,2026-08-07 16:32,675
C04926,P0399,P0396,2026-04-21 09:46,1036
C04927,P0349,P0337,2026-04-27 18:40,86
C04928,P0207,P0214,2026-02-19 16:20,1198
C04929,P0084,P0065,2026-03-04 06:00,737
C04930,P0441,P0417,2026-03-12 20:04,232
C04931,P0492,P0453,2026-04-25 11:38,634
C04932,P0008,P0296,2026-05-06 21:36,598
C04933,P0121,P0137,2026-08-20 19:47,94
C04934,P0117,P0390,2026-03-08 17:34,936
C04935,P0375,P0378,2026-01-21 12:53,358
C04936,P0269,P0296,2026-06-27 02:57,433
C04937,P0426,P0159,2026-01-21 06:36,983
C04938,P0430,P0419,2026-05-22 22:41,418
C04939,P0083,P0063,2026-07-08 05:44,1184
C04940,P0494,P0479,2026-01-06 12:48,802
C04941,P0101,P0131,2026-02-12 09:35,183
C04942,P0065,P0057,2026-02-27 15:32,869
C04943,P0379,P0376,2026-08-16 02:37,299
C04944,P0401,P0448,2026-03-25 01:55,486
C04945,P0134,P0129,2026-06-26 14:17,88
C04946,P0499,P0462,2026-04-22 00:13,875
C04947,P0382,P0384,2026-08-04 19:55,367
C04948,P0481,P0493,2026-03-13 10:21,973
C04949,P0319,P0337,2026-07-16 08:44,764
C04950,P0221,P0215,2026-08-12 05:22,928
C04951,P0244,P0234,2026-03-28 10:08,878
C04952,P0487,P0454,2026-02-27 16:23,233
C04953,P0053,P0420,2026-02-11 23:27,995
C04954,P0404,P0119,2026-06-03 10:29,896
C04955,P0332,P0303,2026-06-02 21:26,1109
C04956,P0485,P0463,2026-04-03 18:14,550
C04957,P0012,P0049,2026-08-11 16:27,125
C04958,P0248,P0223,2026-07-07 22:15,443
C04959,P0296,P0078,2026-04-10 19:56,756
C04960,P0279,P0254,2026-06-03 10:55,710
C04961,P0437,P0272,2026-03-13 06:34,1133
C04962,P0161,P0168,2026-03-15 02:24,245
C04963,P0350,P0311,2026-07-19 14:47,533
C04964,P0114,P0141,2026-08-01 06:43,1159
C04965,P0231,P0236,2026-08-25 22:11,866
C04966,P0463,P0458,2026-03-06 23:36,594
C04967,P0145,P0115,2026-03-17 22:00,822
C04968,P0194,P0188,2026-05-28 23:06,1047
C04969,P0274,P0268,2026-02-27 17:39,356
C04970,P0416,P0406,2026-05-25 00:03,495
C04971,P0152,P0163,2026-03-17 04:27,992
C04972,P0240,P0201,2026-05-15 18:52,1139
C04973,P0185,P0227,2026-02-14 16:37,914
C04974,P0063,P0060,2026-06-02 16:26,373
C04975,P0209,P0465,2026-06-13 09:40,450
C04976,P0304,P0344,2026-03-07 00:36,368
C04977,P0279,P0225,2026-03-17 19:50,612
C04978,P0176,P0164,2026-02-13 06:15,53
C04979,P0151,P0199,2026-01-04 15:10,827
C04980,P0078,P0264,2026-01-08 06:44,849
C04981,P0033,P0019,2026-08-10 18:05,204
C04982,P0167,P0192,2026-04-28 21:02,488
C04983,P0032,P0366,2026-02-13 13:15,788
C04984,P0134,P0118,2026-06-27 10:19,168
C04985,P0035,P0041,2026-06-15 19:58,794
C04986,P0473,P0455,2026-02-21 00:32,659
C04987,P0053,P0075,2026-07-24 01:47,143
C04988,P0301,P0319,2026-07-19 00:40,232
C04989,P0493,P0472,2026-04-17 20:39,236
C04990,P0369,P0195,2026-03-10 08:04,68
C04991,P0385,P0369,2026-06-16 07:54,322
C04992,P0221,P0179,2026-01-28 05:58,580
C04993,P0200,P0184,2026-04-12 08:47,540
C04994,P0008,P0236,2026-02-26 02:41,51
C04995,P0140,P0134,2026-06-01 05:15,72
C04996,P0328,P0477,2026-01-27 13:27,930
C04997,P0422,P0415,2026-04-22 06:49,269
C04998,P0067,P0080,2026-06-12 08:47,155
C04999,P0445,P0411,2026-05-25 18:11,340
C05000,P0133,P0143,2026-02-12 20:11,117
C05001,P0259,P0258,2026-08-28 12:35,27
C05002,P0127,P0139,2026-07-06 10:02,690
C05003,P0245,P0378,2026-04-23 04:17,149
C05004,P0469,P0466,2026-01-08 22:48,365
C05005,P0132,P0117,2026-07-27 04:50,510
C05006,P0419,P0404,2026-04-16 20:25,746
C05007,P0488,P0468,2026-03-27 23:35,749
C05008,P0010,P0098,2026-04-01 16:26,541
C05009,P0148,P0285,2026-07-21 07:53,282
C05010,P0033,P0021,2026-01-11 01:48,577
C05011,P0262,P0438,2026-08-22 03:21,76
C05012,P0061,P0286,2026-03-07 14:31,368
C05013,P0454,P0481,2026-05-10 08:30,1192
C05014,P0457,P0495,2026-02-16 03:31,534
C05015,P0006,P0016,2026-04-23 08:22,827
C05016,P0445,P0418,2026-07-11 21:59,1016
C05017,P0246,P0151,2026-05-20 12:25,792
C05018,P0227,P0070,2026-04-13 12:46,138
C05019,P0436,P0452,2026-08-09 03:09,33
C05020,P0401,P0413,2026-07-17 19:13,1046
C05021,P0259,P0285,2026-05-01 09:13,525
C05022,P0060,P0206,2026-01-05 12:38,692
C05023,P0374,P0359,2026-07-14 17:18,1164
C05024,P0112,P0342,2026-02-14 06:25,982
C05025,P0371,P0360,2026-05-27 20:35,157
C05026,P0182,P0175,2026-05-06 19:53,1075
C05027,P0465,P0451,2026-04-20 11:15,770
C05028,P0303,P0334,2026-06-07 05:38,1164
C05029,P0451,P0122,2026-05-23 00:05,192
C05030,P0482,P0497,2026-05-15 10:17,1022
C05031,P0380,P0353,2026-05-25 18:39,101
C05032,P0330,P0335,2026-02-20 09:23,817
C05033,P0173,P0295,2026-08-15 07:39,808
C05034,P0043,P0013,2026-05-01 10:30,441
C05035,P0206,P0278,2026-02-02 16:55,61
C05036,P0096,P0094,2026-08-11 13:39,589
C05037,P0017,P0243,2026-03-26 03:57,1049
C05038,P0430,P0443,2026-08-26 02:43,889
C05039,P0296,P0302,2026-02-13 10:32,967
C05040,P0316,P0320,2026-02-04 01:16,1121
C05041,P0226,P0285,2026-07-15 03:09,808
C05042,P0395,P0361,2026-02-18 04:53,260
C05043,P0399,P0386,2026-06-21 05:16,151
C05044,P0302,P0341,2026-05-04 23:44,732
C05045,P0450,P0422,2026-06-07 14:45,484
C05046,P0214,P0230,2026-07-07 03:33,677
C05047,P0332,P0302,2026-08-27 03:27,543
C05048,P0068,P0098,2026-05-01 00:03,576
C05049,P0374,P0377,2026-01-05 07:49,271
C05050,P0320,P0350,2026-01-15 19:31,345
C05051,P0448,P0411,2026-03-24 17:32,696
C05052,P0157,P0079,2026-08-07 23:17,549
C05053,P0365,P0249,2026-03-28 11:07,1003
C05054,P0327,P0341,2026-06-09 14:46,770
C05055,P0386,P0395,2026-04-22 15:58,157
C05056,P0430,P0359,2026-06-07 18:47,312
C05057,P0454,P0478,2026-08-15 03:35,683
C05058,P0301,P0350,2026-02-16 09:59,479
C05059,P0204,P0211,2026-06-13 01:02,621
C05060,P0077,P0094,2026-07-28 15:29,741
C05061,P0029,P0008,2026-03-15 18:45,979
C05062,P0314,P0348,2026-06-01 13:55,625
C05063,P0361,P0387,2026-01-23 09:13,1068
C05064,P0082,P0097,2026-07-15 12:08,363
C05065,P0225,P0018,2026-03-24 11:19,524
C05066,P0203,P0328,2026-04-19 02:20,1065
C05067,P0318,P0331,2026-03-11 13:03,599
C05068,P0383,P0361,2026-01-22 06:27,63
C05069,P0071,P0096,2026-06-02 21:52,398
C05070,P0066,P0067,2026-01-23 19:55,985
C05071,P0110,P0150,2026-01-27 22:27,806
C05072,P0321,P0319,2026-01-11 07:47,386
C05073,P0095,P0077,2026-05-08 10:14,361
C05074,P0257,P0382,2026-07-03 14:35,44
C05075,P0066,P0084,2026-01-11 14:14,402
C05076,P0350,P0329,2026-07-10 11:21,782
C05077,P0071,P0058,2026-01-15 00:47,732
C05078,P0351,P0374,2026-03-20 11:02,1171
C05079,P0368,P0369,2026-02-05 06:21,1138
C05080,P0121,P0136,2026-07-20 04:55,837
C05081,P0302,P0303,2026-07-21 05:21,728
C05082,P0081,P0099,2026-08-23 11:04,431
C05083,P0417,P0438,2026-06-07 02:53,373
C05084,P0168,P0199,2026-05-26 10:33,60
C05085,P0482,P0478,2026-03-04 06:17,873
C05086,P0204,P0142,2026-07-03 10:09,903
C05087,P0128,P0078,2026-03-05 21:50,555
C05088,P0397,P0231,2026-01-24 21:32,214
C05089,P0002,P0055,2026-05-17 22:06,363
C05090,P0355,P0390,2026-05-02 17:38,534
C05091,P0236,P0243,2026-02-26 04:57,842
C05092,P0399,P0389,2026-04-01 23:00,1087
C05093,P0166,P0264,2026-01-11 20:58,1060
C05094,P0068,P0052,2026-04-07 09:45,71
C05095,P0036,P0048,2026-02-23 23:57,118
C05096,P0172,P0192,2026-07-26 18:37,97
C05097,P0100,P0066,2026-02-04 13:44,869
C05098,P0302,P0309,2026-02-06 09:57,900
C05099,P0425,P0217,2026-05-05 16:07,325
C05100,P0287,P0284,2026-04-13 05:03,956
C05101,P0137,P0319,2026-05-19 22:46,677
C05102,P0125,P0101,2026-03-01 07:14,181
C05103,P0133,P0382,2026-07-12 13:43,744
C05104,P0099,P0077,2026-07-12 15:54,1069
C05105,P0152,P0169,2026-06-28 01:19,501
C05106,P0292,P0346,2026-07-10 20:06,834
C05107,P0034,P0025,2026-03-24 22:59,1174
C05108,P0098,P0407,2026-03-25 04:54,483
C05109,P0118,P0147,2026-08-13 08:06,401
C05110,P0193,P0187,2026-06-27 11:31,534
C05111,P0308,P0333,2026-01-23 10:54,1052
C05112,P0170,P0153,2026-04-12 08:40,591
C05113,P0346,P0328,2026-08-17 16:22,1176
C05114,P0408,P0438,2026-03-01 13:39,804
C05115,P0463,P0462,2026-06-22 19:26,310
C05116,P0224,P0353,2026-03-05 07:26,1123
C05117,P0131,P0122,2026-04-09 03:34,441
C05118,P0496,P0499,2026-06-11 20:30,1168
C05119,P0399,P0487,2026-01-06 04:57,1072
C05120,P0382,P0356,2026-01-14 04:36,626
C05121,P0009,P0048,2026-07-22 18:18,567
C05122,P0293,P0264,2026-05-04 20:18,525
C05123,P0048,P0014,2026-03-08 23:44,273
C05124,P0221,P0430,2026-07-15 18:40,122
C05125,P0217,P0328,2026-08-24 08:30,1007
C05126,P0149,P0104,2026-02-03 21:55,145
C05127,P0415,P0433,2026-05-08 23:29,1162
C05128,P0006,P0042,2026-08-16 22:30,728
C05129,P0198,P0169,2026-03-05 10:13,482
C05130,P0067,P0069,2026-05-05 11:56,1028
C05131,P0130,P0117,2026-06-15 21:21,118
C05132,P0093,P0084,2026-06-06 02:06,597
C05133,P0303,P0315,2026-07-07 16:14,831
C05134,P0432,P0435,2026-05-06 00:48,604
C05135,P0500,P0486,2026-04-12 21:32,657
C05136,P0354,P0375,2026-04-22 18:11,1097
C05137,P0142,P0141,2026-01-05 10:19,854
C05138,P0346,P0343,2026-08-19 09:26,931
C05139,P0443,P0405,2026-07-07 22:26,180
C05140,P0446,P0294,2026-06-20 22:18,691
C05141,P0300,P0070,2026-02-04 22:35,706
C05142,P0089,P0118,2026-06-21 01:05,595
C05143,P0382,P0387,2026-07-05 12:43,422
C05144,P0475,P0473,2026-05-25 18:39,1030
C05145,P0456,P0496,2026-08-18 20:40,334
C05146,P0407,P0070,2026-01-02 17:45,272
C05147,P0007,P0048,2026-05-06 16:52,855
C05148,P0454,P0476,2026-03-11 02:20,1020
C05149,P0257,P0267,2026-01-19 22:25,931
C05150,P0043,P0033,2026-01-01 22:16,743
C05151,P0362,P0368,2026-03-22 05:30,620
C05152,P0369,P0355,2026-07-14 11:45,283
C05153,P0413,P0403,2026-06-04 14:07,971
C05154,P0255,P0262,2026-04-28 08:13,501
C05155,P0330,P0324,2026-08-22 15:31,929
C05156,P0125,P0150,2026-06-18 15:20,118
C05157,P0051,P0070,2026-08-20 02:16,22
C05158,P0355,P0391,2026-03-28 16:01,865
C05159,P0489,P0453,2026-08-27 08:25,824
C05160,P0212,P0310,2026-08-27 21:17,991
C05161,P0080,P0058,2026-03-10 07:23,818
C05162,P0198,P0154,2026-04-05 11:48,423
C05163,P0474,P0496,2026-03-12 10:34,932
C05164,P0456,P0195,2026-08-07 10:46,41
C05165,P0449,P0406,2026-01-22 15:11,1090
C05166,P0470,P0480,2026-07-09 23:26,167
C05167,P0306,P0317,2026-04-22 12:42,504
C05168,P0476,P0462,2026-08-11 12:44,630
C05169,P0499,P0453,2026-06-03 20:38,709
C05170,P0314,P0302,2026-01-21 12:12,818
C05171,P0054,P0073,2026-02-13 08:03,932
C05172,P0020,P0033,2026-02-03 06:47,765
C05173,P0457,P0386,2026-04-28 22:46,995
C05174,P0344,P0324,2026-04-20 13:23,347
C05175,P0149,P0139,2026-06-19 23:34,823
C05176,P0395,P0354,2026-06-12 09:33,95
C05177,P0145,P0138,2026-07-20 19:59,216
C05178,P0412,P0431,2026-01-02 21:08,1195
C05179,P0064,P0059,2026-07-17 18:12,984
C05180,P0216,P0011,2026-03-03 07:27,1136
C05181,P0148,P0039,2026-06-16 15:05,297
C05182,P0035,P0270,2026-05-06 22:40,786
C05183,P0473,P0477,2026-02-16 13:42,766
C05184,P0461,P0460,2026-04-23 11:23,285
C05185,P0286,P0282,2026-01-28 13:12,31
C05186,P0078,P0394,2026-03-18 22:11,476
C05187,P0183,P0487,2026-03-18 14:33,1039
C05188,P0173,P0189,2026-07-10 15:10,860
C05189,P0248,P0232,2026-05-14 08:43,757
C05190,P0394,P0360,2026-04-04 00:59,271
C05191,P0486,P0181,2026-01-17 17:03,1125
C05192,P0348,P0320,2026-06-25 00:47,713
C05193,P0021,P0034,2026-01-04 00:35,1158
C05194,P0422,P0216,2026-08-20 15:51,552
C05195,P0306,P0338,2026-04-15 17:51,1142
C05196,P0193,P0100,2026-07-26 20:18,815
C05197,P0125,P0480,2026-04-08 09:52,929
C05198,P0477,P0465,2026-04-16 18:57,322
C05199,P0311,P0333,2026-02-20 02:22,21
C05200,P0369,P0364,2026-08-08 09:20,122
C05201,P0108,P0139,2026-05-01 10:58,27
C05202,P0149,P0127,2026-01-20 15:55,1174
C05203,P0455,P0468,2026-06-19 15:28,503
C05204,P0210,P0194,2026-01-19 17:48,669
C05205,P0486,P0456,2026-08-25 09:31,494
C05206,P0264,P0290,2026-08-21 16:33,736
C05207,P0233,P0248,2026-06-21 11:28,258
C05208,P0485,P0467,2026-05-09 23:38,819
C05209,P0316,P0337,2026-06-06 10:30,533
C05210,P0368,P0366,2026-08-21 05:05,310
C05211,P0233,P0230,2026-08-12 12:57,168
C05212,P0470,P0318,2026-02-18 18:53,1083
C05213,P0282,P0288,2026-04-05 23:11,102
C05214,P0004,P0021,2026-01-11 09:22,252
C05215,P0321,P0336,2026-06-10 01:20,1181
C05216,P0168,P0170,2026-03-10 13:08,981
C05217,P0113,P0140,2026-04-08 01:49,852
C05218,P0174,P0163,2026-06-20 15:20,1129
C05219,P0311,P0333,2026-03-24 22:07,846
C05220,P0269,P0251,2026-08-25 20:20,983
C05221,P0410,P0450,2026-08-07 14:54,890
C05222,P0481,P0480,2026-04-19 20:52,1075
C05223,P0445,P0224,2026-07-14 00:36,1043
C05224,P0383,P0371,2026-06-01 01:43,618
C05225,P0293,P0253,2026-08-23 04:38,838
C05226,P0497,P0500,2026-01-22 02:01,924
C05227,P0145,P0110,2026-07-12 04:28,1078
C05228,P0225,P0216,2026-01-11 19:19,180
C05229,P0218,P0256,2026-02-03 14:28,674
C05230,P0450,P0447,2026-08-06 08:51,666
C05231,P0486,P0480,2026-01-17 21:32,642
C05232,P0296,P0271,2026-04-23 17:51,24
C05233,P0322,P0340,2026-08-05 13:33,464
C05234,P0485,P0190,2026-01-25 14:47,69
C05235,P0153,P0177,2026-07-15 05:04,283
C05236,P0275,P0286,2026-04-18 14:50,77
C05237,P0094,P0248,2026-06-08 14:36,1160
C05238,P0058,P0148,2026-03-10 02:14,988
C05239,P0151,P0178,2026-04-19 01:53,1103
C05240,P0153,P0177,2026-05-22 16:13,890
C05241,P0391,P0265,2026-02-14 14:10,427
C05242,P0322,P0343,2026-07-02 12:30,1004
C05243,P0287,P0273,2026-08-26 07:47,689
C05244,P0021,P0048,2026-08-16 21:08,744
C05245,P0151,P0021,2026-03-11 22:52,1111
C05246,P0436,P0405,2026-01-21 17:58,675
C05247,P0271,P0230,2026-03-07 10:31,1051
C05248,P0281,P0291,2026-03-02 16:01,333
C05249,P0052,P0069,2026-02-12 01:50,976
C05250,P0480,P0391,2026-05-19 07:07,851
C05251,P0443,P0408,2026-07-25 21:52,254
C05252,P0291,P0275,2026-07-03 07:41,602
C05253,P0229,P0243,2026-06-02 01:02,658
C05254,P0203,P0242,2026-03-05 20:30,67
C05255,P0490,P0494,2026-01-21 12:19,650
C05256,P0278,P0292,2026-06-24 22:54,1056
C05257,P0472,P0348,2026-04-26 20:25,452
C05258,P0319,P0332,2026-03-28 05:19,763
C05259,P0448,P0407,2026-08-02 16:46,472
C05260,P0099,P0100,2026-05-28 20:42,396
C05261,P0491,P0496,2026-07-13 22:15,92
C05262,P0374,P0018,2026-05-12 06:37,1143
C05263,P0449,P0435,2026-07-16 20:10,667
C05264,P0044,P0037,2026-07-04 23:28,124
C05265,P0429,P0414,2026-02-16 00:37,1046
C05266,P0455,P0204,2026-07-18 17:06,476
C05267,P0118,P0440,2026-05-13 19:06,389
C05268,P0254,P0257,2026-07-09 10:16,857
C05269,P0124,P0129,2026-04-04 04:55,735
C05270,P0059,P0079,2026-07-19 16:28,828
C05271,P0149,P0138,2026-06-16 23:40,652
C05272,P0253,P0286,2026-01-21 18:41,1055
C05273,P0358,P0380,2026-04-21 07:05,709
C05274,P0049,P0478,2026-07-02 08:11,803
C05275,P0424,P0043,2026-05-27 08:28,199
C05276,P0171,P0019,2026-05-09 03:23,399
C05277,P0223,P0244,2026-03-20 13:47,605
C05278,P0189,P0132,2026-02-22 21:53,1194
C05279,P0059,P0428,2026-04-24 14:35,111
C05280,P0432,P0428,2026-03-01 19:12,1141
C05281,P0228,P0127,2026-07-11 23:10,659
C05282,P0419,P0244,2026-07-01 22:51,1015
C05283,P0070,P0078,2026-05-28 08:00,368
C05284,P0063,P0073,2026-04-10 04:20,743
C05285,P0086,P0063,2026-03-27 13:46,332
C05286,P0107,P0274,2026-05-04 22:23,725
C05287,P0037,P0043,2026-06-09 04:55,761
C05288,P0444,P0247,2026-06-01 11:25,1128
C05289,P0033,P0018,2026-03-23 00:28,340
C05290,P0126,P0113,2026-04-10 01:44,397
C05291,P0182,P0184,2026-02-24 07:09,852
C05292,P0366,P0360,2026-07-05 14:28,899
C05293,P0340,P0322,2026-02-19 20:54,619
C05294,P0276,P0497,2026-08-21 22:29,622
C05295,P0137,P0119,2026-05-20 19:12,169
C05296,P0373,P0391,2026-08-06 23:48,845
C05297,P0246,P0239,2026-01-22 10:14,848
C05298,P0392,P0383,2026-04-25 05:02,411
C05299,P0096,P0100,2026-04-28 03:30,941
C05300,P0266,P0270,2026-01-07 17:43,1113
C05301,P0157,P0192,2026-06-26 21:56,216
C05302,P0076,P0068,2026-01-06 07:27,296
C05303,P0089,P0065,2026-06-07 02:07,744
C05304,P0187,P0181,2026-02-12 15:15,552
C05305,P0441,P0163,2026-02-01 21:24,893
C05306,P0312,P0316,2026-07-12 01:18,833
C05307,P0127,P0142,2026-03-26 04:19,1032
C05308,P0459,P0460,2026-06-04 20:50,1146
C05309,P0075,P0445,2026-07-21 03:50,521
C05310,P0309,P0305,2026-01-17 09:02,178
C05311,P0390,P0388,2026-08-21 00:25,298
C05312,P0405,P0403,2026-08-21 11:11,885
C05313,P0324,P0304,2026-04-14 17:05,821
C05314,P0108,P0119,2026-01-15 07:30,421
C05315,P0356,P0368,2026-04-19 00:12,40
C05316,P0102,P0104,2026-06-28 23:42,821
C05317,P0031,P0001,2026-03-21 09:31,604
C05318,P0292,P0279,2026-03-03 07:10,965
C05319,P0072,P0062,2026-03-20 06:11,296
C05320,P0150,P0121,2026-05-02 03:18,529
C05321,P0232,P0250,2026-06-10 07:41,194
C05322,P0320,P0324,2026-05-15 17:03,137
C05323,P0462,P0498,2026-05-25 13:13,838
C05324,P0484,P0466,2026-08-27 11:23,768
C05325,P0222,P0235,2026-04-18 15:23,99
C05326,P0398,P0380,2026-01-20 18:03,405
C05327,P0107,P0141,2026-02-26 07:49,762
C05328,P0362,P0257,2026-01-10 06:13,504
C05329,P0294,P0277,2026-07-09 00:07,119
C05330,P0302,P0306,2026-04-07 10:11,34
C05331,P0223,P0086,2026-03-26 12:03,1181
C05332,P0348,P0318,2026-03-25 12:25,484
C05333,P0307,P0319,2026-01-18 04:12,235
C05334,P0356,P0395,2026-08-04 19:50,624
C05335,P0203,P0222,2026-02-20 21:40,1192
C05336,P0405,P0439,2026-01-01 10:26,923
C05337,P0120,P0327,2026-06-06 13:14,767
C05338,P0081,P0078,2026-04-12 05:16,244
C05339,P0010,P0046,2026-03-26 16:50,790
C05340,P0054,P0076,2026-07-11 23:27,64
C05341,P0461,P0463,2026-06-15 14:28,608
C05342,P0238,P0203,2026-06-16 02:31,710
C05343,P0146,P0132,2026-08-23 21:49,732
C05344,P0071,P0084,2026-08-17 19:45,1093
C05345,P0076,P0097,2026-04-04 15:06,669
C05346,P0059,P0048,2026-02-09 05:46,558
C05347,P0245,P0233,2026-05-12 09:26,920
C05348,P0179,P0155,2026-08-27 22:16,209
C05349,P0044,P0027,2026-07-20 10:19,670
C05350,P0423,P0431,2026-01-07 08:00,270
C05351,P0082,P0076,2026-02-15 00:24,233
C05352,P0008,P0007,2026-03-15 06:34,473
C05353,P0341,P0488,2026-02-15 05:01,520
C05354,P0241,P0301,2026-07-12 13:16,45
C05355,P0455,P0493,2026-06-10 04:49,836
C05356,P0364,P0458,2026-08-18 04:54,615
C05357,P0318,P0314,2026-05-25 22:11,640
C05358,P0363,P0432,2026-02-27 03:16,988
C05359,P0243,P0226,2026-07-05 08:58,1101
C05360,P0154,P0192,2026-07-10 04:47,170
C05361,P0217,P0472,2026-05-13 01:14,1081
C05362,P0483,P0306,2026-06-04 20:44,712
C05363,P0168,P0195,2026-07-13 10:09,152
C05364,P0254,P0147,2026-07-09 10:12,498
C05365,P0349,P0318,2026-06-01 13:02,682
C05366,P0207,P0245,2026-04-16 20:06,478
C05367,P0242,P0228,2026-04-21 03:48,44
C05368,P0279,P0307,2026-01-21 15:34,897
C05369,P0279,P0298,2026-07-02 03:35,1099
C05370,P0018,P0007,2026-06-21 08:40,600
C05371,P0366,P0368,2026-04-12 20:53,980
C05372,P0481,P0453,2026-02-22 13:32,757
C05373,P0266,P0255,2026-08-26 10:03,540
C05374,P0408,P0289,2026-04-16 00:05,256
C05375,P0476,P0486,2026-08-09 20:01,754
C05376,P0021,P0047,2026-06-02 19:22,1009
C05377,P0079,P0258,2026-02-17 08:28,333
C05378,P0404,P0426,2026-04-24 19:38,372
C05379,P0341,P0307,2026-02-20 11:55,571
C05380,P0312,P0348,2026-08-17 20:57,73
C05381,P0448,P0442,2026-01-13 16:51,432
C05382,P0060,P0093,2026-02-15 18:21,305
C05383,P0077,P0399,2026-03-07 07:05,399
C05384,P0382,P0359,2026-06-01 22:45,458
C05385,P0299,P0278,2026-02-14 05:44,963
C05386,P0206,P0213,2026-05-26 05:31,1032
C05387,P0171,P0192,2026-08-08 22:31,540
C05388,P0094,P0070,2026-03-01 19:16,399
C05389,P0466,P0481,2026-05-04 11:41,1060
C05390,P0496,P0490,2026-05-05 10:03,694
C05391,P0070,P0340,2026-06-08 20:51,24
C05392,P0295,P0187,2026-06-23 23:43,1141
C05393,P0496,P0489,2026-04-13 09:42,393
C05394,P0388,P0373,2026-08-05 07:33,223
C05395,P0059,P0088,2026-03-03 07:20,232
C05396,P0066,P0092,2026-04-02 03:01,993
C05397,P0299,P0294,2026-01-06 08:25,591
C05398,P0427,P0398,2026-05-23 23:56,232
C05399,P0147,P0109,2026-03-08 05:58,88
C05400,P0184,P0199,2026-06-23 15:03,1198
C05401,P0457,P0466,2026-08-01 16:22,1170
C05402,P0491,P0266,2026-04-16 19:10,273
C05403,P0078,P0098,2026-03-05 12:41,130
C05404,P0489,P0464,2026-08-03 11:06,494
C05405,P0385,P0370,2026-05-23 19:34,1165
C05406,P0412,P0127,2026-01-07 14:40,589
C05407,P0225,P0455,2026-04-18 03:06,477
C05408,P0229,P0032,2026-05-19 08:25,366
C05409,P0271,P0270,2026-01-15 15:56,51
C05410,P0173,P0171,2026-03-28 06:58,560
C05411,P0093,P0058,2026-01-22 17:51,386
C05412,P0184,P0171,2026-01-26 04:46,1115
C05413,P0388,P0386,2026-03-11 16:31,745
C05414,P0074,P0078,2026-05-04 10:56,500
C05415,P0029,P0050,2026-01-13 13:26,1030
C05416,P0314,P0349,2026-04-03 03:36,161
C05417,P0057,P0088,2026-06-11 23:14,72
C05418,P0364,P0397,2026-02-27 06:16,136
C05419,P0390,P0355,2026-08-01 06:31,1191
C05420,P0152,P0177,2026-02-26 17:37,300
C05421,P0459,P0008,2026-05-12 16:08,112
C05422,P0076,P0062,2026-05-15 22:19,280
C05423,P0418,P0431,2026-04-05 11:56,677
C05424,P0322,P0309,2026-01-11 22:57,468
C05425,P0390,P0391,2026-02-05 00:52,942
C05426,P0465,P0460,2026-01-20 11:30,1143
C05427,P0497,P0310,2026-01-28 07:20,677
C05428,P0407,P0437,2026-07-18 23:16,588
C05429,P0296,P0279,2026-02-27 23:28,559
C05430,P0103,P0121,2026-05-02 20:23,193
C05431,P0472,P0190,2026-06-14 15:51,594
C05432,P0104,P0108,2026-07-21 15:51,667
C05433,P0494,P0466,2026-01-01 02:14,547
C05434,P0041,P0156,2026-01-12 23:40,1123
C05435,P0352,P0387,2026-02-27 08:50,576
C05436,P0184,P0159,2026-05-01 01:00,102
C05437,P0020,P0012,2026-05-23 13:16,754
C05438,P0375,P0384,2026-04-10 23:34,922
C05439,P0277,P0252,2026-05-18 18:38,310
C05440,P0203,P0218,2026-03-11 14:27,143
C05441,P0184,P0153,2026-08-20 10:47,182
C05442,P0408,P0411,2026-02-26 12:22,382
C05443,P0254,P0286,2026-02-12 18:21,66
C05444,P0072,P0052,2026-08-28 02:49,1038
C05445,P0344,P0318,2026-08-26 15:54,813
C05446,P0420,P0395,2026-02-21 01:44,488
C05447,P0081,P0359,2026-04-04 18:29,843
C05448,P0124,P0120,2026-07-04 13:32,540
C05449,P0143,P0195,2026-07-10 11:48,1054
C05450,P0117,P0144,2026-05-03 21:34,486
C05451,P0056,P0066,2026-08-21 04:17,591
C05452,P0478,P0365,2026-03-25 18:29,684
C05453,P0048,P0368,2026-05-27 09:33,1198
C05454,P0011,P0456,2026-01-19 21:19,807
C05455,P0417,P0426,2026-04-26 18:09,612
C05456,P0432,P0436,2026-01-21 15:48,519
C05457,P0377,P0367,2026-08-07 14:33,112
C05458,P0210,P0223,2026-02-19 03:54,1121
C05459,P0309,P0335,2026-08-10 14:27,957
C05460,P0349,P0304,2026-02-19 03:38,408
C05461,P0084,P0195,2026-05-05 10:36,451
C05462,P0338,P0332,2026-01-17 11:26,936
C05463,P0052,P0091,2026-06-28 20:27,455
C05464,P0376,P0303,2026-07-16 01:42,640
C05465,P0402,P0229,2026-08-16 03:17,89
C05466,P0380,P0354,2026-03-12 23:01,195
C05467,P0217,P0240,2026-05-02 20:53,1122
C05468,P0259,P0274,2026-07-21 06:31,549
C05469,P0137,P0479,2026-05-12 10:46,709
C05470,P0375,P0399,2026-07-07 07:52,712
C05471,P0101,P0146,2026-06-01 18:57,719
C05472,P0400,P0006,2026-08-06 15:59,982
C05473,P0131,P0125,2026-06-22 16:56,1159
C05474,P0438,P0418,2026-03-24 20:27,845
C05475,P0328,P0340,2026-01-26 20:11,971
C05476,P0217,P0235,2026-03-21 19:52,604
C05477,P0253,P0254,2026-08-20 12:51,230
C05478,P0181,P0182,2026-08-22 16:16,305
C05479,P0077,P0069,2026-02-19 03:24,415
C05480,P0220,P0298,2026-06-01 21:30,375
C05481,P0123,P0103,2026-02-13 19:04,734
C05482,P0384,P0354,2026-08-20 16:09,446
C05483,P0002,P0034,2026-02-07 06:48,650
C05484,P0297,P0010,2026-03-07 15:19,494
C05485,P0337,P0346,2026-03-25 08:39,596
C05486,P0006,P0045,2026-07-22 18:40,741
C05487,P0314,P0061,2026-02-21 22:11,1192
C05488,P0216,P0462,2026-05-02 07:04,239
C05489,P0430,P0439,2026-02-09 13:58,751
C05490,P0056,P0092,2026-03-01 06:52,492
C05491,P0024,P0039,2026-07-14 21:27,539
C05492,P0469,P0463,2026-04-24 15:22,607
C05493,P0272,P0257,2026-05-13 07:30,1001
C05494,P0441,P0450,2026-06-02 23:15,39
C05495,P0375,P0092,2026-08-16 04:43,182
C05496,P0295,P0105,2026-02-13 05:22,115
C05497,P0169,P0181,2026-04-06 13:28,318
C05498,P0244,P0250,2026-04-23 14:09,828
C05499,P0368,P0237,2026-08-19 07:46,1064
C05500,P0270,P0292,2026-05-28 19:05,371
C05501,P0496,P0224,2026-08-06 16:31,1003
C05502,P0425,P0440,2026-02-02 09:01,927
C05503,P0139,P0125,2026-07-11 05:53,596
C05504,P0282,P0265,2026-02-22 16:03,308
C05505,P0017,P0005,2026-01-15 03:36,161
C05506,P0216,P0245,2026-04-15 01:59,388
C05507,P0384,P0357,2026-05-20 12:14,752
C05508,P0088,P0064,2026-06-07 02:42,182
C05509,P0097,P0071,2026-05-12 12:28,481
C05510,P0047,P0417,2026-04-16 01:44,114
C05511,P0367,P0034,2026-08-09 18:12,208
C05512,P0231,P0185,2026-07-01 15:14,33
C05513,P0096,P0095,2026-08-07 14:13,503
C05514,P0247,P0416,2026-01-03 00:06,612
C05515,P0311,P0305,2026-03-28 05:46,554
C05516,P0027,P0005,2026-04-17 12:21,572
C05517,P0304,P0219,2026-07-02 05:58,661
C05518,P0500,P0487,2026-05-08 10:34,104
C05519,P0425,P0242,2026-02-03 17:45,83
C05520,P0017,P0490,2026-05-11 01:05,666
C05521,P0473,P0036,2026-02-19 10:39,852
C05522,P0131,P0126,2026-04-26 22:55,581
C05523,P0388,P0254,2026-08-20 13:26,121
C05524,P0132,P0468,2026-06-13 04:20,987
C05525,P0211,P0212,2026-05-13 08:48,136
C05526,P0243,P0248,2026-07-25 03:49,1027
C05527,P0207,P0248,2026-03-16 15:06,257
C05528,P0407,P0425,2026-01-12 17:01,174
C05529,P0273,P0282,2026-01-18 05:25,1027
C05530,P0196,P0436,2026-06-02 08:17,613
C05531,P0218,P0248,2026-03-20 08:49,316
C05532,P0253,P0405,2026-01-17 17:03,729
C05533,P0034,P0169,2026-02-08 14:42,1068
C05534,P0127,P0133,2026-05-20 14:02,620
C05535,P0077,P0097,2026-02-10 04:55,31
C05536,P0343,P0335,2026-02-15 20:00,110
C05537,P0067,P0065,2026-07-12 18:30,335
C05538,P0189,P0198,2026-08-13 13:47,234
C05539,P0267,P0258,2026-08-26 02:20,97
C05540,P0378,P0351,2026-02-23 14:22,247
C05541,P0401,P0429,2026-08-18 08:11,1058
C05542,P0274,P0280,2026-07-04 16:40,896
C05543,P0247,P0410,2026-01-14 13:31,288
C05544,P0497,P0461,2026-03-18 07:19,260
C05545,P0041,P0038,2026-03-04 11:10,946
C05546,P0382,P0187,2026-08-18 07:12,885
C05547,P0238,P0467,2026-05-26 22:03,1092
C05548,P0061,P0094,2026-01-12 18:37,568
C05549,P0353,P0239,2026-07-19 23:54,1112
C05550,P0277,P0015,2026-02-06 21:49,358
C05551,P0309,P0304,2026-04-14 03:47,49
C05552,P0277,P0020,2026-03-12 15:52,98
C05553,P0436,P0207,2026-03-23 01:47,835
C05554,P0354,P0365,2026-06-11 19:22,236
C05555,P0329,P0325,2026-02-14 22:26,330
C05556,P0208,P0449,2026-06-18 12:59,414
C05557,P0009,P0050,2026-06-08 12:32,1019
C05558,P0104,P0140,2026-03-06 10:55,585
C05559,P0402,P0425,2026-05-01 19:28,1165
C05560,P0238,P0420,2026-04-27 20:55,1164
C05561,P0085,P0063,2026-05-04 01:03,29
C05562,P0285,P0269,2026-05-08 22:48,1174
C05563,P0049,P0001,2026-05-14 01:14,661
C05564,P0366,P0213,2026-01-23 17:38,1036
C05565,P0197,P0142,2026-04-16 11:39,30
C05566,P0390,P0354,2026-06-24 17:52,516
C05567,P0351,P0359,2026-08-21 16:36,68
C05568,P0378,P0367,2026-06-04 06:00,117
C05569,P0008,P0040,2026-06-16 10:19,1007
C05570,P0433,P0450,2026-01-18 09:11,1012
C05571,P0311,P0333,2026-03-17 10:50,25
C05572,P0271,P0265,2026-03-01 11:44,306
C05573,P0185,P0038,2026-06-27 11:57,134
C05574,P0261,P0267,2026-08-03 02:51,916
C05575,P0394,P0399,2026-06-01 23:23,270
C05576,P0498,P0495,2026-02-17 20:17,199
C05577,P0298,P0256,2026-05-04 04:01,26
C05578,P0018,P0048,2026-06-03 10:27,455
C05579,P0131,P0127,2026-03-26 12:35,1190
C05580,P0299,P0136,2026-08-08 16:29,435
C05581,P0144,P0124,2026-03-28 06:38,119
C05582,P0024,P0027,2026-04-14 01:28,185
C05583,P0064,P0081,2026-04-20 09:39,197
C05584,P0285,P0255,2026-04-14 12:37,608
C05585,P0221,P0153,2026-04-14 11:43,419
C05586,P0248,P0221,2026-05-12 13:35,260
C05587,P0438,P0421,2026-02-10 12:44,496
C05588,P0476,P0056,2026-08-20 17:37,1000
C05589,P0400,P0117,2026-04-22 01:08,426
C05590,P0114,P0116,2026-04-23 16:33,510
C05591,P0475,P0451,2026-03-11 00:39,334
C05592,P0201,P0202,2026-05-08 17:58,911
C05593,P0220,P0264,2026-05-15 01:51,1043
C05594,P0303,P0348,2026-03-15 10:30,1056
C05595,P0313,P0327,2026-01-12 06:31,416
C05596,P0450,P0434,2026-03-07 06:56,108
C05597,P0006,P0039,2026-03-10 14:31,123
C05598,P0374,P0357,2026-07-05 03:00,1173
C05599,P0313,P0326,2026-08-17 21:11,1055
C05600,P0078,P0085,2026-07-01 00:24,837
C05601,P0259,P0349,2026-02-06 15:37,116
C05602,P0124,P0111,2026-05-13 10:32,67
C05603,P0094,P0079,2026-03-06 20:18,226
C05604,P0480,P0489,2026-08-01 06:07,104
C05605,P0414,P0417,2026-01-20 17:58,728
C05606,P0133,P0132,2026-08-18 18:02,576
C05607,P0274,P0127,2026-04-09 13:57,671
C05608,P0398,P0391,2026-03-13 01:11,224
C05609,P0445,P0402,2026-07-23 13:47,869
C05610,P0291,P0289,2026-08-21 21:19,475
C05611,P0432,P0447,2026-01-27 22:13,931
C05612,P0296,P0266,2026-08-04 04:26,1097
C05613,P0019,P0006,2026-06-26 10:31,1126
C05614,P0051,P0121,2026-08-07 22:04,601
C05615,P0499,P0497,2026-02-27 15:42,712
C05616,P0118,P0131,2026-05-24 08:15,422
C05617,P0255,P0500,2026-03-15 07:46,99
C05618,P0481,P0477,2026-07-05 01:33,652
C05619,P0472,P0467,2026-08-17 08:45,841
C05620,P0049,P0008,2026-06-15 14:18,852
C05621,P0072,P0060,2026-08-17 21:20,895
C05622,P0121,P0122,2026-05-05 08:21,1171
C05623,P0206,P0233,2026-03-20 05:36,132
C05624,P0083,P0070,2026-07-16 19:17,109
C05625,P0007,P0021,2026-05-04 07:33,355
C05626,P0186,P0177,2026-04-08 19:08,435
C05627,P0342,P0385,2026-07-05 04:22,537
C05628,P0448,P0427,2026-03-19 13:57,902
C05629,P0031,P0117,2026-06-13 11:31,570
C05630,P0036,P0020,2026-04-16 20:59,182
C05631,P0461,P0477,2026-03-16 07:40,768
C05632,P0303,P0304,2026-02-05 13:26,604
C05633,P0326,P0424,2026-01-19 13:04,603
C05634,P0037,P0006,2026-01-02 19:06,900
C05635,P0471,P0470,2026-06-10 23:15,99
C05636,P0384,P0368,2026-07-05 20:47,1025
C05637,P0442,P0389,2026-03-26 00:58,664
C05638,P0122,P0143,2026-08-22 06:03,1042
C05639,P0102,P0081,2026-02-14 12:23,838
C05640,P0053,P0098,2026-08-02 20:34,847
C05641,P0034,P0443,2026-02-27 15:05,457
C05642,P0201,P0241,2026-03-12 01:01,853
C05643,P0130,P0127,2026-05-08 09:53,1198
C05644,P0322,P0309,2026-07-22 21:58,749
C05645,P0263,P0269,2026-08-16 21:54,559
C05646,P0301,P0311,2026-06-23 18:56,741
C05647,P0435,P0447,2026-08-11 11:38,1168
C05648,P0287,P0298,2026-03-02 08:46,162
C05649,P0261,P0284,2026-03-25 07:03,222
C05650,P0247,P0215,2026-01-22 07:40,294
C05651,P0380,P0396,2026-05-10 20:49,608
C05652,P0138,P0145,2026-05-12 21:29,1095
C05653,P0395,P0392,2026-05-23 01:18,987
C05654,P0067,P0135,2026-07-24 08:58,1004
C05655,P0414,P0443,2026-05-04 18:50,40
C05656,P0052,P0053,2026-08-18 09:18,375
C05657,P0138,P0137,2026-04-03 12:40,551
C05658,P0133,P0109,2026-07-12 16:22,982
C05659,P0026,P0496,2026-03-10 16:37,166
C05660,P0281,P0287,2026-02-12 16:47,554
C05661,P0275,P0273,2026-02-21 04:49,476
C05662,P0218,P0204,2026-08-23 00:32,61
C05663,P0155,P0197,2026-04-19 10:39,618
C05664,P0385,P0398,2026-05-28 10:39,62
C05665,P0108,P0354,2026-02-05 16:10,170
C05666,P0062,P0076,2026-05-21 04:06,1066
C05667,P0217,P0250,2026-08-18 16:37,465
C05668,P0326,P0498,2026-08-02 15:03,777
C05669,P0228,P0013,2026-06-21 23:01,843
C05670,P0198,P0343,2026-04-06 14:25,387
C05671,P0366,P0337,2026-04-05 13:21,947
C05672,P0389,P0384,2026-01-09 23:31,102
C05673,P0498,P0492,2026-04-15 19:59,1079
C05674,P0261,P0295,2026-04-20 18:39,910
C05675,P0100,P0200,2026-02-26 16:19,761
C05676,P0094,P0088,2026-04-17 11:28,1184
C05677,P0126,P0110,2026-01-04 13:51,740
C05678,P0497,P0487,2026-06-06 15:59,601
C05679,P0448,P0432,2026-02-12 20:21,478
C05680,P0155,P0192,2026-08-19 07:04,456
C05681,P0372,P0375,2026-02-20 13:47,214
C05682,P0195,P0185,2026-01-05 03:51,61
C05683,P0403,P0023,2026-03-16 16:27,650
C05684,P0473,P0484,2026-08-02 00:22,267
C05685,P0265,P0283,2026-01-28 20:50,883
C05686,P0495,P0451,2026-06-07 15:53,804
C05687,P0107,P0088,2026-08-21 18:58,363
C05688,P0369,P0394,2026-07-25 05:11,829
C05689,P0347,P0313,2026-08-11 06:05,177
C05690,P0179,P0084,2026-05-25 06:34,1027
C05691,P0029,P0021,2026-08-20 06:46,218
C05692,P0217,P0242,2026-05-26 03:37,1176
C05693,P0221,P0244,2026-07-06 20:16,434
C05694,P0037,P0046,2026-03-25 15:28,172
C05695,P0231,P0438,2026-04-22 20:26,1101
C05696,P0354,P0371,2026-02-18 04:22,201
C05697,P0052,P0063,2026-02-21 17:27,947
C05698,P0031,P0023,2026-02-09 08:53,784
C05699,P0090,P0077,2026-07-24 14:43,790
C05700,P0496,P0048,2026-06-02 22:17,500
C05701,P0050,P0006,2026-01-06 12:41,781
C05702,P0345,P0320,2026-08-12 13:54,828
C05703,P0363,P0397,2026-03-19 20:30,1002
C05704,P0043,P0392,2026-01-11 00:27,1084
C05705,P0049,P0047,2026-03-08 07:03,628
C05706,P0219,P0390,2026-03-04 09:44,1013
C05707,P0307,P0325,2026-06-08 14:14,45
C05708,P0211,P0235,2026-01-16 22:33,163
C05709,P0310,P0338,2026-04-02 18:51,793
C05710,P0031,P0008,2026-01-14 12:07,833
C05711,P0178,P0180,2026-01-11 18:03,571
C05712,P0393,P0387,2026-08-15 19:27,435
C05713,P0469,P0477,2026-08-02 18:59,813
C05714,P0430,P0418,2026-07-27 02:55,324
C05715,P0415,P0402,2026-08-18 16:19,980
C05716,P0485,P0483,2026-03-09 06:29,733
C05717,P0448,P0426,2026-07-06 14:16,1048
C05718,P0151,P0200,2026-01-19 22:28,152
C05719,P0132,P0250,2026-06-19 11:01,256
C05720,P0100,P0437,2026-04-13 14:54,330
C05721,P0045,P0034,2026-06-13 14:48,1088
C05722,P0142,P0010,2026-03-18 05:18,850
C05723,P0492,P0458,2026-04-15 02:26,687
C05724,P0243,P0241,2026-03-22 06:42,236
C05725,P0477,P0491,2026-04-16 17:05,476
C05726,P0455,P0474,2026-02-17 23:04,514
C05727,P0452,P0468,2026-08-20 01:19,905
C05728,P0145,P0307,2026-05-02 11:43,1138
C05729,P0089,P0099,2026-04-20 08:58,338
C05730,P0456,P0496,2026-02-20 21:10,908
C05731,P0274,P0306,2026-01-01 19:32,892
C05732,P0026,P0328,2026-07-27 16:04,616
C05733,P0078,P0091,2026-07-28 23:24,216
C05734,P0394,P0360,2026-05-06 00:26,980
C05735,P0022,P0048,2026-06-18 04:17,43
C05736,P0382,P0396,2026-06-23 15:11,603
C05737,P0018,P0119,2026-01-07 02:23,152
C05738,P0267,P0443,2026-07-03 14:22,1163
C05739,P0150,P0110,2026-05-20 09:40,978
C05740,P0090,P0068,2026-06-28 16:59,453
C05741,P0255,P0289,2026-01-03 00:08,846
C05742,P0240,P0209,2026-03-15 15:44,989
C05743,P0287,P0270,2026-03-14 16:11,500
C05744,P0298,P0274,2026-05-07 22:17,544
C05745,P0106,P0116,2026-01-04 03:20,714
C05746,P0468,P0500,2026-02-22 11:55,230
C05747,P0449,P0424,2026-06-26 07:10,439
C05748,P0033,P0049,2026-04-20 15:15,260
C05749,P0121,P0110,2026-04-05 08:15,534
C05750,P0098,P0064,2026-06-26 23:30,1199
C05751,P0167,P0483,2026-07-06 17:00,1025
C05752,P0174,P0152,2026-01-14 22:16,687
C05753,P0369,P0268,2026-01-10 16:10,619
C05754,P0411,P0434,2026-07-06 11:47,731
C05755,P0137,P0113,2026-08-01 13:56,342
C05756,P0283,P0280,2026-04-13 00:33,143
C05757,P0409,P0444,2026-03-14 04:48,435
C05758,P0341,P0043,2026-07-15 11:54,61
C05759,P0263,P0259,2026-08-24 00:49,460
C05760,P0393,P0049,2026-05-15 15:59,711
C05761,P0436,P0358,2026-07-07 23:31,203
C05762,P0388,P0385,2026-08-01 16:01,701
C05763,P0135,P0138,2026-02-26 05:45,327
C05764,P0193,P0190,2026-07-26 10:28,764
C05765,P0389,P0331,2026-08-26 12:17,610
C05766,P0141,P0121,2026-07-05 05:09,44
C05767,P0168,P0200,2026-07-27 08:43,570
C05768,P0068,P0302,2026-07-04 06:33,136
C05769,P0444,P0425,2026-01-24 13:36,434
C05770,P0222,P0205,2026-01-13 21:54,1103
C05771,P0140,P0110,2026-02-13 04:37,1077
C05772,P0194,P0008,2026-05-23 05:31,1058
C05773,P0357,P0399,2026-01-08 13:41,410
C05774,P0275,P0289,2026-06-21 20:48,870
C05775,P0162,P0321,2026-01-22 18:24,634
C05776,P0171,P0161,2026-01-22 17:56,1073
C05777,P0266,P0480,2026-07-25 00:33,160
C05778,P0030,P0007,2026-05-20 23:11,438
C05779,P0016,P0050,2026-07-17 00:32,703
C05780,P0340,P0259,2026-05-09 08:13,1019
C05781,P0063,P0062,2026-07-28 22:45,1032
C05782,P0438,P0214,2026-04-28 17:50,478
C05783,P0038,P0367,2026-02-22 16:03,643
C05784,P0245,P0216,2026-01-25 18:30,1187
C05785,P0169,P0491,2026-07-17 22:50,555
C05786,P0408,P0436,2026-01-03 16:54,987
C05787,P0139,P0106,2026-04-04 03:10,811
C05788,P0370,P0375,2026-01-07 01:08,455
C05789,P0082,P0084,2026-02-15 00:19,383
C05790,P0132,P0121,2026-02-28 02:34,670
C05791,P0102,P0127,2026-04-01 08:07,800
C05792,P0361,P0376,2026-02-18 18:06,39
C05793,P0157,P0153,2026-01-27 02:29,390
C05794,P0033,P0116,2026-07-28 20:10,339
C05795,P0005,P0014,2026-08-02 05:01,1178
C05796,P0406,P0439,2026-05-01 02:55,587
C05797,P0306,P0346,2026-04-27 12:02,973
C05798,P0361,P0353,2026-05-12 01:44,1190
C05799,P0004,P0223,2026-04-23 21:56,738
C05800,P0174,P0152,2026-02-13 22:11,882
C05801,P0053,P0070,2026-05-13 03:31,520
C05802,P0293,P0255,2026-06-04 06:14,277
C05803,P0329,P0313,2026-01-28 18:53,326
C05804,P0031,P0020,2026-02-21 06:21,1181
C05805,P0327,P0322,2026-04-08 18:03,475
C05806,P0116,P0339,2026-06-16 08:12,473
C05807,P0471,P0483,2026-01-23 00:01,1151
C05808,P0310,P0344,2026-07-16 11:02,209
C05809,P0334,P0316,2026-02-09 12:23,31
C05810,P0401,P0010,2026-04-19 08:49,778
C05811,P0185,P0262,2026-05-13 23:18,350
C05812,P0407,P0449,2026-01-05 06:10,24
C05813,P0257,P0289,2026-01-13 23:01,249
C05814,P0393,P0179,2026-01-15 10:07,350
C05815,P0381,P0391,2026-06-26 00:17,841
C05816,P0342,P0311,2026-03-22 20:58,1075
C05817,P0213,P0247,2026-07-12 13:34,1162
C05818,P0328,P0256,2026-03-01 04:56,27
C05819,P0432,P0406,2026-01-27 07:24,715
C05820,P0375,P0399,2026-05-03 08:18,312
C05821,P0364,P0441,2026-08-04 21:58,916
C05822,P0173,P0112,2026-02-28 09:23,774
C05823,P0404,P0410,2026-01-14 23:37,736
C05824,P0171,P0178,2026-05-05 14:44,304
C05825,P0177,P0191,2026-02-02 19:01,1178
C05826,P0117,P0121,2026-01-21 16:07,560
C05827,P0229,P0203,2026-03-27 06:26,32
C05828,P0082,P0054,2026-07-01 05:11,763
C05829,P0263,P0293,2026-02-07 08:47,211
C05830,P0112,P0135,2026-01-19 11:19,161
C05831,P0244,P0203,2026-02-13 07:28,94
C05832,P0418,P0436,2026-03-18 03:28,404
C05833,P0199,P0190,2026-07-20 20:57,231
C05834,P0411,P0438,2026-07-21 21:22,908
C05835,P0070,P0416,2026-01-26 12:18,811
C05836,P0331,P0325,2026-05-15 17:52,748
C05837,P0254,P0286,2026-05-12 01:47,179
C05838,P0216,P0237,2026-03-12 14:56,51
C05839,P0297,P0453,2026-03-17 13:07,36
C05840,P0291,P0272,2026-02-09 07:33,333
C05841,P0260,P0251,2026-04-06 21:55,1129
C05842,P0173,P0427,2026-02-18 03:55,1172
C05843,P0271,P0019,2026-06-06 16:54,440
C05844,P0395,P0452,2026-01-28 10:12,50
C05845,P0251,P0113,2026-01-24 21:34,480
C05846,P0117,P0288,2026-05-01 03:47,902
C05847,P0376,P0388,2026-03-23 22:55,153
C05848,P0098,P0052,2026-06-01 15:56,227
C05849,P0039,P0023,2026-08-10 09:22,588
C05850,P0338,P0308,2026-05-08 16:29,908
C05851,P0442,P0420,2026-04-04 22:59,670
C05852,P0191,P0212,2026-08-14 19:20,965
C05853,P0475,P0462,2026-07-08 05:45,994
C05854,P0215,P0232,2026-01-07 21:55,181
C05855,P0021,P0027,2026-07-25 10:43,243
C05856,P0136,P0033,2026-04-10 06:01,938
C05857,P0160,P0187,2026-08-13 22:35,195
C05858,P0303,P0323,2026-02-19 03:30,35
C05859,P0212,P0216,2026-07-24 07:28,532
C05860,P0111,P0237,2026-04-18 01:04,466
C05861,P0270,P0135,2026-04-10 02:12,725
C05862,P0247,P0367,2026-02-26 13:47,1170
C05863,P0055,P0057,2026-05-15 12:59,369
C05864,P0167,P0180,2026-08-26 07:46,724
C05865,P0221,P0223,2026-07-28 09:28,417
C05866,P0100,P0076,2026-06-19 05:25,844
C05867,P0001,P0035,2026-05-08 17:12,112
C05868,P0443,P0424,2026-08-17 23:56,233
C05869,P0301,P0334,2026-01-22 08:57,160
C05870,P0453,P0499,2026-03-10 09:25,398
C05871,P0128,P0105,2026-08-07 08:44,793
C05872,P0430,P0414,2026-07-27 06:05,556
C05873,P0084,P0056,2026-04-15 04:48,330
C05874,P0184,P0198,2026-01-10 10:00,489
C05875,P0448,P0415,2026-05-19 03:41,185
C05876,P0377,P0367,2026-03-24 15:12,1168
C05877,P0336,P0307,2026-04-08 23:30,289
C05878,P0083,P0326,2026-08-26 22:49,1163
C05879,P0074,P0073,2026-04-22 18:11,767
C05880,P0416,P0403,2026-03-03 06:25,1016
C05881,P0042,P0016,2026-04-17 09:04,989
C05882,P0233,P0207,2026-01-05 16:31,654
C05883,P0031,P0011,2026-07-23 21:16,1106
C05884,P0022,P0045,2026-01-08 18:05,874
C05885,P0062,P0084,2026-04-15 19:40,473
C05886,P0422,P0441,2026-04-25 01:49,1159
C05887,P0495,P0492,2026-03-26 14:41,1078
C05888,P0337,P0323,2026-04-19 10:15,883
C05889,P0116,P0150,2026-03-02 14:10,635
C05890,P0213,P0051,2026-02-11 13:51,346
C05891,P0045,P0025,2026-08-18 00:04,1199
C05892,P0353,P0356,2026-05-23 02:54,328
C05893,P0017,P0019,2026-08-04 05:02,1170
C05894,P0309,P0319,2026-08-10 16:21,844
C05895,P0385,P0392,2026-07-23 02:30,473
C05896,P0067,P0409,2026-08-15 13:01,871
C05897,P0097,P0313,2026-06-21 02:45,511
C05898,P0488,P0454,2026-07-12 15:18,172
C05899,P0486,P0467,2026-04-14 12:59,519
C05900,P0398,P0374,2026-07-25 02:57,1058
C05901,P0172,P0181,2026-08-16 22:31,1094
C05902,P0145,P0140,2026-05-11 16:14,867
C05903,P0445,P0413,2026-08-10 09:34,1178
C05904,P0098,P0389,2026-07-02 09:08,570
C05905,P0012,P0023,2026-07-16 20:03,338
C05906,P0384,P0362,2026-06-26 18:35,1139
C05907,P0468,P0204,2026-02-24 00:14,917
C05908,P0107,P0392,2026-03-19 09:00,476
C05909,P0261,P0420,2026-01-10 06:31,543
C05910,P0128,P0140,2026-01-17 23:24,672
C05911,P0051,P0084,2026-07-25 03:39,967
C05912,P0002,P0444,2026-08-28 23:47,1048
C05913,P0194,P0156,2026-04-05 19:19,86
C05914,P0374,P0388,2026-05-06 11:57,107
C05915,P0324,P0329,2026-06-12 10:30,637
C05916,P0191,P0160,2026-02-01 21:58,1034
C05917,P0022,P0026,2026-01-28 10:20,1000
C05918,P0208,P0204,2026-07-01 00:47,903
C05919,P0424,P0060,2026-07-26 21:55,156
C05920,P0156,P0179,2026-07-13 00:51,356
C05921,P0275,P0289,2026-08-23 18:05,1065
C05922,P0165,P0199,2026-07-28 19:28,692
C05923,P0267,P0276,2026-01-13 17:12,569
C05924,P0093,P0214,2026-01-12 06:15,1094
C05925,P0239,P0246,2026-07-19 12:24,122
C05926,P0083,P0080,2026-06-17 17:02,610
C05927,P0013,P0027,2026-04-10 16:28,552
C05928,P0148,P0125,2026-02-19 07:55,941
C05929,P0111,P0142,2026-04-01 19:41,616
C05930,P0094,P0061,2026-02-26 06:17,682
C05931,P0389,P0390,2026-01-02 15:11,721
C05932,P0432,P0409,2026-04-02 12:41,449
C05933,P0179,P0229,2026-04-15 22:04,778
C05934,P0019,P0007,2026-04-13 15:29,1009
C05935,P0250,P0311,2026-06-26 18:42,433
C05936,P0369,P0488,2026-03-09 19:24,1001
C05937,P0088,P0077,2026-08-11 10:49,944
C05938,P0059,P0052,2026-05-11 08:42,68
C05939,P0276,P0361,2026-05-10 06:35,1102
C05940,P0479,P0476,2026-05-04 07:43,815
C05941,P0250,P0235,2026-07-27 16:38,820
C05942,P0034,P0050,2026-08-17 13:14,1176
C05943,P0489,P0153,2026-02-18 22:15,682
C05944,P0469,P0490,2026-01-22 09:50,616
C05945,P0212,P0230,2026-01-15 04:23,634
C05946,P0131,P0136,2026-07-03 01:38,704
C05947,P0136,P0131,2026-05-02 14:20,205
C05948,P0126,P0313,2026-02-09 12:51,34
C05949,P0411,P0436,2026-01-08 10:26,1091
C05950,P0312,P0353,2026-02-22 00:35,782
C05951,P0380,P0351,2026-08-12 00:06,411
C05952,P0464,P0489,2026-03-11 12:28,999
C05953,P0250,P0244,2026-07-27 07:05,1001
C05954,P0035,P0266,2026-07-06 13:26,920
C05955,P0436,P0271,2026-07-03 12:57,496
C05956,P0392,P0288,2026-07-07 17:07,515
C05957,P0160,P0198,2026-07-05 09:43,1076
C05958,P0040,P0017,2026-07-13 11:51,586
C05959,P0352,P0400,2026-06-08 12:19,570
C05960,P0412,P0128,2026-05-19 20:21,608
C05961,P0092,P0080,2026-07-06 01:57,1127
C05962,P0095,P0062,2026-04-09 16:10,1110
C05963,P0044,P0038,2026-03-27 00:22,524
C05964,P0165,P0014,2026-05-21 11:25,1094
C05965,P0339,P0303,2026-01-03 19:10,467
C05966,P0259,P0270,2026-01-09 03:59,661
C05967,P0283,P0295,2026-05-23 04:29,886
C05968,P0092,P0062,2026-08-15 23:53,1188
C05969,P0102,P0412,2026-04-08 07:53,693
C05970,P0470,P0460,2026-01-03 17:17,545
C05971,P0230,P0202,2026-07-03 13:55,378
C05972,P0431,P0426,2026-06-02 23:26,596
C05973,P0155,P0185,2026-05-03 20:41,1017
C05974,P0343,P0093,2026-07-12 04:13,543
C05975,P0324,P0345,2026-06-10 13:47,150
C05976,P0015,P0049,2026-05-24 13:29,375
C05977,P0244,P0204,2026-02-28 19:52,1070
C05978,P0439,P0408,2026-05-22 06:52,703
C05979,P0174,P0449,2026-05-27 05:21,900
C05980,P0443,P0428,2026-01-16 22:32,193
C05981,P0128,P0401,2026-05-23 14:50,702
C05982,P0126,P0379,2026-05-25 01:29,579
C05983,P0448,P0421,2026-01-12 22:56,1117
C05984,P0071,P0343,2026-05-02 11:42,665
C05985,P0214,P0365,2026-06-03 04:03,842
C05986,P0307,P0340,2026-06-25 18:29,467
C05987,P0122,P0116,2026-01-08 03:20,1115
C05988,P0215,P0249,2026-05-09 04:35,53
C05989,P0244,P0202,2026-01-19 05:49,451
C05990,P0254,P0281,2026-08-08 00:56,720
C05991,P0452,P0453,2026-04-25 08:40,448
C05992,P0382,P0319,2026-03-13 04:01,697
C05993,P0296,P0273,2026-07-27 04:56,1054
C05994,P0374,P0375,2026-06-24 14:34,469
C05995,P0415,P0118,2026-04-20 18:49,612
C05996,P0038,P0044,2026-06-03 17:32,1061
C05997,P0386,P0379,2026-03-26 16:54,50
C05998,P0472,P0481,2026-03-24 16:15,932
C05999,P0044,P0005,2026-07-27 11:40,1090
C06000,P0029,P0049,2026-05-11 13:10,674
