fir_id,date,text,person_ids,location_id
F00001,2026-08-24,Investigators noted repeated interaction between Aditya Joshi and Ravi Mehta.,P0484;P0043,L043
F00002,2026-02-27,Investigators noted repeated interaction between Karan Gupta and Manish Sethi.,P0342;P0211,L058
F00003,2026-01-20,Pankaj Malhotra and Rahul Jain were mentioned together in an incident report.,P0336;P0187,L059
F00004,2026-02-26,Investigators noted repeated interaction between Ankit Das and Vikram Jain.,P0359;P0180,L032
F00005,2026-05-16,A vehicle associated with Pankaj Malhotra was observed near Location-073.,P0336;P0400,L034
F00006,2026-01-10,Vikram Verma was reported in contact with Nitin Agrawal near Location-047.,P0341;P0298,L040
F00007,2026-01-01,Pankaj Khan and Arjun Das were mentioned together in an incident report.,P0442;P0033,L055
F00008,2026-05-08,Investigators noted repeated interaction between Pankaj Singh and Arjun Singh.,P0019;P0100,L049
F00009,2026-07-03,Aman Khan was linked to Manish Gupta through a recorded financial event.,P0120;P0431,L042
F00010,2026-08-20,Rahul Malhotra was linked to Aakash Bansal through a recorded financial event.,P0369;P0220,L025
F00011,2026-07-20,Dev Yadav and Aakash Khan were mentioned together in an incident report.,P0150;P0421,L032
F00012,2026-04-16,Varun Mishra was reported in contact with Manish Agrawal near Location-034.,P0278;P0364,L003
F00013,2026-04-28,Suresh Joshi was reported in contact with Sameer Malhotra near Location-061.,P0227;P0268,L025
F00014,2026-02-04,Aakash Khan and Arjun Joshi were mentioned together in an incident report.,P0421;P0027,L065
F00015,2026-07-23,Sameer Gupta was reported in contact with Aditya Bansal near Location-050.,P0077;P0467,L006
F00016,2026-02-16,A vehicle associated with Mohit Malhotra was observed near Location-068.,P0399;P0199,L080
F00017,2026-07-16,Neeraj Chauhan and Suresh Jain were mentioned together in an incident report.,P0226;P0460,L003
F00018,2026-05-06,Investigators noted repeated interaction between Ankit Chauhan and Aditya Joshi.,P0397;P0484,L001
F00019,2026-01-01,Aakash Agrawal was linked to Aditya Yadav through a recorded financial event.,P0177;P0017,L005
F00020,2026-01-23,Investigators noted repeated interaction between Arjun Das and Aditya Rao.,P0033;P0271,L052
F00021,2026-01-26,Sameer Malhotra was reported in contact with Mohit Joshi near Location-016.,P0095;P0032,L050
F00022,2026-01-24,Investigators noted repeated interaction between Nitin Malhotra and Nitin Sethi.,P0427;P0275,L078
F00023,2026-03-08,Sameer Yadav and Aditya Shah were mentioned together in an incident report.,P0021;P0299,L020
F00024,2026-05-12,A vehicle associated with Vikram Mehta was observed near Location-053.,P0488;P0210,L052
F00025,2026-01-23,Ravi Jain and Vikram Jain were mentioned together in an incident report.,P0159;P0174,L062
F00026,2026-06-28,A vehicle associated with Aakash Shah was observed near Location-038.,P0304;P0349,L077
F00027,2026-02-08,A vehicle associated with Vikram Nair was observed near Location-002.,P0073;P0065,L080
F00028,2026-01-16,A vehicle associated with Dev Khan was observed near Location-042.,P0330;P0429,L053
F00029,2026-04-05,Pankaj Mehta and Arjun Das were mentioned together in an incident report.,P0462;P0135,L047
F00030,2026-04-23,Nitin Tiwari was linked to Dev Sethi through a recorded financial event.,P0216;P0476,L061
F00031,2026-08-10,Investigators noted repeated interaction between Sameer Yadav and Nitin Das.,P0021;P0064,L040
F00032,2026-03-04,Investigators noted repeated interaction between Aditya Chauhan and Rohan Joshi.,P0044;P0328,L037
F00033,2026-05-22,Ankit Das was linked to Manish Bansal through a recorded financial event.,P0359;P0167,L067
F00034,2026-02-14,Investigators noted repeated interaction between Aakash Khan and Dev Mehta.,P0421;P0358,L074
F00035,2026-08-22,Aakash Shah was reported in contact with Dev Bansal near Location-054.,P0355;P0115,L042
F00036,2026-02-25,Investigators noted repeated interaction between Mohit Verma and Nitin Sethi.,P0193;P0284,L034
F00037,2026-01-03,Karan Chauhan and Rahul Tiwari were mentioned together in an incident report.,P0343;P0060,L038
F00038,2026-01-10,Suresh Verma was reported in contact with Rahul Agrawal near Location-059.,P0172;P0448,L003
F00039,2026-04-15,A vehicle associated with Vivek Tiwari was observed near Location-063.,P0441;P0049,L043
F00040,2026-03-17,Dev Rao was reported in contact with Neeraj Singh near Location-012.,P0300;P0485,L054
F00041,2026-04-20,Ankit Das was reported in contact with Vikram Sethi near Location-030.,P0359;P0040,L044
F00042,2026-07-01,Dev Das was reported in contact with Dev Singh near Location-005.,P0169;P0230,L013
F00043,2026-06-27,Vikram Chauhan was linked to Pankaj Mehta through a recorded financial event.,P0219;P0045,L074
F00044,2026-04-11,Rohan Shah and Neeraj Singh were mentioned together in an incident report.,P0153;P0485,L018
F00045,2026-01-20,Investigators noted repeated interaction between Ankit Chauhan and Rahul Mehta.,P0447;P0185,L039
F00046,2026-06-21,Pankaj Shah and Rohan Sethi were mentioned together in an incident report.,P0080;P0015,L036
F00047,2026-01-24,Suresh Yadav was linked to Vivek Verma through a recorded financial event.,P0492;P0141,L075
F00048,2026-03-21,Nitin Agrawal was linked to Ravi Mehta through a recorded financial event.,P0298;P0163,L067
F00049,2026-05-28,Rahul Singh and Neeraj Jain were mentioned together in an incident report.,P0072;P0419,L075
F00050,2026-01-17,A vehicle associated with Aakash Tiwari was observed near Location-055.,P0396;P0330,L031
F00051,2026-03-22,Investigators noted repeated interaction between Sameer Sethi and Arjun Singh.,P0312;P0357,L044
F00052,2026-04-18,A vehicle associated with Vivek Rao was observed near Location-065.,P0059;P0278,L076
F00053,2026-02-02,Suresh Verma was linked to Aman Chauhan through a recorded financial event.,P0172;P0125,L023
F00054,2026-07-10,Rohan Yadav was linked to Rahul Das through a recorded financial event.,P0411;P0199,L076
F00055,2026-08-01,Vikram Das and Dev Malhotra were mentioned together in an incident report.,P0113;P0189,L058
F00056,2026-06-07,Vikram Jain and Aman Sethi were mentioned together in an incident report.,P0174;P0443,L069
F00057,2026-04-21,A vehicle associated with Vikram Tiwari was observed near Location-022.,P0280;P0442,L035
F00058,2026-01-25,Investigators noted repeated interaction between Sameer Rao and Suresh Bansal.,P0016;P0290,L065
F00059,2026-05-07,Investigators noted repeated interaction between Varun Agrawal and Suresh Bansal.,P0356;P0290,L068
F00060,2026-03-18,Vivek Mishra was linked to Aakash Bansal through a recorded financial event.,P0074;P0220,L021
F00061,2026-08-13,Neeraj Chauhan was linked to Aakash Verma through a recorded financial event.,P0226;P0181,L068
F00062,2026-02-02,Dev Shah was linked to Dev Mishra through a recorded financial event.,P0450;P0023,L046
F00063,2026-05-14,Arjun Joshi was reported in contact with Aakash Shah near Location-030.,P0063;P0355,L075
F00064,2026-04-07,Suresh Mishra was linked to Arjun Malhotra through a recorded financial event.,P0417;P0081,L065
F00065,2026-06-17,Mohit Verma and Dev Jain were mentioned together in an incident report.,P0193;P0381,L063
F00066,2026-07-05,A vehicle associated with Ankit Rao was observed near Location-050.,P0087;P0115,L068
F00067,2026-02-04,Ravi Chauhan and Aakash Malhotra were mentioned together in an incident report.,P0170;P0384,L034
F00068,2026-08-08,Ravi Gupta and Aman Bansal were mentioned together in an incident report.,P0432;P0191,L069
F00069,2026-01-12,Sameer Gupta was linked to Neeraj Das through a recorded financial event.,P0453;P0210,L007
F00070,2026-02-04,Aakash Shah and Neeraj Mehta were mentioned together in an incident report.,P0355;P0235,L043
F00071,2026-08-24,Varun Mishra was reported in contact with Vivek Verma near Location-060.,P0092;P0151,L011
F00072,2026-01-25,Rohan Agrawal was reported in contact with Pankaj Singh near Location-003.,P0415;P0473,L026
F00073,2026-06-22,A vehicle associated with Vikram Mehta was observed near Location-007.,P0001;P0461,L018
F00074,2026-02-15,Karan Joshi and Vivek Patel were mentioned together in an incident report.,P0440;P0338,L023
F00075,2026-05-20,A vehicle associated with Dev Joshi was observed near Location-029.,P0272;P0202,L040
F00076,2026-04-14,Investigators noted repeated interaction between Suresh Bansal and Manish Gupta.,P0409;P0431,L005
F00077,2026-05-24,A vehicle associated with Manish Chauhan was observed near Location-006.,P0368;P0345,L048
F00078,2026-02-10,A vehicle associated with Dev Bansal was observed near Location-070.,P0331;P0184,L052
F00079,2026-08-01,A vehicle associated with Ankit Singh was observed near Location-060.,P0323;P0052,L011
F00080,2026-08-25,A vehicle associated with Aakash Patel was observed near Location-015.,P0285;P0292,L017
F00081,2026-04-13,Vivek Rao was linked to Vivek Jain through a recorded financial event.,P0059;P0249,L001
F00082,2026-05-25,Investigators noted repeated interaction between Vikram Agrawal and Karan Mehta.,P0223;P0311,L033
F00083,2026-04-03,Vikram Tiwari and Neeraj Sethi were mentioned together in an incident report.,P0280;P0253,L058
F00084,2026-01-14,A vehicle associated with Arjun Singh was observed near Location-018.,P0100;P0102,L023
F00085,2026-08-06,Karan Agrawal was reported in contact with Vivek Chauhan near Location-071.,P0143;P0363,L059
F00086,2026-06-13,Aman Nair was linked to Nitin Shah through a recorded financial event.,P0146;P0112,L074
F00087,2026-08-24,Sameer Verma was linked to Rahul Agrawal through a recorded financial event.,P0109;P0439,L034
F00088,2026-03-28,Suresh Jain and Varun Bansal were mentioned together in an incident report.,P0490;P0360,L007
F00089,2026-03-10,Aakash Bansal was reported in contact with Aditya Verma near Location-043.,P0495;P0416,L008
F00090,2026-01-18,Ravi Chauhan and Aditya Shah were mentioned together in an incident report.,P0418;P0299,L027
F00091,2026-01-07,Manish Agrawal and Vivek Bansal were mentioned together in an incident report.,P0364;P0437,L058
F00092,2026-03-21,Aditya Verma was reported in contact with Aman Khan near Location-048.,P0416;P0120,L050
F00093,2026-06-23,A vehicle associated with Aditya Bansal was observed near Location-073.,P0467;P0399,L021
F00094,2026-02-12,Vikram Chauhan and Aakash Khan were mentioned together in an incident report.,P0219;P0035,L033
F00095,2026-03-22,A vehicle associated with Pankaj Mehta was observed near Location-070.,P0045;P0268,L065
F00096,2026-02-28,A vehicle associated with Rahul Das was observed near Location-008.,P0232;P0017,L028
F00097,2026-03-07,A vehicle associated with Aakash Bansal was observed near Location-012.,P0220;P0385,L020
F00098,2026-08-27,Pankaj Khan was linked to Vikram Das through a recorded financial event.,P0477;P0111,L036
F00099,2026-02-28,Ankit Khan and Arjun Joshi were mentioned together in an incident report.,P0497;P0347,L021
F00100,2026-08-27,Varun Joshi was reported in contact with Manish Tiwari near Location-054.,P0075;P0240,L069
F00101,2026-07-10,Investigators noted repeated interaction between Suresh Tiwari and Aakash Bansal.,P0215;P0220,L037
F00102,2026-08-02,Arjun Khan was reported in contact with Karan Chauhan near Location-017.,P0333;P0343,L064
F00103,2026-03-24,Dev Gupta and Dev Jain were mentioned together in an incident report.,P0251;P0053,L031
F00104,2026-06-04,A vehicle associated with Aditya Khan was observed near Location-012.,P0466;P0127,L012
F00105,2026-06-09,Ankit Rao was reported in contact with Suresh Shah near Location-056.,P0261;P0379,L017
F00106,2026-07-05,A vehicle associated with Pankaj Shah was observed near Location-013.,P0103;P0039,L046
F00107,2026-05-13,Mohit Malhotra was linked to Aditya Sethi through a recorded financial event.,P0399;P0231,L052
F00108,2026-06-11,Investigators noted repeated interaction between Suresh Patel and Karan Bansal.,P0362;P0254,L004
F00109,2026-05-08,Mohit Singh was reported in contact with Rahul Das near Location-041.,P0186;P0232,L033
F00110,2026-03-21,Aman Joshi was linked to Neeraj Chauhan through a recorded financial event.,P0066;P0173,L041
F00111,2026-02-03,Vikram Verma and Rahul Mehta were mentioned together in an incident report.,P0341;P0005,L047
F00112,2026-08-23,Pankaj Agrawal and Pankaj Sethi were mentioned together in an incident report.,P0157;P0407,L048
F00113,2026-07-28,Vivek Tiwari and Karan Jain were mentioned together in an incident report.,P0441;P0383,L048
F00114,2026-05-21,Vikram Das and Manish Malhotra were mentioned together in an incident report.,P0111;P0132,L020
F00115,2026-01-21,Dev Tiwari was linked to Karan Yadav through a recorded financial event.,P0078;P0390,L030
F00116,2026-03-19,Suresh Patel was reported in contact with Dev Agrawal near Location-054.,P0362;P0079,L062
F00117,2026-01-27,Ankit Patel was linked to Dev Verma through a recorded financial event.,P0332;P0380,L042
F00118,2026-08-22,Nitin Mehta was linked to Varun Nair through a recorded financial event.,P0234;P0305,L026
F00119,2026-01-04,A vehicle associated with Dev Sethi was observed near Location-045.,P0476;P0107,L067
F00120,2026-02-03,Investigators noted repeated interaction between Aman Jain and Rohan Khan.,P0282;P0310,L007
F00121,2026-07-07,Investigators noted repeated interaction between Vikram Yadav and Nitin Verma.,P0351;P0452,L005
F00122,2026-07-28,Investigators noted repeated interaction between Sameer Malhotra and Manish Verma.,P0084;P0422,L045
F00123,2026-06-27,Aman Chauhan was reported in contact with Rahul Jain near Location-072.,P0125;P0187,L060
F00124,2026-03-03,Investigators noted repeated interaction between Rahul Jain and Nitin Nair.,P0317;P0459,L034
F00125,2026-03-21,Neeraj Singh was linked to Vikram Chauhan through a recorded financial event.,P0267;P0205,L031
F00126,2026-02-22,Aakash Patel and Vivek Chauhan were mentioned together in an incident report.,P0285;P0363,L045
F00127,2026-05-13,A vehicle associated with Dev Jain was observed near Location-075.,P0053;P0015,L055
F00128,2026-01-09,Vikram Gupta was linked to Mohit Das through a recorded financial event.,P0225;P0121,L070
F00129,2026-03-24,Mohit Joshi was reported in contact with Arjun Khan near Location-068.,P0340;P0003,L063
F00130,2026-05-14,Investigators noted repeated interaction between Ankit Joshi and Sameer Das.,P0395;P0493,L002
F00131,2026-06-14,Arjun Joshi was reported in contact with Sameer Jain near Location-016.,P0022;P0042,L054
F00132,2026-01-24,Mohit Das was reported in contact with Aman Tiwari near Location-016.,P0121;P0482,L066
F00133,2026-08-23,Sameer Yadav and Rahul Verma were mentioned together in an incident report.,P0137;P0279,L078
F00134,2026-04-27,Ankit Patel was linked to Nitin Verma through a recorded financial event.,P0332;P0452,L067
F00135,2026-01-04,Aakash Sethi and Ravi Gupta were mentioned together in an incident report.,P0052;P0451,L037
F00136,2026-07-09,Varun Joshi was linked to Pankaj Nair through a recorded financial event.,P0252;P0208,L071
F00137,2026-02-01,Aakash Shah and Vivek Das were mentioned together in an incident report.,P0136;P0221,L015
F00138,2026-08-21,Ankit Mishra was linked to Vikram Jain through a recorded financial event.,P0154;P0164,L014
F00139,2026-05-07,Nitin Mehta was reported in contact with Mohit Joshi near Location-026.,P0234;P0340,L013
F00140,2026-08-11,A vehicle associated with Dev Sethi was observed near Location-009.,P0476;P0393,L001
F00141,2026-01-24,Sameer Shah was reported in contact with Dev Sethi near Location-025.,P0465;P0289,L053
F00142,2026-04-11,Investigators noted repeated interaction between Rahul Bansal and Sameer Gupta.,P0366;P0453,L045
F00143,2026-08-04,Vikram Verma was linked to Neeraj Malhotra through a recorded financial event.,P0341;P0468,L062
F00144,2026-07-13,Pankaj Agrawal was reported in contact with Suresh Joshi near Location-021.,P0245;P0227,L037
F00145,2026-03-11,Investigators noted repeated interaction between Manish Malhotra and Nitin Joshi.,P0031;P0458,L073
F00146,2026-05-15,Rahul Gupta and Ravi Bansal were mentioned together in an incident report.,P0176;P0101,L079
F00147,2026-01-17,Pankaj Mishra was linked to Manish Patel through a recorded financial event.,P0385;P0243,L077
F00148,2026-03-11,Investigators noted repeated interaction between Rahul Gupta and Varun Mishra.,P0388;P0478,L074
F00149,2026-07-24,Dev Sethi was reported in contact with Ravi Chauhan near Location-055.,P0179;P0418,L069
F00150,2026-08-22,A vehicle associated with Sameer Gupta was observed near Location-072.,P0307;P0484,L041
F00151,2026-02-25,Dev Bansal was linked to Rahul Patel through a recorded financial event.,P0009;P0055,L006
F00152,2026-04-13,Neeraj Malhotra was reported in contact with Ankit Rao near Location-064.,P0468;P0087,L036
F00153,2026-07-03,Investigators noted repeated interaction between Ravi Malhotra and Pankaj Nair.,P0367;P0208,L006
F00154,2026-04-22,A vehicle associated with Rahul Mehta was observed near Location-064.,P0185;P0072,L064
F00155,2026-06-10,A vehicle associated with Ravi Chauhan was observed near Location-040.,P0418;P0177,L061
F00156,2026-06-06,Aakash Das was reported in contact with Aakash Patel near Location-008.,P0247;P0285,L056
F00157,2026-05-18,Investigators noted repeated interaction between Neeraj Jain and Mohit Mishra.,P0419;P0337,L050
F00158,2026-06-17,A vehicle associated with Suresh Bansal was observed near Location-080.,P0290;P0366,L067
F00159,2026-05-15,Neeraj Rao was linked to Ankit Mishra through a recorded financial event.,P0097;P0293,L077
F00160,2026-06-19,Investigators noted repeated interaction between Vikram Joshi and Aman Tiwari.,P0058;P0482,L011
F00161,2026-01-28,Aman Nair and Nitin Mishra were mentioned together in an incident report.,P0146;P0155,L029
F00162,2026-03-09,Varun Mishra was reported in contact with Manish Agrawal near Location-026.,P0092;P0364,L066
F00163,2026-05-27,Dev Khan was reported in contact with Vivek Malhotra near Location-073.,P0330;P0456,L021
F00164,2026-02-12,Dev Gupta and Aakash Shah were mentioned together in an incident report.,P0251;P0136,L077
F00165,2026-03-26,Neeraj Agrawal and Dev Tiwari were mentioned together in an incident report.,P0195;P0165,L062
F00166,2026-01-09,A vehicle associated with Aditya Joshi was observed near Location-059.,P0484;P0112,L015
F00167,2026-05-06,A vehicle associated with Aman Mishra was observed near Location-076.,P0224;P0260,L035
F00168,2026-05-17,Neeraj Nair was reported in contact with Neeraj Tiwari near Location-041.,P0062;P0269,L076
F00169,2026-01-13,Investigators noted repeated interaction between Pankaj Yadav and Manish Malhotra.,P0444;P0031,L064
F00170,2026-07-05,Investigators noted repeated interaction between Vikram Singh and Rahul Agrawal.,P0007;P0439,L035
F00171,2026-04-27,Sameer Rao was linked to Ankit Rao through a recorded financial event.,P0016;P0261,L028
F00172,2026-03-16,Dev Yadav was reported in contact with Dev Khan near Location-007.,P0324;P0475,L028
F00173,2026-03-28,A vehicle associated with Ravi Chauhan was observed near Location-042.,P0119;P0267,L041
F00174,2026-08-06,Investigators noted repeated interaction between Neeraj Sethi and Karan Agrawal.,P0253;P0013,L009
F00175,2026-02-26,Investigators noted repeated interaction between Varun Mishra and Rohan Sethi.,P0278;P0086,L047
F00176,2026-08-11,Rahul Das was reported in contact with Varun Joshi near Location-030.,P0232;P0252,L031
F00177,2026-08-18,Pankaj Sethi was linked to Pankaj Nair through a recorded financial event.,P0407;P0208,L049
F00178,2026-07-04,A vehicle associated with Pankaj Malhotra was observed near Location-006.,P0336;P0305,L068
F00179,2026-07-18,Rahul Agrawal was linked to Mohit Bansal through a recorded financial event.,P0448;P0144,L022
F00180,2026-04-07,Ankit Bansal was linked to Rohan Patel through a recorded financial event.,P0082;P0412,L053
F00181,2026-08-04,Aditya Shah and Suresh Singh were mentioned together in an incident report.,P0299;P0038,L061
F00182,2026-01-23,Karan Nair was reported in contact with Manish Tiwari near Location-027.,P0281;P0486,L025
F00183,2026-05-09,Investigators noted repeated interaction between Rohan Sethi and Ankit Singh.,P0015;P0323,L011
F00184,2026-08-28,Investigators noted repeated interaction between Dev Tiwari and Nitin Sethi.,P0165;P0284,L040
F00185,2026-06-21,Investigators noted repeated interaction between Neeraj Singh and Sameer Gupta.,P0267;P0077,L069
F00186,2026-04-22,Dev Verma was reported in contact with Pankaj Nair near Location-025.,P0378;P0107,L080
F00187,2026-06-23,Aman Malhotra was reported in contact with Varun Jain near Location-017.,P0010;P0382,L063
F00188,2026-04-23,Rahul Gupta was reported in contact with Suresh Mishra near Location-020.,P0123;P0417,L053
F00189,2026-03-17,A vehicle associated with Vivek Patel was observed near Location-049.,P0470;P0052,L061
F00190,2026-02-03,A vehicle associated with Manish Malhotra was observed near Location-061.,P0302;P0148,L002
F00191,2026-05-17,Aakash Shah was reported in contact with Nitin Malhotra near Location-017.,P0304;P0259,L015
F00192,2026-04-14,A vehicle associated with Manish Bansal was observed near Location-009.,P0209;P0049,L023
F00193,2026-01-04,Investigators noted repeated interaction between Aditya Patel and Aman Jain.,P0286;P0282,L048
F00194,2026-08-04,Investigators noted repeated interaction between Rahul Verma and Aakash Malhotra.,P0279;P0384,L073
F00195,2026-04-28,Investigators noted repeated interaction between Arjun Patel and Dev Sethi.,P0213;P0179,L002
F00196,2026-01-26,Investigators noted repeated interaction between Aman Malhotra and Aditya Mehta.,P0085;P0344,L027
F00197,2026-07-14,A vehicle associated with Manish Yadav was observed near Location-057.,P0071;P0329,L050
F00198,2026-02-07,Varun Mishra was linked to Aditya Verma through a recorded financial event.,P0092;P0295,L059
F00199,2026-04-24,A vehicle associated with Aman Singh was observed near Location-009.,P0480;P0145,L076
F00200,2026-06-22,Investigators noted repeated interaction between Ravi Mehta and Pankaj Tiwari.,P0474;P0350,L049
F00201,2026-03-05,Vivek Jain was reported in contact with Arjun Bansal near Location-044.,P0249;P0110,L002
F00202,2026-04-01,Investigators noted repeated interaction between Ravi Gupta and Ravi Malhotra.,P0432;P0367,L013
F00203,2026-01-28,Aakash Shah was linked to Karan Shah through a recorded financial event.,P0304;P0067,L058
F00204,2026-03-09,Mohit Bansal was linked to Suresh Yadav through a recorded financial event.,P0144;P0492,L013
F00205,2026-06-14,A vehicle associated with Arjun Shah was observed near Location-028.,P0445;P0281,L060
F00206,2026-01-04,Suresh Mehta was reported in contact with Sameer Rao near Location-061.,P0076;P0016,L035
F00207,2026-03-15,Manish Agrawal and Vikram Yadav were mentioned together in an incident report.,P0364;P0248,L023
F00208,2026-06-18,Ravi Bansal was reported in contact with Dev Shah near Location-023.,P0479;P0450,L002
F00209,2026-02-15,Aakash Nair and Pankaj Nair were mentioned together in an incident report.,P0315;P0014,L037
F00210,2026-07-05,Mohit Joshi was linked to Ankit Jain through a recorded financial event.,P0340;P0277,L017
F00211,2026-08-08,Investigators noted repeated interaction between Aman Malhotra and Manish Bansal.,P0010;P0209,L053
F00212,2026-05-03,Vivek Verma was linked to Rahul Gupta through a recorded financial event.,P0141;P0123,L048
F00213,2026-03-21,Sameer Malhotra was linked to Varun Singh through a recorded financial event.,P0084;P0128,L008
F00214,2026-02-13,Rahul Agrawal was reported in contact with Mohit Singh near Location-074.,P0448;P0070,L052
F00215,2026-02-15,Dev Malhotra and Pankaj Mishra were mentioned together in an incident report.,P0189;P0455,L034
F00216,2026-05-07,A vehicle associated with Varun Joshi was observed near Location-021.,P0252;P0226,L056
F00217,2026-08-20,Neeraj Verma and Karan Shah were mentioned together in an incident report.,P0202;P0321,L068
F00218,2026-06-26,Investigators noted repeated interaction between Mohit Mishra and Ravi Yadav.,P0337;P0405,L001
F00219,2026-05-13,Nitin Shah was reported in contact with Manish Khan near Location-046.,P0112;P0124,L065
F00220,2026-06-23,Mohit Malhotra was reported in contact with Arjun Singh near Location-007.,P0399;P0357,L018
F00221,2026-01-20,Dev Singh and Rahul Rao were mentioned together in an incident report.,P0230;P0408,L051
F00222,2026-06-23,Investigators noted repeated interaction between Neeraj Sethi and Aman Malhotra.,P0018;P0127,L065
F00223,2026-07-08,A vehicle associated with Rahul Gupta was observed near Location-078.,P0176;P0210,L017
F00224,2026-02-20,Neeraj Jain was linked to Manish Verma through a recorded financial event.,P0419;P0422,L034
F00225,2026-07-08,Investigators noted repeated interaction between Nitin Patel and Suresh Das.,P0370;P0325,L033
F00226,2026-08-03,Nitin Shah was linked to Aakash Das through a recorded financial event.,P0112;P0446,L023
F00227,2026-07-04,Arjun Khan was reported in contact with Neeraj Patel near Location-029.,P0126;P0212,L078
F00228,2026-01-13,Investigators noted repeated interaction between Dev Bansal and Ravi Bansal.,P0115;P0479,L016
F00229,2026-01-21,Aakash Nair was linked to Nitin Malhotra through a recorded financial event.,P0315;P0259,L011
F00230,2026-07-21,Investigators noted repeated interaction between Aman Jain and Suresh Chauhan.,P0282;P0239,L075
F00231,2026-02-02,Neeraj Malhotra and Sameer Das were mentioned together in an incident report.,P0292;P0493,L043
F00232,2026-08-25,Investigators noted repeated interaction between Vivek Bansal and Vivek Patel.,P0437;P0470,L022
F00233,2026-03-02,Aakash Shah and Aman Joshi were mentioned together in an incident report.,P0136;P0066,L057
F00234,2026-03-21,Dev Shah and Neeraj Jain were mentioned together in an incident report.,P0450;P0419,L060
F00235,2026-04-15,Suresh Nair was reported in contact with Dev Singh near Location-059.,P0061;P0391,L044
F00236,2026-07-27,Ravi Gupta was linked to Vikram Chauhan through a recorded financial event.,P0451;P0205,L057
F00237,2026-04-14,Karan Jain and Dev Singh were mentioned together in an incident report.,P0383;P0391,L036
F00238,2026-07-03,A vehicle associated with Varun Mishra was observed near Location-074.,P0478;P0273,L060
F00239,2026-08-23,Aditya Joshi was reported in contact with Suresh Jain near Location-077.,P0162;P0460,L002
F00240,2026-02-17,Manish Malhotra and Pankaj Yadav were mentioned together in an incident report.,P0031;P0444,L072
F00241,2026-07-02,Dev Sethi was reported in contact with Aman Patel near Location-072.,P0476;P0088,L022
F00242,2026-05-10,A vehicle associated with Pankaj Mishra was observed near Location-032.,P0385;P0167,L009
F00243,2026-03-06,Neeraj Mehta was reported in contact with Aakash Das near Location-015.,P0436;P0446,L005
F00244,2026-02-14,A vehicle associated with Suresh Singh was observed near Location-073.,P0038;P0115,L004
F00245,2026-03-17,A vehicle associated with Dev Yadav was observed near Location-074.,P0324;P0452,L079
F00246,2026-08-06,Varun Mishra was reported in contact with Neeraj Rao near Location-059.,P0478;P0097,L054
F00247,2026-04-08,Arjun Khan was linked to Manish Khan through a recorded financial event.,P0126;P0124,L007
F00248,2026-04-06,A vehicle associated with Pankaj Mehta was observed near Location-002.,P0462;P0431,L070
F00249,2026-03-09,Varun Agrawal was reported in contact with Aditya Chauhan near Location-021.,P0356;P0166,L002
F00250,2026-05-04,A vehicle associated with Sameer Yadav was observed near Location-018.,P0021;P0200,L062
F00251,2026-01-01,Investigators noted repeated interaction between Suresh Yadav and Karan Gupta.,P0492;P0156,L052
F00252,2026-03-09,Neeraj Das was linked to Vikram Bansal through a recorded financial event.,P0138;P0410,L059
F00253,2026-03-19,Mohit Patel was reported in contact with Vikram Agrawal near Location-078.,P0354;P0223,L002
F00254,2026-07-19,Investigators noted repeated interaction between Aman Sethi and Aditya Chauhan.,P0443;P0377,L078
F00255,2026-01-22,Nitin Agrawal and Nitin Rao were mentioned together in an incident report.,P0298;P0012,L072
F00256,2026-03-15,Investigators noted repeated interaction between Ravi Khan and Dev Bansal.,P0096;P0009,L071
F00257,2026-03-28,Investigators noted repeated interaction between Aman Malhotra and Varun Patel.,P0085;P0420,L043
F00258,2026-08-10,A vehicle associated with Arjun Bansal was observed near Location-068.,P0110;P0296,L041
F00259,2026-02-24,Suresh Singh was reported in contact with Rohan Das near Location-035.,P0116;P0228,L024
F00260,2026-01-28,Sameer Patel was linked to Varun Mishra through a recorded financial event.,P0197;P0278,L069
F00261,2026-03-21,A vehicle associated with Aakash Agrawal was observed near Location-038.,P0177;P0214,L002
F00262,2026-04-04,Manish Sethi was linked to Ravi Yadav through a recorded financial event.,P0211;P0405,L019
F00263,2026-03-15,Arjun Das was linked to Rahul Bansal through a recorded financial event.,P0135;P0266,L078
F00264,2026-06-15,Karan Agrawal and Aman Chauhan were mentioned together in an incident report.,P0026;P0200,L031
F00265,2026-05-04,Arjun Das and Aditya Mehta were mentioned together in an incident report.,P0135;P0344,L028
F00266,2026-07-13,A vehicle associated with Rahul Agrawal was observed near Location-018.,P0430;P0452,L010
F00267,2026-04-02,A vehicle associated with Aakash Mehta was observed near Location-048.,P0214;P0094,L071
F00268,2026-04-23,A vehicle associated with Aakash Khan was observed near Location-060.,P0035;P0306,L034
F00269,2026-01-09,A vehicle associated with Aakash Nair was observed near Location-043.,P0315;P0154,L046
F00270,2026-01-12,A vehicle associated with Mohit Malhotra was observed near Location-036.,P0399;P0076,L022
F00271,2026-01-21,A vehicle associated with Neeraj Patel was observed near Location-063.,P0212;P0350,L058
F00272,2026-02-21,A vehicle associated with Vivek Khan was observed near Location-015.,P0394;P0194,L071
F00273,2026-06-10,A vehicle associated with Ankit Joshi was observed near Location-050.,P0395;P0244,L006
F00274,2026-01-23,A vehicle associated with Karan Agrawal was observed near Location-022.,P0013;P0416,L021
F00275,2026-07-19,Investigators noted repeated interaction between Dev Shah and Vivek Chauhan.,P0450;P0363,L047
F00276,2026-06-16,Dev Jain was reported in contact with Arjun Malhotra near Location-062.,P0053;P0081,L004
F00277,2026-01-25,A vehicle associated with Karan Jain was observed near Location-062.,P0365;P0082,L030
F00278,2026-01-01,Rahul Bansal was reported in contact with Ravi Agrawal near Location-024.,P0266;P0438,L005
F00279,2026-02-02,Nitin Shah was reported in contact with Dev Tiwari near Location-002.,P0112;P0301,L072
F00280,2026-03-04,Karan Agrawal was linked to Aditya Bansal through a recorded financial event.,P0026;P0291,L001
F00281,2026-08-17,Suresh Chauhan was linked to Vivek Bansal through a recorded financial event.,P0102;P0437,L014
F00282,2026-08-17,Suresh Verma was reported in contact with Vivek Rao near Location-038.,P0172;P0059,L075
F00283,2026-05-02,Ravi Gupta and Mohit Rao were mentioned together in an incident report.,P0432;P0083,L011
F00284,2026-05-28,A vehicle associated with Ankit Chauhan was observed near Location-051.,P0447;P0414,L018
F00285,2026-04-17,Varun Nair and Neeraj Sethi were mentioned together in an incident report.,P0305;P0182,L062
F00286,2026-02-11,Karan Agrawal was linked to Ankit Mishra through a recorded financial event.,P0026;P0293,L039
F00287,2026-06-18,Ankit Bansal was reported in contact with Neeraj Tiwari near Location-023.,P0082;P0499,L026
F00288,2026-08-03,A vehicle associated with Neeraj Singh was observed near Location-067.,P0485;P0071,L048
F00289,2026-05-09,Ravi Bansal and Dev Joshi were mentioned together in an incident report.,P0479;P0272,L079
F00290,2026-03-10,Pankaj Nair and Arjun Bansal were mentioned together in an incident report.,P0208;P0110,L051
F00291,2026-03-20,Investigators noted repeated interaction between Pankaj Nair and Karan Nair.,P0208;P0030,L033
F00292,2026-01-27,A vehicle associated with Mohit Joshi was observed near Location-020.,P0262;P0137,L079
F00293,2026-04-26,Nitin Rao and Mohit Agrawal were mentioned together in an incident report.,P0012;P0008,L013
F00294,2026-01-20,Investigators noted repeated interaction between Aman Tiwari and Sameer Yadav.,P0489;P0021,L057
F00295,2026-01-09,Investigators noted repeated interaction between Vivek Das and Pankaj Nair.,P0373;P0014,L032
F00296,2026-04-12,Neeraj Rao was reported in contact with Mohit Rao near Location-035.,P0006;P0083,L005
F00297,2026-05-27,Sameer Malhotra and Suresh Patel were mentioned together in an incident report.,P0258;P0362,L023
F00298,2026-05-03,Investigators noted repeated interaction between Suresh Patel and Vikram Das.,P0105;P0113,L046
F00299,2026-04-27,Neeraj Nair was reported in contact with Suresh Yadav near Location-071.,P0062;P0491,L033
F00300,2026-02-12,Aman Tiwari was linked to Varun Agrawal through a recorded financial event.,P0489;P0091,L011
F00301,2026-01-11,A vehicle associated with Mohit Mishra was observed near Location-057.,P0337;P0144,L029
F00302,2026-02-23,Karan Bansal was linked to Vikram Das through a recorded financial event.,P0238;P0297,L045
F00303,2026-03-18,Investigators noted repeated interaction between Vivek Patel and Nitin Nair.,P0338;P0459,L062
F00304,2026-02-14,Rahul Das was reported in contact with Aman Jain near Location-039.,P0199;P0282,L017
F00305,2026-02-26,Investigators noted repeated interaction between Sameer Singh and Aakash Patel.,P0371;P0285,L026
F00306,2026-04-21,Ravi Agrawal and Neeraj Verma were mentioned together in an incident report.,P0438;P0202,L038
F00307,2026-08-22,Mohit Joshi was reported in contact with Suresh Nair near Location-074.,P0340;P0061,L026
F00308,2026-04-05,Varun Bansal and Aditya Patel were mentioned together in an incident report.,P0360;P0392,L076
F00309,2026-01-11,Rahul Mehta and Dev Shah were mentioned together in an incident report.,P0185;P0450,L041
F00310,2026-03-03,A vehicle associated with Neeraj Das was observed near Location-050.,P0138;P0399,L071
F00311,2026-07-25,Varun Chauhan was reported in contact with Rohan Das near Location-003.,P0094;P0228,L018
F00312,2026-01-18,Aakash Bansal was reported in contact with Nitin Sethi near Location-054.,P0220;P0284,L039
F00313,2026-01-21,Investigators noted repeated interaction between Rohan Shah and Pankaj Yadav.,P0153;P0444,L063
F00314,2026-07-22,Ankit Khan was linked to Neeraj Sethi through a recorded financial event.,P0497;P0253,L021
F00315,2026-04-08,Neeraj Singh and Neeraj Patel were mentioned together in an incident report.,P0267;P0212,L026
F00316,2026-06-27,Aakash Malhotra was linked to Rahul Bansal through a recorded financial event.,P0424;P0366,L020
F00317,2026-01-10,Vikram Jain was linked to Nitin Sethi through a recorded financial event.,P0164;P0389,L074
F00318,2026-03-12,Pankaj Malhotra and Nitin Agrawal were mentioned together in an incident report.,P0336;P0204,L042
F00319,2026-02-26,A vehicle associated with Nitin Verma was observed near Location-004.,P0452;P0286,L042
F00320,2026-02-24,A vehicle associated with Manish Khan was observed near Location-043.,P0114;P0310,L025
F00321,2026-02-10,A vehicle associated with Suresh Singh was observed near Location-046.,P0038;P0109,L065
F00322,2026-02-15,Aakash Rao and Neeraj Singh were mentioned together in an incident report.,P0171;P0339,L035
F00323,2026-03-21,Mohit Das was linked to Ankit Joshi through a recorded financial event.,P0121;P0395,L053
F00324,2026-04-04,Investigators noted repeated interaction between Aman Joshi and Suresh Shah.,P0066;P0041,L039
F00325,2026-06-10,Investigators noted repeated interaction between Rahul Jain and Rahul Das.,P0187;P0232,L024
F00326,2026-07-01,Investigators noted repeated interaction between Aditya Chauhan and Aditya Das.,P0166;P0472,L016
F00327,2026-02-04,Investigators noted repeated interaction between Neeraj Malhotra and Neeraj Rao.,P0292;P0352,L055
F00328,2026-08-10,Vikram Mehta was reported in contact with Ravi Sethi near Location-015.,P0001;P0276,L044
F00329,2026-07-04,Sameer Shah and Ankit Bansal were mentioned together in an incident report.,P0465;P0082,L043
F00330,2026-06-04,Arjun Joshi and Dev Khan were mentioned together in an incident report.,P0022;P0475,L012
F00331,2026-04-01,Karan Agrawal was reported in contact with Vivek Tiwari near Location-069.,P0026;P0441,L052
F00332,2026-08-03,Neeraj Rao and Rahul Tiwari were mentioned together in an incident report.,P0352;P0060,L008
F00333,2026-01-08,Investigators noted repeated interaction between Vikram Jain and Karan Bansal.,P0164;P0238,L060
F00334,2026-05-21,Vivek Das was reported in contact with Pankaj Gupta near Location-015.,P0054;P0106,L018
F00335,2026-01-02,Aditya Khan was reported in contact with Aditya Joshi near Location-059.,P0466;P0484,L026
F00336,2026-01-14,Investigators noted repeated interaction between Suresh Tiwari and Varun Patel.,P0215;P0420,L027
F00337,2026-02-25,Dev Tiwari was linked to Aakash Patel through a recorded financial event.,P0078;P0285,L045
F00338,2026-01-13,Investigators noted repeated interaction between Dev Rao and Mohit Malhotra.,P0300;P0140,L074
F00339,2026-02-11,Sameer Jain and Pankaj Yadav were mentioned together in an incident report.,P0326;P0444,L023
F00340,2026-08-23,A vehicle associated with Vikram Shah was observed near Location-035.,P0386;P0453,L041
F00341,2026-02-13,Vikram Verma was reported in contact with Manish Malhotra near Location-078.,P0341;P0031,L014
F00342,2026-05-25,Neeraj Chauhan and Ravi Bansal were mentioned together in an incident report.,P0173;P0101,L029
F00343,2026-04-01,A vehicle associated with Aditya Patel was observed near Location-049.,P0392;P0034,L004
F00344,2026-05-22,Rahul Agrawal was reported in contact with Varun Singh near Location-001.,P0430;P0128,L045
F00345,2026-03-07,Neeraj Tiwari was reported in contact with Arjun Khan near Location-022.,P0398;P0333,L041
F00346,2026-04-03,Investigators noted repeated interaction between Neeraj Joshi and Aman Sethi.,P0002;P0443,L012
F00347,2026-07-16,A vehicle associated with Ankit Malhotra was observed near Location-052.,P0149;P0304,L053
F00348,2026-02-22,Varun Mishra and Aditya Nair were mentioned together in an incident report.,P0278;P0131,L020
F00349,2026-08-25,Vikram Joshi was reported in contact with Ankit Chauhan near Location-077.,P0058;P0447,L007
F00350,2026-08-18,Aditya Malhotra was reported in contact with Suresh Mehta near Location-019.,P0196;P0076,L075
F00351,2026-04-05,Rahul Gupta was reported in contact with Rohan Malhotra near Location-053.,P0158;P0065,L002
F00352,2026-01-06,Manish Agrawal was linked to Arjun Nair through a recorded financial event.,P0004;P0387,L080
F00353,2026-03-12,Ankit Chauhan and Vivek Rao were mentioned together in an incident report.,P0447;P0059,L078
F00354,2026-04-25,Nitin Bansal was linked to Ankit Das through a recorded financial event.,P0160;P0359,L075
F00355,2026-03-04,Dev Mehta was reported in contact with Aditya Patel near Location-014.,P0358;P0286,L005
F00356,2026-02-06,Suresh Verma was reported in contact with Vikram Singh near Location-064.,P0172;P0303,L034
F00357,2026-07-01,A vehicle associated with Aditya Bansal was observed near Location-020.,P0346;P0144,L019
F00358,2026-03-23,A vehicle associated with Vikram Jain was observed near Location-063.,P0164;P0213,L022
F00359,2026-03-08,Vivek Shah was reported in contact with Arjun Joshi near Location-058.,P0306;P0063,L024
F00360,2026-06-10,Arjun Joshi and Ravi Gupta were mentioned together in an incident report.,P0027;P0451,L001
F00361,2026-07-23,A vehicle associated with Vikram Patel was observed near Location-036.,P0318;P0100,L066
F00362,2026-02-09,Investigators noted repeated interaction between Rohan Joshi and Ankit Chauhan.,P0328;P0397,L071
F00363,2026-07-12,Investigators noted repeated interaction between Sameer Agrawal and Vikram Das.,P0029;P0111,L051
F00364,2026-01-24,Neeraj Rao was reported in contact with Arjun Singh near Location-026.,P0352;P0296,L078
F00365,2026-06-21,Investigators noted repeated interaction between Rohan Joshi and Aman Malhotra.,P0020;P0127,L043
F00366,2026-02-08,Investigators noted repeated interaction between Arjun Patel and Ankit Gupta.,P0213;P0413,L035
F00367,2026-04-09,A vehicle associated with Varun Chauhan was observed near Location-017.,P0094;P0285,L035
F00368,2026-08-03,Mohit Das and Aakash Khan were mentioned together in an incident report.,P0121;P0421,L040
F00369,2026-06-03,Suresh Sethi was reported in contact with Vivek Jain near Location-018.,P0089;P0249,L025
F00370,2026-05-19,Rohan Singh was reported in contact with Karan Khan near Location-037.,P0309;P0183,L015
F00371,2026-02-05,Rahul Gupta was reported in contact with Arjun Verma near Location-016.,P0388;P0218,L068
F00372,2026-02-20,Investigators noted repeated interaction between Aditya Nair and Suresh Mehta.,P0131;P0076,L051
F00373,2026-07-24,A vehicle associated with Sameer Rao was observed near Location-031.,P0423;P0089,L069
F00374,2026-04-15,Suresh Tiwari was reported in contact with Vikram Nair near Location-048.,P0215;P0073,L062
F00375,2026-01-12,Vivek Mishra was linked to Manish Patel through a recorded financial event.,P0074;P0243,L047
F00376,2026-05-22,Ankit Patel was linked to Vivek Mishra through a recorded financial event.,P0184;P0308,L067
F00377,2026-05-10,A vehicle associated with Pankaj Gupta was observed near Location-002.,P0106;P0056,L053
F00378,2026-08-10,Varun Nair was reported in contact with Sameer Yadav near Location-028.,P0305;P0137,L077
F00379,2026-08-25,Aakash Mishra was reported in contact with Sameer Malhotra near Location-023.,P0481;P0258,L052
F00380,2026-01-25,Investigators noted repeated interaction between Sameer Malhotra and Rohan Joshi.,P0258;P0039,L009
F00381,2026-06-03,Investigators noted repeated interaction between Karan Gupta and Varun Mishra.,P0329;P0092,L078
F00382,2026-05-10,A vehicle associated with Arjun Joshi was observed near Location-054.,P0027;P0433,L019
F00383,2026-04-02,Pankaj Nair was reported in contact with Ankit Verma near Location-023.,P0014;P0190,L055
F00384,2026-03-18,Aditya Chauhan was reported in contact with Neeraj Chauhan near Location-063.,P0377;P0173,L064
F00385,2026-05-17,A vehicle associated with Neeraj Sethi was observed near Location-027.,P0182;P0368,L003
F00386,2026-02-07,Ankit Mishra was reported in contact with Varun Mishra near Location-072.,P0334;P0478,L056
F00387,2026-05-16,Vikram Bansal was linked to Sameer Agrawal through a recorded financial event.,P0410;P0029,L034
F00388,2026-05-06,Ravi Malhotra was reported in contact with Rohan Malhotra near Location-017.,P0367;P0402,L044
F00389,2026-08-04,A vehicle associated with Arjun Das was observed near Location-069.,P0135;P0379,L072
F00390,2026-05-11,Nitin Khan was reported in contact with Dev Tiwari near Location-072.,P0401;P0301,L059
F00391,2026-03-19,A vehicle associated with Suresh Singh was observed near Location-075.,P0403;P0202,L055
F00392,2026-08-21,Arjun Malhotra and Karan Khan were mentioned together in an incident report.,P0081;P0183,L003
F00393,2026-08-28,Aakash Das was reported in contact with Vikram Yadav near Location-020.,P0247;P0351,L055
F00394,2026-06-20,Suresh Mishra was linked to Varun Nair through a recorded financial event.,P0417;P0305,L008
F00395,2026-05-26,Aakash Verma and Suresh Singh were mentioned together in an incident report.,P0181;P0116,L029
F00396,2026-08-10,Ankit Joshi was linked to Suresh Verma through a recorded financial event.,P0395;P0429,L008
F00397,2026-01-16,Neeraj Verma and Aman Malhotra were mentioned together in an incident report.,P0202;P0127,L001
F00398,2026-05-02,Investigators noted repeated interaction between Dev Shah and Arjun Joshi.,P0450;P0022,L060
F00399,2026-08-07,Ravi Gupta was linked to Arjun Khan through a recorded financial event.,P0451;P0126,L042
F00400,2026-01-27,Vivek Rao was linked to Neeraj Tiwari through a recorded financial event.,P0059;P0398,L075
F00401,2026-07-23,Pankaj Shah was reported in contact with Vikram Verma near Location-027.,P0103;P0341,L066
F00402,2026-06-19,Ravi Gupta was linked to Manish Khan through a recorded financial event.,P0432;P0124,L009
F00403,2026-04-28,Pankaj Yadav was linked to Aditya Nair through a recorded financial event.,P0444;P0131,L051
F00404,2026-02-22,A vehicle associated with Mohit Verma was observed near Location-050.,P0193;P0493,L071
F00405,2026-02-17,Aditya Verma was linked to Karan Agrawal through a recorded financial event.,P0295;P0026,L001
F00406,2026-02-17,A vehicle associated with Pankaj Mishra was observed near Location-030.,P0455;P0245,L076
F00407,2026-05-21,Nitin Jain was reported in contact with Aakash Tiwari near Location-046.,P0496;P0396,L009
F00408,2026-07-02,Aakash Nair and Dev Gupta were mentioned together in an incident report.,P0315;P0251,L058
F00409,2026-08-11,Investigators noted repeated interaction between Pankaj Tiwari and Nitin Verma.,P0350;P0452,L038
F00410,2026-06-23,Investigators noted repeated interaction between Aditya Joshi and Ankit Chauhan.,P0188;P0397,L051
F00411,2026-01-10,Sameer Malhotra was linked to Mohit Mishra through a recorded financial event.,P0258;P0337,L063
F00412,2026-01-03,Aditya Jain was reported in contact with Ravi Bansal near Location-074.,P0255;P0479,L025
F00413,2026-08-22,Arjun Khan and Ravi Yadav were mentioned together in an incident report.,P0287;P0405,L070
F00414,2026-02-08,Mohit Gupta was linked to Varun Mishra through a recorded financial event.,P0236;P0478,L080
F00415,2026-01-24,Investigators noted repeated interaction between Ravi Khan and Arjun Das.,P0096;P0033,L042
F00416,2026-07-19,Investigators noted repeated interaction between Nitin Agrawal and Ravi Gupta.,P0298;P0432,L050
F00417,2026-08-22,Investigators noted repeated interaction between Rahul Patel and Neeraj Tiwari.,P0055;P0499,L073
F00418,2026-03-13,Suresh Chauhan was linked to Dev Shah through a recorded financial event.,P0102;P0450,L077
F00419,2026-04-24,A vehicle associated with Sameer Yadav was observed near Location-012.,P0137;P0269,L048
F00420,2026-05-21,Aman Tiwari and Aman Joshi were mentioned together in an incident report.,P0489;P0066,L008
F00421,2026-05-11,Dev Yadav and Neeraj Singh were mentioned together in an incident report.,P0324;P0339,L030
F00422,2026-05-24,Rohan Sethi was reported in contact with Ravi Jain near Location-018.,P0015;P0159,L031
F00423,2026-06-04,Investigators noted repeated interaction between Varun Patel and Aditya Chauhan.,P0420;P0044,L072
F00424,2026-05-01,Vivek Malhotra was linked to Aakash Shah through a recorded financial event.,P0456;P0304,L026
F00425,2026-03-19,Nitin Agrawal was reported in contact with Neeraj Singh near Location-034.,P0204;P0339,L070
F00426,2026-08-27,Aakash Malhotra was linked to Dev Rao through a recorded financial event.,P0424;P0047,L072
F00427,2026-07-06,A vehicle associated with Ravi Das was observed near Location-028.,P0327;P0112,L016
F00428,2026-06-17,Aman Malhotra was linked to Nitin Rao through a recorded financial event.,P0010;P0012,L079
F00429,2026-02-27,Sameer Yadav was linked to Arjun Chauhan through a recorded financial event.,P0137;P0244,L043
F00430,2026-02-19,A vehicle associated with Ankit Verma was observed near Location-042.,P0190;P0052,L068
F00431,2026-04-23,A vehicle associated with Nitin Sethi was observed near Location-053.,P0389;P0100,L004
F00432,2026-07-01,A vehicle associated with Nitin Sethi was observed near Location-060.,P0275;P0042,L062
F00433,2026-03-02,Vivek Das and Suresh Agrawal were mentioned together in an incident report.,P0221;P0046,L040
F00434,2026-03-28,Investigators noted repeated interaction between Arjun Agrawal and Rohan Joshi.,P0133;P0039,L008
F00435,2026-05-19,Investigators noted repeated interaction between Suresh Bansal and Pankaj Bansal.,P0409;P0242,L079
F00436,2026-03-13,Karan Agrawal was reported in contact with Karan Joshi near Location-008.,P0143;P0440,L055
F00437,2026-07-15,A vehicle associated with Aditya Jain was observed near Location-074.,P0093;P0457,L033
F00438,2026-07-24,Sameer Agrawal and Ankit Agrawal were mentioned together in an incident report.,P0029;P0260,L005
F00439,2026-06-25,A vehicle associated with Sameer Rao was observed near Location-022.,P0016;P0407,L063
F00440,2026-04-12,Karan Agrawal was linked to Dev Bansal through a recorded financial event.,P0013;P0115,L048
F00441,2026-07-02,Investigators noted repeated interaction between Sameer Verma and Ravi Mishra.,P0109;P0139,L062
F00442,2026-07-16,Investigators noted repeated interaction between Sameer Gupta and Pankaj Mishra.,P0307;P0455,L077
F00443,2026-02-20,Sameer Sethi was linked to Aman Chauhan through a recorded financial event.,P0312;P0125,L046
F00444,2026-05-13,Ravi Khan was linked to Dev Mishra through a recorded financial event.,P0096;P0023,L032
F00445,2026-08-09,Investigators noted repeated interaction between Aman Singh and Aman Nair.,P0480;P0146,L014
F00446,2026-04-21,Investigators noted repeated interaction between Ravi Verma and Vivek Bansal.,P0178;P0437,L028
F00447,2026-01-03,Nitin Mishra was reported in contact with Ankit Agrawal near Location-039.,P0155;P0349,L023
F00448,2026-02-10,Nitin Sethi was linked to Rohan Sethi through a recorded financial event.,P0284;P0015,L026
F00449,2026-01-15,A vehicle associated with Vikram Chauhan was observed near Location-034.,P0425;P0295,L034
F00450,2026-06-20,Dev Nair and Karan Nair were mentioned together in an incident report.,P0257;P0030,L059
F00451,2026-06-05,Investigators noted repeated interaction between Aman Malhotra and Karan Nair.,P0085;P0030,L022
F00452,2026-03-24,Nitin Mehta was linked to Nitin Verma through a recorded financial event.,P0234;P0452,L054
F00453,2026-06-02,Investigators noted repeated interaction between Ankit Singh and Aman Jain.,P0323;P0282,L007
F00454,2026-04-07,Ankit Mishra was reported in contact with Rahul Das near Location-059.,P0293;P0199,L067
F00455,2026-07-19,Aditya Rao was reported in contact with Vikram Mehta near Location-068.,P0271;P0488,L059
F00456,2026-03-17,Dev Sethi was linked to Mohit Das through a recorded financial event.,P0476;P0121,L062
F00457,2026-02-22,Ankit Rao was linked to Neeraj Rao through a recorded financial event.,P0261;P0352,L057
F00458,2026-02-12,A vehicle associated with Dev Tiwari was observed near Location-044.,P0078;P0101,L013
F00459,2026-03-17,Ravi Jain was linked to Varun Malhotra through a recorded financial event.,P0098;P0222,L064
F00460,2026-03-07,Ankit Das was reported in contact with Pankaj Mishra near Location-004.,P0051;P0500,L075
F00461,2026-05-08,Nitin Khan was reported in contact with Pankaj Bansal near Location-058.,P0401;P0242,L009
F00462,2026-02-14,Pankaj Nair and Dev Yadav were mentioned together in an incident report.,P0107;P0150,L027
F00463,2026-03-17,A vehicle associated with Dev Joshi was observed near Location-065.,P0272;P0263,L079
F00464,2026-01-12,Pankaj Mishra was reported in contact with Ankit Verma near Location-057.,P0500;P0313,L060
F00465,2026-02-04,Dev Tiwari was linked to Aakash Shah through a recorded financial event.,P0165;P0136,L010
F00466,2026-02-14,Rahul Gupta was linked to Karan Bansal through a recorded financial event.,P0388;P0274,L056
F00467,2026-02-23,Varun Patel was linked to Vikram Yadav through a recorded financial event.,P0420;P0351,L016
F00468,2026-08-04,Pankaj Shah and Ankit Rao were mentioned together in an incident report.,P0080;P0261,L035
F00469,2026-02-26,Aditya Gupta was reported in contact with Pankaj Tiwari near Location-038.,P0122;P0283,L012
F00470,2026-04-07,Vikram Jain was reported in contact with Ravi Chauhan near Location-037.,P0174;P0418,L044
F00471,2026-01-02,Nitin Jain was linked to Mohit Jain through a recorded financial event.,P0314;P0487,L059
F00472,2026-01-20,A vehicle associated with Sameer Yadav was observed near Location-041.,P0021;P0169,L055
F00473,2026-02-18,Investigators noted repeated interaction between Aakash Mehta and Vikram Yadav.,P0449;P0069,L054
F00474,2026-04-02,Dev Rao was linked to Aakash Khan through a recorded financial event.,P0300;P0265,L015
F00475,2026-07-02,A vehicle associated with Rohan Das was observed near Location-055.,P0228;P0254,L079
F00476,2026-08-22,A vehicle associated with Manish Das was observed near Location-080.,P0345;P0130,L040
F00477,2026-06-25,Ankit Verma was linked to Arjun Khan through a recorded financial event.,P0190;P0126,L052
F00478,2026-03-13,Rahul Jain was linked to Aakash Malhotra through a recorded financial event.,P0317;P0424,L008
F00479,2026-01-10,A vehicle associated with Vivek Chauhan was observed near Location-078.,P0363;P0207,L016
F00480,2026-04-02,Aditya Sethi was linked to Karan Chauhan through a recorded financial event.,P0231;P0316,L031
F00481,2026-04-15,Dev Bansal was reported in contact with Neeraj Mishra near Location-007.,P0115;P0175,L050
F00482,2026-06-11,A vehicle associated with Neeraj Verma was observed near Location-005.,P0202;P0021,L008
F00483,2026-02-01,Investigators noted repeated interaction between Pankaj Nair and Aakash Patel.,P0107;P0285,L054
F00484,2026-04-25,Investigators noted repeated interaction between Aakash Khan and Arjun Khan.,P0265;P0333,L010
F00485,2026-08-27,Investigators noted repeated interaction between Aman Tiwari and Manish Tiwari.,P0482;P0240,L020
F00486,2026-02-23,Varun Singh was reported in contact with Arjun Singh near Location-011.,P0128;P0357,L004
F00487,2026-08-12,Sameer Agrawal was linked to Ankit Malhotra through a recorded financial event.,P0320;P0149,L014
F00488,2026-01-27,A vehicle associated with Varun Singh was observed near Location-014.,P0128;P0016,L064
F00489,2026-07-07,Dev Bansal was reported in contact with Nitin Rao near Location-070.,P0115;P0012,L037
F00490,2026-06-01,Dev Nair was reported in contact with Vivek Rao near Location-011.,P0257;P0059,L018
F00491,2026-08-26,Aakash Tiwari and Aakash Das were mentioned together in an incident report.,P0396;P0237,L059
F00492,2026-02-28,Investigators noted repeated interaction between Manish Jain and Arjun Rao.,P0494;P0400,L078
F00493,2026-07-04,A vehicle associated with Ravi Mehta was observed near Location-040.,P0163;P0273,L021
F00494,2026-06-26,Aakash Bansal and Aditya Jain were mentioned together in an incident report.,P0495;P0255,L070
F00495,2026-05-17,A vehicle associated with Mohit Mishra was observed near Location-038.,P0337;P0076,L020
F00496,2026-06-15,Vivek Mishra was linked to Neeraj Tiwari through a recorded financial event.,P0074;P0269,L049
F00497,2026-07-06,A vehicle associated with Aman Tiwari was observed near Location-022.,P0489;P0480,L031
F00498,2026-04-24,Aditya Verma was reported in contact with Ravi Mehta near Location-053.,P0295;P0043,L044
F00499,2026-06-28,Vikram Bansal and Neeraj Joshi were mentioned together in an incident report.,P0410;P0002,L041
F00500,2026-07-17,Nitin Khan and Rahul Gupta were mentioned together in an incident report.,P0401;P0388,L058
F00501,2026-01-13,Aakash Mishra was linked to Aakash Shah through a recorded financial event.,P0481;P0355,L027
F00502,2026-03-02,A vehicle associated with Vikram Jain was observed near Location-062.,P0180;P0437,L045
F00503,2026-03-18,Investigators noted repeated interaction between Pankaj Agrawal and Rohan Das.,P0157;P0048,L023
F00504,2026-02-13,Investigators noted repeated interaction between Aakash Nair and Vikram Das.,P0315;P0050,L037
F00505,2026-06-26,Ravi Chauhan was linked to Ravi Malhotra through a recorded financial event.,P0119;P0057,L071
F00506,2026-05-03,Investigators noted repeated interaction between Dev Khan and Manish Malhotra.,P0475;P0031,L010
F00507,2026-03-21,Ankit Gupta was reported in contact with Arjun Shah near Location-055.,P0413;P0445,L007
F00508,2026-03-28,A vehicle associated with Pankaj Khan was observed near Location-009.,P0442;P0439,L014
F00509,2026-05-26,Rahul Gupta was linked to Manish Yadav through a recorded financial event.,P0388;P0071,L063
F00510,2026-08-26,Ravi Chauhan was linked to Dev Agrawal through a recorded financial event.,P0393;P0079,L040
F00511,2026-04-25,Dev Yadav was linked to Aman Sethi through a recorded financial event.,P0264;P0443,L053
F00512,2026-03-06,Ankit Mishra was reported in contact with Aditya Das near Location-065.,P0293;P0472,L044
F00513,2026-06-22,A vehicle associated with Rahul Tiwari was observed near Location-014.,P0024;P0289,L060
F00514,2026-04-16,Suresh Patel was reported in contact with Vivek Patel near Location-072.,P0362;P0338,L035
F00515,2026-02-11,Aditya Jain and Neeraj Tiwari were mentioned together in an incident report.,P0093;P0414,L061
F00516,2026-03-28,Nitin Rao and Aditya Bansal were mentioned together in an incident report.,P0012;P0291,L016
F00517,2026-01-11,Investigators noted repeated interaction between Mohit Joshi and Rahul Gupta.,P0032;P0388,L080
F00518,2026-07-04,A vehicle associated with Nitin Sethi was observed near Location-073.,P0275;P0304,L015
F00519,2026-08-24,Karan Agrawal and Manish Das were mentioned together in an incident report.,P0013;P0345,L053
F00520,2026-05-07,Karan Chauhan and Ankit Das were mentioned together in an incident report.,P0343;P0359,L038
F00521,2026-04-27,Vikram Singh was reported in contact with Ravi Verma near Location-008.,P0007;P0178,L054
F00522,2026-05-28,Varun Mishra was linked to Dev Nair through a recorded financial event.,P0478;P0257,L048
F00523,2026-06-06,Rahul Mehta and Rohan Patel were mentioned together in an incident report.,P0233;P0412,L029
F00524,2026-08-05,Aditya Joshi was linked to Ankit Verma through a recorded financial event.,P0162;P0190,L075
F00525,2026-06-27,Neeraj Tiwari was reported in contact with Aditya Joshi near Location-047.,P0414;P0162,L047
F00526,2026-01-17,Suresh Mehta was reported in contact with Mohit Bansal near Location-009.,P0076;P0144,L063
F00527,2026-05-01,Dev Khan and Pankaj Yadav were mentioned together in an incident report.,P0330;P0444,L079
F00528,2026-04-10,Dev Sethi was linked to Ankit Rao through a recorded financial event.,P0289;P0087,L053
F00529,2026-03-12,Investigators noted repeated interaction between Vikram Chauhan and Rohan Sethi.,P0205;P0086,L038
F00530,2026-06-23,Nitin Sethi and Dev Bansal were mentioned together in an incident report.,P0284;P0115,L078
F00531,2026-07-07,A vehicle associated with Aakash Shah was observed near Location-059.,P0304;P0163,L039
F00532,2026-01-02,Rahul Bansal and Dev Jain were mentioned together in an incident report.,P0266;P0381,L020
F00533,2026-08-06,Varun Singh was linked to Vikram Yadav through a recorded financial event.,P0128;P0351,L077
F00534,2026-03-18,Vivek Patel was linked to Dev Gupta through a recorded financial event.,P0470;P0194,L051
F00535,2026-03-17,Dev Gupta was linked to Suresh Shah through a recorded financial event.,P0194;P0041,L042
F00536,2026-07-05,Sameer Agrawal was reported in contact with Karan Agrawal near Location-035.,P0320;P0013,L007
F00537,2026-05-04,A vehicle associated with Neeraj Malhotra was observed near Location-040.,P0292;P0328,L002
F00538,2026-02-26,Neeraj Malhotra was reported in contact with Dev Tiwari near Location-030.,P0468;P0078,L026
F00539,2026-04-05,Arjun Joshi was reported in contact with Dev Verma near Location-015.,P0027;P0380,L050
F00540,2026-07-17,Manish Tiwari was linked to Manish Khan through a recorded financial event.,P0486;P0124,L039
F00541,2026-07-16,Investigators noted repeated interaction between Aakash Shah and Manish Bansal.,P0304;P0209,L026
F00542,2026-06-22,Aakash Bansal was reported in contact with Manish Nair near Location-066.,P0495;P0142,L031
F00543,2026-03-03,A vehicle associated with Pankaj Mehta was observed near Location-012.,P0462;P0293,L077
F00544,2026-01-11,Investigators noted repeated interaction between Mohit Agrawal and Aditya Nair.,P0008;P0131,L054
F00545,2026-07-26,A vehicle associated with Ankit Mishra was observed near Location-035.,P0293;P0029,L039
F00546,2026-07-25,Dev Mehta and Neeraj Mehta were mentioned together in an incident report.,P0358;P0376,L079
F00547,2026-02-01,Ravi Malhotra was reported in contact with Nitin Mishra near Location-018.,P0134;P0155,L053
F00548,2026-01-12,Suresh Joshi was linked to Mohit Agrawal through a recorded financial event.,P0227;P0008,L027
F00549,2026-03-14,A vehicle associated with Suresh Das was observed near Location-005.,P0325;P0443,L012
F00550,2026-08-04,Pankaj Yadav was linked to Vikram Jain through a recorded financial event.,P0444;P0174,L005
F00551,2026-07-09,Manish Malhotra and Rahul Jain were mentioned together in an incident report.,P0132;P0011,L052
F00552,2026-03-05,Mohit Patel was linked to Vivek Patel through a recorded financial event.,P0118;P0273,L067
F00553,2026-05-24,Ravi Jain and Rohan Joshi were mentioned together in an incident report.,P0159;P0020,L079
F00554,2026-06-21,Karan Joshi was reported in contact with Vivek Jain near Location-074.,P0440;P0249,L064
F00555,2026-01-11,Suresh Jain and Karan Gupta were mentioned together in an incident report.,P0490;P0329,L035
F00556,2026-03-27,Ravi Malhotra was reported in contact with Vivek Das near Location-032.,P0057;P0221,L057
F00557,2026-07-22,Ravi Mehta was reported in contact with Karan Khan near Location-005.,P0474;P0183,L073
F00558,2026-06-07,Manish Gupta was reported in contact with Suresh Yadav near Location-021.,P0431;P0491,L079
F00559,2026-01-23,Pankaj Malhotra and Karan Agrawal were mentioned together in an incident report.,P0336;P0013,L054
F00560,2026-02-25,Manish Jain and Manish Agrawal were mentioned together in an incident report.,P0494;P0364,L058
F00561,2026-01-07,Aakash Nair was linked to Rahul Agrawal through a recorded financial event.,P0315;P0430,L030
F00562,2026-04-16,Varun Mishra was linked to Aditya Yadav through a recorded financial event.,P0478;P0017,L046
F00563,2026-04-23,Mohit Malhotra was reported in contact with Karan Gupta near Location-066.,P0399;P0329,L001
F00564,2026-08-01,Mohit Patel was reported in contact with Aakash Sethi near Location-018.,P0354;P0052,L079
F00565,2026-06-15,Dev Rao and Ankit Joshi were mentioned together in an incident report.,P0300;P0361,L009
F00566,2026-02-02,Ravi Sethi and Sameer Verma were mentioned together in an incident report.,P0276;P0034,L024
F00567,2026-02-13,Investigators noted repeated interaction between Vivek Tiwari and Vivek Shah.,P0441;P0306,L073
F00568,2026-04-14,Ankit Das and Vikram Chauhan were mentioned together in an incident report.,P0051;P0425,L010
F00569,2026-08-13,Karan Nair was reported in contact with Arjun Patel near Location-064.,P0030;P0213,L076
F00570,2026-06-23,A vehicle associated with Dev Gupta was observed near Location-001.,P0194;P0247,L068
F00571,2026-02-16,Investigators noted repeated interaction between Mohit Khan and Arjun Joshi.,P0319;P0063,L062
F00572,2026-06-23,Investigators noted repeated interaction between Aman Chauhan and Aman Tiwari.,P0125;P0489,L064
F00573,2026-06-24,Karan Bansal was reported in contact with Aditya Patel near Location-010.,P0274;P0392,L017
F00574,2026-07-27,Sameer Malhotra was reported in contact with Aakash Shah near Location-038.,P0258;P0304,L071
F00575,2026-06-12,Rohan Yadav was reported in contact with Arjun Verma near Location-030.,P0411;P0218,L017
F00576,2026-07-23,Investigators noted repeated interaction between Mohit Joshi and Ravi Mehta.,P0340;P0163,L063
F00577,2026-06-24,Ankit Jain was reported in contact with Vikram Gupta near Location-079.,P0277;P0225,L039
F00578,2026-07-22,Pankaj Singh was reported in contact with Pankaj Mishra near Location-016.,P0473;P0455,L049
F00579,2026-06-07,Vivek Shah was reported in contact with Nitin Nair near Location-012.,P0306;P0459,L037
F00580,2026-05-05,A vehicle associated with Rahul Jain was observed near Location-041.,P0011;P0494,L055
F00581,2026-07-22,Sameer Das was linked to Ravi Gupta through a recorded financial event.,P0493;P0432,L075
F00582,2026-07-17,Investigators noted repeated interaction between Sameer Agrawal and Vivek Das.,P0404;P0221,L055
F00583,2026-01-15,Karan Chauhan was reported in contact with Suresh Singh near Location-074.,P0316;P0403,L072
F00584,2026-01-09,Investigators noted repeated interaction between Aman Joshi and Sameer Malhotra.,P0090;P0258,L015
F00585,2026-07-09,Dev Singh was linked to Aman Chauhan through a recorded financial event.,P0391;P0125,L006
F00586,2026-01-07,Investigators noted repeated interaction between Ankit Malhotra and Neeraj Malhotra.,P0149;P0468,L071
F00587,2026-04-03,Mohit Das was reported in contact with Pankaj Agrawal near Location-013.,P0121;P0157,L013
F00588,2026-08-02,Investigators noted repeated interaction between Suresh Singh and Ankit Verma.,P0038;P0190,L009
F00589,2026-05-20,Investigators noted repeated interaction between Ravi Sethi and Manish Khan.,P0276;P0114,L003
F00590,2026-07-01,Nitin Malhotra and Aditya Jain were mentioned together in an incident report.,P0259;P0093,L080
F00591,2026-01-04,A vehicle associated with Ankit Malhotra was observed near Location-030.,P0149;P0472,L026
F00592,2026-04-21,A vehicle associated with Dev Mishra was observed near Location-017.,P0023;P0078,L045
F00593,2026-08-03,Ravi Mishra and Arjun Joshi were mentioned together in an incident report.,P0139;P0027,L030
F00594,2026-05-16,Rahul Agrawal and Suresh Chauhan were mentioned together in an incident report.,P0439;P0102,L021
F00595,2026-03-26,Karan Shah was reported in contact with Manish Tiwari near Location-071.,P0321;P0240,L015
F00596,2026-04-27,Investigators noted repeated interaction between Vivek Shah and Aman Chauhan.,P0306;P0200,L048
F00597,2026-07-02,Vivek Yadav and Aditya Chauhan were mentioned together in an incident report.,P0469;P0044,L050
F00598,2026-07-09,Investigators noted repeated interaction between Varun Malhotra and Mohit Joshi.,P0222;P0032,L063
F00599,2026-05-24,A vehicle associated with Dev Rao was observed near Location-035.,P0047;P0076,L052
F00600,2026-05-17,A vehicle associated with Karan Gupta was observed near Location-072.,P0329;P0420,L042
F00601,2026-02-22,Sameer Sethi and Aakash Shah were mentioned together in an incident report.,P0152;P0304,L043
F00602,2026-01-01,Suresh Verma was linked to Dev Gupta through a recorded financial event.,P0429;P0251,L041
F00603,2026-07-21,A vehicle associated with Ravi Gupta was observed near Location-030.,P0432;P0261,L075
F00604,2026-01-14,Investigators noted repeated interaction between Pankaj Bansal and Sameer Jain.,P0242;P0326,L030
F00605,2026-08-27,Ankit Khan was reported in contact with Dev Verma near Location-008.,P0497;P0380,L078
F00606,2026-01-20,Neeraj Singh was reported in contact with Dev Yadav near Location-020.,P0267;P0324,L044
F00607,2026-04-23,Sameer Agrawal was linked to Varun Agrawal through a recorded financial event.,P0320;P0091,L030
F00608,2026-07-27,Varun Mishra was linked to Karan Bansal through a recorded financial event.,P0092;P0274,L072
F00609,2026-02-03,Mohit Patel and Nitin Joshi were mentioned together in an incident report.,P0118;P0458,L055
F00610,2026-07-12,Karan Singh was reported in contact with Arjun Singh near Location-010.,P0433;P0357,L012
F00611,2026-03-25,A vehicle associated with Rahul Agrawal was observed near Location-013.,P0161;P0335,L022
F00612,2026-04-13,Aman Malhotra was linked to Arjun Patel through a recorded financial event.,P0085;P0213,L044
F00613,2026-07-28,Mohit Joshi and Karan Nair were mentioned together in an incident report.,P0262;P0281,L007
F00614,2026-03-11,Ravi Chauhan and Sameer Gupta were mentioned together in an incident report.,P0170;P0077,L019
F00615,2026-02-24,Neeraj Agrawal was linked to Varun Patel through a recorded financial event.,P0195;P0420,L025
F00616,2026-02-12,Rohan Yadav and Nitin Malhotra were mentioned together in an incident report.,P0411;P0259,L065
F00617,2026-05-27,Nitin Rao was reported in contact with Arjun Singh near Location-037.,P0206;P0296,L066
F00618,2026-03-20,Arjun Shah was reported in contact with Vivek Patel near Location-060.,P0445;P0470,L079
F00619,2026-01-25,Sameer Jain was linked to Sameer Jain through a recorded financial event.,P0042;P0326,L064
F00620,2026-06-09,Vivek Malhotra was reported in contact with Sameer Jain near Location-054.,P0456;P0201,L046
F00621,2026-02-17,Investigators noted repeated interaction between Ankit Joshi and Rahul Bansal.,P0361;P0266,L057
F00622,2026-07-11,A vehicle associated with Arjun Joshi was observed near Location-011.,P0027;P0014,L009
F00623,2026-07-07,Suresh Mehta was reported in contact with Sameer Malhotra near Location-002.,P0076;P0095,L047
F00624,2026-04-13,Nitin Mishra was reported in contact with Neeraj Verma near Location-078.,P0229;P0202,L040
F00625,2026-06-13,Dev Bansal and Nitin Mishra were mentioned together in an incident report.,P0331;P0229,L070
F00626,2026-03-17,A vehicle associated with Ravi Mishra was observed near Location-013.,P0139;P0091,L078
F00627,2026-05-27,Dev Joshi and Ravi Mehta were mentioned together in an incident report.,P0272;P0163,L014
F00628,2026-05-06,Ravi Malhotra was reported in contact with Arjun Khan near Location-005.,P0134;P0126,L051
F00629,2026-07-07,A vehicle associated with Sameer Gupta was observed near Location-060.,P0453;P0448,L020
F00630,2026-04-03,Manish Bansal and Suresh Jain were mentioned together in an incident report.,P0167;P0460,L006
F00631,2026-01-18,A vehicle associated with Aman Tiwari was observed near Location-034.,P0482;P0364,L004
F00632,2026-01-25,Dev Yadav was reported in contact with Dev Tiwari near Location-029.,P0150;P0165,L005
F00633,2026-05-15,Aman Patel was reported in contact with Aditya Chauhan near Location-079.,P0088;P0166,L048
F00634,2026-02-15,Investigators noted repeated interaction between Vivek Verma and Ankit Das.,P0151;P0359,L014
F00635,2026-06-03,Aman Tiwari was linked to Vikram Das through a recorded financial event.,P0489;P0113,L065
F00636,2026-02-16,Ankit Khan was linked to Mohit Bansal through a recorded financial event.,P0497;P0144,L020
F00637,2026-03-15,Ankit Rao was reported in contact with Nitin Mishra near Location-061.,P0261;P0155,L015
F00638,2026-08-06,A vehicle associated with Ankit Verma was observed near Location-077.,P0313;P0491,L039
F00639,2026-04-27,Investigators noted repeated interaction between Aditya Chauhan and Rohan Khan.,P0044;P0310,L031
F00640,2026-06-12,Investigators noted repeated interaction between Aman Khan and Sameer Verma.,P0120;P0109,L080
F00641,2026-02-08,Investigators noted repeated interaction between Pankaj Singh and Rohan Patel.,P0473;P0412,L046
F00642,2026-03-05,Rahul Gupta was reported in contact with Aakash Mishra near Location-018.,P0176;P0068,L057
F00643,2026-08-22,Investigators noted repeated interaction between Vikram Patel and Vikram Agrawal.,P0318;P0223,L004
F00644,2026-01-18,Neeraj Sethi was linked to Pankaj Mehta through a recorded financial event.,P0018;P0045,L045
F00645,2026-08-06,Mohit Malhotra was reported in contact with Manish Agrawal near Location-044.,P0399;P0372,L076
F00646,2026-04-08,Ravi Mishra was linked to Vikram Tiwari through a recorded financial event.,P0139;P0280,L015
F00647,2026-07-18,Rohan Das was linked to Dev Sethi through a recorded financial event.,P0048;P0289,L032
F00648,2026-03-22,Mohit Singh and Nitin Mishra were mentioned together in an incident report.,P0186;P0155,L042
F00649,2026-07-01,Karan Gupta was reported in contact with Nitin Agrawal near Location-033.,P0329;P0204,L044
F00650,2026-01-02,A vehicle associated with Vikram Sethi was observed near Location-027.,P0203;P0158,L066
F00651,2026-02-11,Aman Jain was reported in contact with Ankit Verma near Location-044.,P0282;P0313,L064
F00652,2026-01-25,Vikram Yadav and Varun Mishra were mentioned together in an incident report.,P0351;P0092,L056
F00653,2026-03-20,A vehicle associated with Varun Bansal was observed near Location-053.,P0360;P0127,L069
F00654,2026-01-12,Pankaj Mehta and Varun Agrawal were mentioned together in an incident report.,P0462;P0091,L032
F00655,2026-02-05,A vehicle associated with Ankit Rao was observed near Location-041.,P0261;P0201,L026
F00656,2026-05-05,Aditya Joshi was linked to Arjun Khan through a recorded financial event.,P0162;P0287,L008
F00657,2026-05-10,Ankit Mishra was linked to Aakash Shah through a recorded financial event.,P0293;P0136,L036
F00658,2026-05-28,Vivek Das was reported in contact with Karan Jain near Location-021.,P0221;P0365,L024
F00659,2026-08-06,Rahul Gupta was linked to Neeraj Chauhan through a recorded financial event.,P0158;P0173,L058
F00660,2026-03-27,A vehicle associated with Suresh Yadav was observed near Location-012.,P0099;P0394,L012
F00661,2026-03-22,Dev Shah was reported in contact with Dev Khan near Location-066.,P0056;P0330,L076
F00662,2026-08-09,Manish Khan was reported in contact with Pankaj Khan near Location-070.,P0114;P0442,L028
F00663,2026-03-20,Investigators noted repeated interaction between Aditya Rao and Vivek Yadav.,P0271;P0469,L006
F00664,2026-07-11,Aman Khan was reported in contact with Pankaj Singh near Location-018.,P0120;P0473,L016
F00665,2026-07-21,Neeraj Singh and Manish Verma were mentioned together in an incident report.,P0485;P0422,L059
F00666,2026-07-03,Investigators noted repeated interaction between Aditya Gupta and Dev Verma.,P0122;P0380,L007
F00667,2026-08-24,Investigators noted repeated interaction between Rahul Mehta and Manish Yadav.,P0233;P0071,L054
F00668,2026-04-05,Investigators noted repeated interaction between Ankit Singh and Dev Das.,P0323;P0169,L038
F00669,2026-01-12,Investigators noted repeated interaction between Suresh Tiwari and Pankaj Nair.,P0215;P0014,L003
F00670,2026-03-11,Rahul Jain was reported in contact with Mohit Singh near Location-012.,P0454;P0070,L002
F00671,2026-04-13,Rahul Malhotra was linked to Mohit Malhotra through a recorded financial event.,P0369;P0399,L067
F00672,2026-08-25,Pankaj Yadav was reported in contact with Ankit Rao near Location-043.,P0444;P0087,L007
F00673,2026-06-21,Ravi Das and Suresh Mehta were mentioned together in an incident report.,P0327;P0076,L019
F00674,2026-07-19,Mohit Verma and Sameer Gupta were mentioned together in an incident report.,P0193;P0453,L031
F00675,2026-03-25,A vehicle associated with Sameer Das was observed near Location-039.,P0493;P0147,L017
F00676,2026-03-27,Investigators noted repeated interaction between Mohit Rao and Pankaj Tiwari.,P0083;P0283,L010
F00677,2026-08-07,A vehicle associated with Dev Sethi was observed near Location-002.,P0476;P0101,L024
F00678,2026-05-18,Rohan Malhotra and Nitin Khan were mentioned together in an incident report.,P0065;P0401,L037
F00679,2026-05-12,Rahul Mehta was reported in contact with Karan Gupta near Location-004.,P0005;P0329,L028
F00680,2026-03-27,Investigators noted repeated interaction between Ankit Mishra and Neeraj Khan.,P0154;P0148,L022
F00681,2026-02-16,A vehicle associated with Aakash Patel was observed near Location-078.,P0256;P0493,L020
F00682,2026-04-09,A vehicle associated with Vikram Yadav was observed near Location-036.,P0248;P0091,L060
F00683,2026-05-10,Dev Singh and Rohan Sethi were mentioned together in an incident report.,P0230;P0086,L031
F00684,2026-03-21,Investigators noted repeated interaction between Aman Tiwari and Manish Verma.,P0489;P0422,L071
F00685,2026-05-26,Neeraj Jain and Dev Tiwari were mentioned together in an incident report.,P0419;P0078,L072
F00686,2026-06-19,Investigators noted repeated interaction between Neeraj Khan and Arjun Khan.,P0148;P0287,L050
F00687,2026-08-14,Rahul Jain was linked to Dev Malhotra through a recorded financial event.,P0187;P0189,L074
F00688,2026-01-01,A vehicle associated with Mohit Nair was observed near Location-014.,P0129;P0489,L065
F00689,2026-01-14,Vikram Bansal was reported in contact with Aditya Patel near Location-057.,P0410;P0392,L019
F00690,2026-07-19,Vikram Das was reported in contact with Suresh Verma near Location-078.,P0113;P0172,L028
F00691,2026-05-24,A vehicle associated with Aditya Patel was observed near Location-065.,P0392;P0056,L036
F00692,2026-06-28,Vikram Chauhan and Dev Singh were mentioned together in an incident report.,P0428;P0391,L052
F00693,2026-07-23,Nitin Verma and Ankit Das were mentioned together in an incident report.,P0452;P0359,L054
F00694,2026-07-21,Investigators noted repeated interaction between Neeraj Rao and Sameer Malhotra.,P0006;P0095,L019
F00695,2026-04-24,Mohit Bansal was reported in contact with Vikram Bansal near Location-041.,P0144;P0410,L008
F00696,2026-08-24,A vehicle associated with Nitin Agrawal was observed near Location-015.,P0298;P0209,L029
F00697,2026-08-26,Dev Yadav and Suresh Patel were mentioned together in an incident report.,P0150;P0362,L077
F00698,2026-05-03,Vivek Khan was linked to Mohit Mishra through a recorded financial event.,P0394;P0337,L072
F00699,2026-07-11,A vehicle associated with Neeraj Khan was observed near Location-039.,P0148;P0353,L036
F00700,2026-08-02,A vehicle associated with Nitin Agrawal was observed near Location-041.,P0298;P0327,L048
F00701,2026-05-03,Pankaj Bansal and Dev Shah were mentioned together in an incident report.,P0242;P0450,L043
F00702,2026-02-11,Aman Jain and Aakash Das were mentioned together in an incident report.,P0263;P0237,L002
F00703,2026-06-03,Suresh Sethi was linked to Vikram Nair through a recorded financial event.,P0089;P0073,L070
F00704,2026-08-13,Suresh Shah was linked to Aman Bansal through a recorded financial event.,P0379;P0191,L066
F00705,2026-06-01,Aditya Chauhan and Rohan Joshi were mentioned together in an incident report.,P0044;P0039,L067
F00706,2026-01-28,Sameer Sethi was linked to Vikram Joshi through a recorded financial event.,P0312;P0058,L068
F00707,2026-02-26,Neeraj Chauhan was linked to Aman Bansal through a recorded financial event.,P0226;P0217,L048
F00708,2026-01-10,Suresh Chauhan was reported in contact with Karan Agrawal near Location-071.,P0239;P0143,L065
F00709,2026-01-17,Aditya Mehta was linked to Pankaj Mishra through a recorded financial event.,P0344;P0500,L002
F00710,2026-08-24,Investigators noted repeated interaction between Aman Sethi and Rahul Bansal.,P0443;P0366,L066
F00711,2026-01-24,Vivek Mishra was linked to Mohit Rao through a recorded financial event.,P0074;P0083,L078
F00712,2026-08-09,A vehicle associated with Mohit Malhotra was observed near Location-040.,P0399;P0122,L078
F00713,2026-06-06,Investigators noted repeated interaction between Aditya Sethi and Nitin Malhotra.,P0231;P0259,L022
F00714,2026-06-03,Nitin Malhotra and Ravi Yadav were mentioned together in an incident report.,P0259;P0405,L041
F00715,2026-04-24,Pankaj Nair was linked to Ravi Khan through a recorded financial event.,P0208;P0096,L063
F00716,2026-03-02,Rahul Singh and Aakash Shah were mentioned together in an incident report.,P0072;P0304,L035
F00717,2026-01-10,Investigators noted repeated interaction between Pankaj Gupta and Neeraj Sethi.,P0106;P0018,L018
F00718,2026-06-20,Investigators noted repeated interaction between Nitin Malhotra and Arjun Patel.,P0427;P0213,L077
F00719,2026-05-13,A vehicle associated with Rohan Joshi was observed near Location-062.,P0328;P0392,L067
F00720,2026-08-14,Aditya Khan and Mohit Singh were mentioned together in an incident report.,P0466;P0186,L004
F00721,2026-06-20,Investigators noted repeated interaction between Ankit Verma and Dev Bansal.,P0190;P0009,L074
F00722,2026-03-27,Pankaj Bansal was linked to Rahul Mehta through a recorded financial event.,P0242;P0185,L073
F00723,2026-02-20,Aditya Bansal was linked to Ravi Mehta through a recorded financial event.,P0346;P0043,L033
F00724,2026-05-14,Sameer Yadav was linked to Aakash Agrawal through a recorded financial event.,P0021;P0177,L046
F00725,2026-04-12,Aakash Shah was reported in contact with Suresh Sethi near Location-075.,P0471;P0089,L067
F00726,2026-01-15,A vehicle associated with Arjun Joshi was observed near Location-070.,P0027;P0188,L050
F00727,2026-06-09,Suresh Mishra was reported in contact with Rahul Verma near Location-018.,P0417;P0279,L018
F00728,2026-05-05,Vikram Chauhan and Karan Agrawal were mentioned together in an incident report.,P0205;P0013,L016
F00729,2026-05-20,Rohan Das was linked to Vikram Yadav through a recorded financial event.,P0048;P0248,L050
F00730,2026-04-23,Dev Agrawal and Neeraj Mehta were mentioned together in an incident report.,P0079;P0376,L053
F00731,2026-06-02,Arjun Khan was linked to Aditya Joshi through a recorded financial event.,P0287;P0484,L057
F00732,2026-03-26,Nitin Rao and Aakash Khan were mentioned together in an incident report.,P0012;P0035,L023
F00733,2026-05-10,Suresh Chauhan was reported in contact with Manish Bansal near Location-041.,P0117;P0167,L004
F00734,2026-07-05,Aman Bansal was reported in contact with Aakash Patel near Location-015.,P0191;P0256,L005
F00735,2026-01-04,A vehicle associated with Ankit Rao was observed near Location-005.,P0261;P0453,L014
F00736,2026-03-12,Neeraj Yadav was reported in contact with Arjun Joshi near Location-033.,P0457;P0027,L066
F00737,2026-01-10,Investigators noted repeated interaction between Pankaj Jain and Dev Sethi.,P0483;P0476,L077
F00738,2026-03-11,A vehicle associated with Pankaj Malhotra was observed near Location-001.,P0336;P0202,L006
F00739,2026-02-20,Mohit Khan was reported in contact with Rohan Sethi near Location-004.,P0319;P0086,L070
F00740,2026-07-03,A vehicle associated with Sameer Malhotra was observed near Location-044.,P0258;P0167,L063
F00741,2026-01-05,Investigators noted repeated interaction between Rahul Singh and Aakash Khan.,P0072;P0265,L049
F00742,2026-03-25,Pankaj Jain and Neeraj Nair were mentioned together in an incident report.,P0483;P0062,L057
F00743,2026-05-02,Nitin Agrawal was reported in contact with Varun Joshi near Location-052.,P0298;P0252,L024
F00744,2026-01-26,A vehicle associated with Aditya Sethi was observed near Location-069.,P0231;P0057,L015
F00745,2026-06-05,Neeraj Rao and Karan Agrawal were mentioned together in an incident report.,P0006;P0026,L044
F00746,2026-04-12,Aditya Das was reported in contact with Ravi Malhotra near Location-005.,P0472;P0134,L015
F00747,2026-04-09,Ankit Joshi was linked to Mohit Joshi through a recorded financial event.,P0395;P0340,L041
F00748,2026-05-15,Neeraj Sethi was linked to Sameer Patel through a recorded financial event.,P0253;P0197,L065
F00749,2026-03-13,Neeraj Singh was linked to Vikram Singh through a recorded financial event.,P0339;P0303,L075
F00750,2026-02-14,Investigators noted repeated interaction between Dev Yadav and Aditya Mishra.,P0324;P0037,L034
F00751,2026-03-14,A vehicle associated with Aman Chauhan was observed near Location-051.,P0200;P0196,L056
F00752,2026-03-20,Dev Bansal was linked to Karan Gupta through a recorded financial event.,P0115;P0342,L057
F00753,2026-03-10,Investigators noted repeated interaction between Sameer Malhotra and Aakash Khan.,P0258;P0421,L048
F00754,2026-06-03,Neeraj Singh was linked to Ravi Das through a recorded financial event.,P0267;P0327,L051
F00755,2026-04-11,Investigators noted repeated interaction between Vivek Das and Pankaj Mishra.,P0221;P0455,L057
F00756,2026-05-11,Rohan Malhotra was linked to Aditya Chauhan through a recorded financial event.,P0402;P0166,L023
F00757,2026-02-14,Ankit Mishra and Sameer Rao were mentioned together in an incident report.,P0154;P0016,L069
F00758,2026-05-06,Ravi Bansal was reported in contact with Aakash Tiwari near Location-026.,P0101;P0396,L015
F00759,2026-03-21,Investigators noted repeated interaction between Karan Chauhan and Manish Chauhan.,P0343;P0368,L031
F00760,2026-03-15,A vehicle associated with Vikram Bansal was observed near Location-005.,P0410;P0266,L007
F00761,2026-05-01,Dev Khan and Manish Bansal were mentioned together in an incident report.,P0475;P0167,L022
F00762,2026-03-09,Vivek Jain was reported in contact with Neeraj Singh near Location-038.,P0249;P0485,L029
F00763,2026-03-01,Pankaj Shah was linked to Manish Agrawal through a recorded financial event.,P0080;P0004,L061
F00764,2026-03-13,Ankit Verma and Manish Gupta were mentioned together in an incident report.,P0313;P0431,L056
F00765,2026-08-14,Investigators noted repeated interaction between Vikram Das and Nitin Yadav.,P0050;P0348,L025
F00766,2026-03-18,Rahul Gupta and Karan Shah were mentioned together in an incident report.,P0158;P0321,L042
F00767,2026-06-28,Vikram Yadav was linked to Suresh Jain through a recorded financial event.,P0351;P0490,L066
F00768,2026-01-04,A vehicle associated with Manish Agrawal was observed near Location-013.,P0004;P0107,L030
F00769,2026-07-17,Investigators noted repeated interaction between Dev Verma and Aditya Bansal.,P0380;P0467,L044
F00770,2026-06-21,Investigators noted repeated interaction between Dev Malhotra and Ankit Joshi.,P0189;P0395,L021
F00771,2026-08-28,Investigators noted repeated interaction between Vikram Sethi and Suresh Shah.,P0040;P0379,L071
F00772,2026-02-28,A vehicle associated with Rahul Agrawal was observed near Location-002.,P0430;P0009,L008
F00773,2026-01-26,A vehicle associated with Vikram Jain was observed near Location-073.,P0164;P0499,L032
F00774,2026-07-16,Aman Das was reported in contact with Dev Gupta near Location-040.,P0028;P0194,L003
F00775,2026-03-26,Aman Malhotra and Karan Jain were mentioned together in an incident report.,P0085;P0383,L080
F00776,2026-04-09,Sameer Agrawal was linked to Rahul Rao through a recorded financial event.,P0029;P0408,L001
F00777,2026-03-12,Investigators noted repeated interaction between Aakash Sethi and Rahul Jain.,P0052;P0011,L002
F00778,2026-06-19,Karan Shah was linked to Arjun Joshi through a recorded financial event.,P0067;P0063,L028
F00779,2026-05-07,Sameer Agrawal was reported in contact with Suresh Das near Location-056.,P0029;P0325,L066
F00780,2026-04-12,Sameer Jain was reported in contact with Suresh Mehta near Location-080.,P0326;P0076,L025
F00781,2026-02-17,Rohan Malhotra was reported in contact with Vikram Singh near Location-035.,P0402;P0303,L062
F00782,2026-04-08,A vehicle associated with Vivek Mishra was observed near Location-035.,P0074;P0240,L011
F00783,2026-04-14,Suresh Chauhan was reported in contact with Aakash Agrawal near Location-056.,P0239;P0177,L026
F00784,2026-07-21,Ravi Agrawal and Rahul Tiwari were mentioned together in an incident report.,P0438;P0060,L078
F00785,2026-02-24,Vikram Bansal and Dev Sethi were mentioned together in an incident report.,P0410;P0179,L059
F00786,2026-06-11,Aman Jain was linked to Manish Malhotra through a recorded financial event.,P0282;P0031,L064
F00787,2026-07-06,Neeraj Verma was reported in contact with Mohit Das near Location-034.,P0202;P0121,L048
F00788,2026-01-21,Dev Bansal and Ravi Malhotra were mentioned together in an incident report.,P0115;P0057,L023
F00789,2026-04-02,A vehicle associated with Dev Mehta was observed near Location-058.,P0358;P0108,L035
F00790,2026-02-22,Dev Malhotra and Rahul Bansal were mentioned together in an incident report.,P0189;P0366,L017
F00791,2026-01-24,Investigators noted repeated interaction between Aakash Nair and Aakash Mishra.,P0315;P0481,L032
F00792,2026-06-09,Arjun Chauhan was reported in contact with Pankaj Verma near Location-073.,P0244;P0246,L020
F00793,2026-08-21,Vikram Jain was reported in contact with Nitin Khan near Location-029.,P0164;P0401,L004
F00794,2026-08-06,Investigators noted repeated interaction between Aman Tiwari and Karan Shah.,P0489;P0067,L013
F00795,2026-08-24,Aakash Mishra was linked to Aakash Malhotra through a recorded financial event.,P0481;P0424,L020
F00796,2026-03-25,Ankit Jain was linked to Mohit Malhotra through a recorded financial event.,P0277;P0399,L050
F00797,2026-02-24,A vehicle associated with Neeraj Mishra was observed near Location-007.,P0175;P0005,L022
F00798,2026-04-14,Varun Mishra and Pankaj Nair were mentioned together in an incident report.,P0478;P0107,L054
F00799,2026-07-16,Arjun Malhotra was linked to Vikram Jain through a recorded financial event.,P0081;P0164,L015
F00800,2026-04-19,A vehicle associated with Aman Jain was observed near Location-027.,P0282;P0500,L043
F00801,2026-06-11,Suresh Chauhan was reported in contact with Arjun Khan near Location-019.,P0102;P0003,L073
F00802,2026-04-04,A vehicle associated with Dev Sethi was observed near Location-020.,P0179;P0096,L044
F00803,2026-06-23,Vivek Shah was reported in contact with Vivek Chauhan near Location-011.,P0306;P0363,L012
F00804,2026-08-26,Rahul Verma was reported in contact with Varun Sethi near Location-043.,P0279;P0374,L073
F00805,2026-02-02,A vehicle associated with Aakash Das was observed near Location-017.,P0247;P0403,L072
F00806,2026-08-01,Vikram Das was linked to Vikram Joshi through a recorded financial event.,P0297;P0058,L067
F00807,2026-01-02,Vivek Mishra was reported in contact with Arjun Khan near Location-043.,P0308;P0287,L029
F00808,2026-02-24,Aditya Rao was reported in contact with Karan Nair near Location-079.,P0271;P0281,L029
F00809,2026-07-01,A vehicle associated with Aman Joshi was observed near Location-005.,P0066;P0458,L073
F00810,2026-08-09,A vehicle associated with Vikram Sethi was observed near Location-025.,P0203;P0015,L073
F00811,2026-07-19,A vehicle associated with Suresh Yadav was observed near Location-010.,P0491;P0206,L001
F00812,2026-08-20,Aditya Sethi was reported in contact with Aakash Mishra near Location-065.,P0231;P0068,L032
F00813,2026-07-20,Investigators noted repeated interaction between Varun Agrawal and Ravi Sethi.,P0356;P0147,L001
F00814,2026-03-07,Rohan Joshi was reported in contact with Vikram Das near Location-015.,P0328;P0297,L011
F00815,2026-01-09,Investigators noted repeated interaction between Arjun Singh and Dev Singh.,P0296;P0391,L035
F00816,2026-08-19,Rahul Agrawal was reported in contact with Nitin Joshi near Location-001.,P0439;P0207,L011
F00817,2026-03-07,Ravi Gupta was linked to Rohan Khan through a recorded financial event.,P0451;P0310,L043
F00818,2026-03-16,Vikram Patel was reported in contact with Aakash Shah near Location-021.,P0318;P0355,L027
F00819,2026-08-17,Manish Tiwari and Karan Gupta were mentioned together in an incident report.,P0486;P0342,L005
F00820,2026-05-09,Dev Das was reported in contact with Aditya Chauhan near Location-006.,P0169;P0166,L029
F00821,2026-07-16,Neeraj Joshi was reported in contact with Ankit Das near Location-014.,P0002;P0051,L004
F00822,2026-02-02,A vehicle associated with Sameer Agrawal was observed near Location-014.,P0404;P0177,L061
F00823,2026-06-25,A vehicle associated with Rahul Agrawal was observed near Location-042.,P0161;P0126,L038
F00824,2026-07-12,A vehicle associated with Pankaj Tiwari was observed near Location-022.,P0350;P0452,L027
F00825,2026-06-18,Dev Sethi and Ravi Chauhan were mentioned together in an incident report.,P0476;P0393,L034
F00826,2026-03-13,Karan Mehta was linked to Vikram Das through a recorded financial event.,P0311;P0050,L040
F00827,2026-05-25,Varun Chauhan was reported in contact with Pankaj Agrawal near Location-073.,P0094;P0157,L067
F00828,2026-02-17,Investigators noted repeated interaction between Suresh Verma and Rahul Agrawal.,P0172;P0439,L079
F00829,2026-06-09,Vivek Verma and Ravi Gupta were mentioned together in an incident report.,P0151;P0426,L057
F00830,2026-04-21,Dev Bansal was linked to Aakash Khan through a recorded financial event.,P0115;P0421,L002
F00831,2026-03-16,Ravi Mehta was reported in contact with Aakash Bansal near Location-055.,P0043;P0495,L078
F00832,2026-03-17,Investigators noted repeated interaction between Vikram Nair and Rohan Shah.,P0073;P0153,L011
F00833,2026-08-04,Sameer Verma was reported in contact with Sameer Rao near Location-042.,P0034;P0423,L054
F00834,2026-03-25,A vehicle associated with Vivek Patel was observed near Location-017.,P0273;P0291,L016
F00835,2026-05-13,Nitin Nair was reported in contact with Vikram Sethi near Location-015.,P0459;P0250,L060
F00836,2026-06-25,Ravi Mehta was reported in contact with Arjun Agrawal near Location-005.,P0163;P0108,L063
F00837,2026-01-27,Investigators noted repeated interaction between Karan Nair and Ravi Chauhan.,P0030;P0170,L014
F00838,2026-08-27,A vehicle associated with Vivek Verma was observed near Location-003.,P0141;P0126,L051
F00839,2026-02-22,Rahul Das was linked to Ravi Malhotra through a recorded financial event.,P0232;P0335,L066
F00840,2026-05-05,Aman Joshi was reported in contact with Vivek Verma near Location-036.,P0066;P0141,L069
F00841,2026-01-02,A vehicle associated with Suresh Singh was observed near Location-033.,P0116;P0066,L078
F00842,2026-05-05,Ravi Chauhan was reported in contact with Sameer Yadav near Location-011.,P0170;P0137,L077
F00843,2026-07-10,Investigators noted repeated interaction between Manish Tiwari and Karan Mehta.,P0240;P0311,L018
F00844,2026-02-07,A vehicle associated with Manish Sethi was observed near Location-030.,P0211;P0128,L021
F00845,2026-03-21,Karan Khan was reported in contact with Arjun Patel near Location-024.,P0183;P0213,L060
F00846,2026-06-12,Vivek Verma was reported in contact with Ravi Mehta near Location-040.,P0141;P0043,L013
F00847,2026-08-15,Vikram Agrawal was linked to Aditya Das through a recorded financial event.,P0223;P0472,L020
F00848,2026-07-19,Nitin Jain was reported in contact with Aditya Rao near Location-052.,P0314;P0036,L029
F00849,2026-07-03,Pankaj Khan was linked to Pankaj Khan through a recorded financial event.,P0477;P0442,L059
F00850,2026-08-21,Dev Shah and Ravi Jain were mentioned together in an incident report.,P0450;P0159,L065
F00851,2026-06-24,Ravi Khan was linked to Sameer Agrawal through a recorded financial event.,P0096;P0029,L020
F00852,2026-01-09,Investigators noted repeated interaction between Manish Malhotra and Aakash Patel.,P0031;P0256,L050
F00853,2026-02-11,Investigators noted repeated interaction between Vivek Verma and Vivek Patel.,P0141;P0273,L027
F00854,2026-07-07,Investigators noted repeated interaction between Nitin Sethi and Manish Malhotra.,P0389;P0031,L015
F00855,2026-02-23,Vikram Sethi was linked to Neeraj Tiwari through a recorded financial event.,P0250;P0499,L053
F00856,2026-03-04,Neeraj Mehta was reported in contact with Manish Gupta near Location-029.,P0235;P0130,L070
F00857,2026-07-15,Aditya Jain and Mohit Gupta were mentioned together in an incident report.,P0093;P0236,L029
F00858,2026-04-21,Neeraj Tiwari and Sameer Sethi were mentioned together in an incident report.,P0499;P0152,L014
F00859,2026-02-27,Pankaj Verma and Suresh Bansal were mentioned together in an incident report.,P0246;P0409,L055
F00860,2026-07-01,Ravi Malhotra and Mohit Nair were mentioned together in an incident report.,P0335;P0129,L078
F00861,2026-06-09,Investigators noted repeated interaction between Dev Khan and Dev Shah.,P0475;P0056,L014
F00862,2026-02-22,Investigators noted repeated interaction between Rahul Patel and Rahul Mehta.,P0192;P0233,L034
F00863,2026-04-09,A vehicle associated with Arjun Nair was observed near Location-072.,P0387;P0078,L018
F00864,2026-08-17,Ankit Das was reported in contact with Karan Nair near Location-022.,P0359;P0281,L065
F00865,2026-06-28,A vehicle associated with Aman Bansal was observed near Location-020.,P0217;P0065,L030
F00866,2026-02-08,A vehicle associated with Ravi Agrawal was observed near Location-023.,P0438;P0142,L020
F00867,2026-08-23,Manish Agrawal was linked to Aditya Patel through a recorded financial event.,P0364;P0286,L075
F00868,2026-03-11,A vehicle associated with Vivek Patel was observed near Location-064.,P0338;P0462,L073
F00869,2026-01-20,Investigators noted repeated interaction between Aakash Shah and Neeraj Agrawal.,P0471;P0288,L074
F00870,2026-05-16,Suresh Singh was linked to Vivek Chauhan through a recorded financial event.,P0403;P0363,L046
F00871,2026-04-10,Vikram Tiwari was linked to Rahul Patel through a recorded financial event.,P0280;P0192,L034
F00872,2026-02-20,Rahul Gupta was reported in contact with Dev Tiwari near Location-066.,P0123;P0078,L033
F00873,2026-06-03,Aditya Bansal and Mohit Agrawal were mentioned together in an incident report.,P0346;P0008,L057
F00874,2026-08-03,Rahul Mehta was reported in contact with Aakash Shah near Location-003.,P0233;P0304,L045
F00875,2026-05-19,Nitin Sethi was linked to Dev Malhotra through a recorded financial event.,P0389;P0145,L041
F00876,2026-03-08,Investigators noted repeated interaction between Aman Das and Aman Bansal.,P0028;P0191,L056
F00877,2026-03-28,Investigators noted repeated interaction between Aditya Mehta and Mohit Agrawal.,P0344;P0008,L056
F00878,2026-07-17,Suresh Chauhan was reported in contact with Rohan Das near Location-037.,P0117;P0228,L042
F00879,2026-06-26,Investigators noted repeated interaction between Neeraj Malhotra and Aman Mishra.,P0292;P0224,L018
F00880,2026-03-10,Investigators noted repeated interaction between Aditya Verma and Aakash Khan.,P0416;P0035,L069
F00881,2026-06-09,Investigators noted repeated interaction between Nitin Jain and Ravi Chauhan.,P0314;P0170,L055
F00882,2026-08-22,Dev Malhotra was linked to Arjun Bansal through a recorded financial event.,P0145;P0110,L077
F00883,2026-01-09,Nitin Shah was reported in contact with Arjun Khan near Location-057.,P0112;P0003,L051
F00884,2026-03-05,Neeraj Das and Aakash Mehta were mentioned together in an incident report.,P0210;P0214,L053
F00885,2026-08-04,Aditya Chauhan and Dev Jain were mentioned together in an incident report.,P0377;P0053,L026
F00886,2026-03-01,Ravi Gupta and Nitin Verma were mentioned together in an incident report.,P0451;P0452,L051
F00887,2026-02-20,Neeraj Das was linked to Manish Agrawal through a recorded financial event.,P0138;P0364,L011
F00888,2026-07-14,Manish Agrawal was reported in contact with Karan Yadav near Location-058.,P0372;P0390,L073
F00889,2026-02-23,Mohit Patel was linked to Ravi Mehta through a recorded financial event.,P0118;P0163,L003
F00890,2026-05-24,Aman Sethi was reported in contact with Mohit Rao near Location-012.,P0443;P0083,L004
F00891,2026-06-26,Dev Shah and Manish Malhotra were mentioned together in an incident report.,P0450;P0302,L069
F00892,2026-04-08,A vehicle associated with Dev Jain was observed near Location-063.,P0053;P0206,L077
F00893,2026-05-20,Rohan Patel was reported in contact with Dev Rao near Location-059.,P0353;P0300,L067
F00894,2026-03-16,A vehicle associated with Arjun Singh was observed near Location-053.,P0100;P0164,L061
F00895,2026-04-05,Varun Bansal was reported in contact with Arjun Bansal near Location-052.,P0025;P0110,L065
F00896,2026-03-11,Nitin Malhotra and Ankit Gupta were mentioned together in an incident report.,P0259;P0413,L060
F00897,2026-06-22,Investigators noted repeated interaction between Vikram Chauhan and Arjun Shah.,P0219;P0445,L024
F00898,2026-08-23,Investigators noted repeated interaction between Pankaj Nair and Sameer Yadav.,P0208;P0137,L076
F00899,2026-06-10,A vehicle associated with Varun Joshi was observed near Location-044.,P0252;P0376,L017
F00900,2026-02-14,Aakash Sethi was reported in contact with Pankaj Jain near Location-059.,P0052;P0483,L068
F00901,2026-03-28,Sameer Yadav and Karan Jain were mentioned together in an incident report.,P0137;P0365,L049
F00902,2026-05-21,Nitin Shah was linked to Aditya Das through a recorded financial event.,P0112;P0472,L041
F00903,2026-04-28,Ravi Chauhan and Aakash Nair were mentioned together in an incident report.,P0418;P0315,L060
F00904,2026-01-09,Rahul Jain was linked to Suresh Singh through a recorded financial event.,P0187;P0403,L078
F00905,2026-05-04,Dev Yadav was reported in contact with Neeraj Chauhan near Location-016.,P0324;P0173,L002
F00906,2026-08-27,Suresh Shah was linked to Manish Agrawal through a recorded financial event.,P0041;P0004,L022
F00907,2026-05-15,Mohit Verma and Ankit Mishra were mentioned together in an incident report.,P0193;P0293,L013
F00908,2026-03-28,Pankaj Shah was linked to Neeraj Sethi through a recorded financial event.,P0103;P0253,L049
F00909,2026-06-25,Investigators noted repeated interaction between Sameer Rao and Aakash Shah.,P0423;P0355,L079
F00910,2026-08-23,A vehicle associated with Ankit Rao was observed near Location-068.,P0261;P0037,L001
F00911,2026-04-23,Investigators noted repeated interaction between Ravi Jain and Vikram Das.,P0098;P0297,L014
F00912,2026-08-02,Ankit Chauhan and Sameer Malhotra were mentioned together in an incident report.,P0397;P0095,L064
F00913,2026-08-14,Vikram Jain was linked to Sameer Shah through a recorded financial event.,P0180;P0049,L064
F00914,2026-07-16,A vehicle associated with Ravi Jain was observed near Location-008.,P0159;P0031,L033
F00915,2026-08-08,Suresh Gupta was reported in contact with Sameer Shah near Location-054.,P0375;P0049,L012
F00916,2026-01-27,Aditya Shah and Pankaj Singh were mentioned together in an incident report.,P0299;P0473,L035
F00917,2026-03-28,Suresh Jain was linked to Dev Sethi through a recorded financial event.,P0460;P0476,L044
F00918,2026-03-18,Mohit Singh was reported in contact with Pankaj Mehta near Location-054.,P0186;P0198,L022
F00919,2026-03-18,Nitin Sethi was reported in contact with Pankaj Mishra near Location-039.,P0389;P0500,L058
F00920,2026-05-02,Investigators noted repeated interaction between Suresh Gupta and Neeraj Singh.,P0375;P0485,L049
F00921,2026-08-02,Nitin Bansal was linked to Aakash Patel through a recorded financial event.,P0160;P0256,L033
F00922,2026-01-16,Investigators noted repeated interaction between Ankit Malhotra and Varun Agrawal.,P0149;P0294,L025
F00923,2026-06-21,Investigators noted repeated interaction between Vikram Mehta and Dev Bansal.,P0488;P0009,L069
F00924,2026-03-24,A vehicle associated with Aditya Jain was observed near Location-033.,P0255;P0301,L002
F00925,2026-05-22,Ankit Patel was reported in contact with Rahul Tiwari near Location-004.,P0184;P0024,L028
F00926,2026-01-27,Investigators noted repeated interaction between Aman Chauhan and Neeraj Chauhan.,P0200;P0173,L063
F00927,2026-03-06,Neeraj Chauhan and Karan Agrawal were mentioned together in an incident report.,P0173;P0143,L028
F00928,2026-07-25,Sameer Verma was reported in contact with Vivek Tiwari near Location-056.,P0109;P0441,L076
F00929,2026-03-19,Investigators noted repeated interaction between Mohit Nair and Suresh Yadav.,P0129;P0099,L055
F00930,2026-02-28,A vehicle associated with Vikram Das was observed near Location-029.,P0297;P0353,L043
F00931,2026-07-03,Karan Shah and Varun Agrawal were mentioned together in an incident report.,P0067;P0294,L058
F00932,2026-06-27,Karan Shah was linked to Pankaj Singh through a recorded financial event.,P0321;P0019,L035
F00933,2026-03-14,Rahul Verma was linked to Aditya Chauhan through a recorded financial event.,P0279;P0377,L035
F00934,2026-05-03,Rohan Khan was linked to Vikram Bansal through a recorded financial event.,P0310;P0410,L024
F00935,2026-03-10,Investigators noted repeated interaction between Ankit Verma and Vivek Malhotra.,P0190;P0456,L055
F00936,2026-05-11,A vehicle associated with Suresh Patel was observed near Location-005.,P0105;P0110,L069
F00937,2026-05-07,Aakash Shah was reported in contact with Varun Sethi near Location-037.,P0355;P0374,L006
F00938,2026-07-28,A vehicle associated with Ankit Agrawal was observed near Location-038.,P0260;P0293,L053
F00939,2026-01-11,Investigators noted repeated interaction between Nitin Tiwari and Manish Agrawal.,P0216;P0364,L040
F00940,2026-07-04,Neeraj Rao was linked to Manish Patel through a recorded financial event.,P0352;P0243,L029
F00941,2026-06-16,Investigators noted repeated interaction between Pankaj Mishra and Mohit Patel.,P0385;P0354,L007
F00942,2026-01-05,Pankaj Bansal was reported in contact with Nitin Das near Location-029.,P0242;P0064,L066
F00943,2026-08-23,A vehicle associated with Pankaj Verma was observed near Location-041.,P0246;P0272,L018
F00944,2026-07-19,Sameer Singh was reported in contact with Sameer Yadav near Location-040.,P0371;P0137,L044
F00945,2026-08-03,Suresh Yadav was reported in contact with Aakash Mehta near Location-048.,P0099;P0449,L060
F00946,2026-03-05,Nitin Das was linked to Pankaj Yadav through a recorded financial event.,P0064;P0444,L010
F00947,2026-03-08,Investigators noted repeated interaction between Ravi Bansal and Aman Malhotra.,P0479;P0127,L049
F00948,2026-01-01,A vehicle associated with Sameer Singh was observed near Location-027.,P0371;P0036,L006
F00949,2026-05-01,Aditya Patel and Vivek Das were mentioned together in an incident report.,P0392;P0054,L067
F00950,2026-06-01,Ravi Das and Mohit Patel were mentioned together in an incident report.,P0327;P0354,L028
F00951,2026-01-12,Investigators noted repeated interaction between Suresh Patel and Aditya Nair.,P0105;P0131,L059
F00952,2026-05-04,Investigators noted repeated interaction between Pankaj Mishra and Dev Singh.,P0455;P0230,L037
F00953,2026-07-20,A vehicle associated with Manish Malhotra was observed near Location-023.,P0031;P0485,L045
F00954,2026-05-17,Arjun Verma was reported in contact with Ankit Gupta near Location-023.,P0218;P0413,L037
F00955,2026-01-05,Ankit Joshi was reported in contact with Karan Gupta near Location-051.,P0361;P0329,L068
F00956,2026-05-07,Mohit Joshi was linked to Sameer Gupta through a recorded financial event.,P0262;P0077,L061
F00957,2026-02-17,Dev Das was reported in contact with Rahul Agrawal near Location-017.,P0241;P0439,L027
F00958,2026-06-03,Dev Yadav was linked to Aditya Das through a recorded financial event.,P0324;P0472,L062
F00959,2026-08-06,Rahul Agrawal was reported in contact with Ravi Malhotra near Location-031.,P0161;P0335,L003
F00960,2026-02-18,Arjun Agrawal was linked to Dev Nair through a recorded financial event.,P0133;P0257,L020
F00961,2026-03-25,Aman Das was reported in contact with Ravi Chauhan near Location-036.,P0028;P0393,L077
F00962,2026-01-14,Aditya Chauhan and Aakash Malhotra were mentioned together in an incident report.,P0377;P0424,L076
F00963,2026-02-26,A vehicle associated with Aakash Patel was observed near Location-031.,P0285;P0331,L033
F00964,2026-07-28,Varun Bansal and Dev Bansal were mentioned together in an incident report.,P0360;P0331,L072
F00965,2026-02-10,A vehicle associated with Karan Gupta was observed near Location-055.,P0329;P0392,L053
F00966,2026-05-24,Vikram Mehta was reported in contact with Aakash Patel near Location-063.,P0488;P0285,L011
F00967,2026-07-23,Neeraj Tiwari was reported in contact with Vikram Das near Location-047.,P0414;P0050,L054
F00968,2026-03-25,A vehicle associated with Aditya Shah was observed near Location-041.,P0299;P0174,L011
F00969,2026-05-27,A vehicle associated with Nitin Sethi was observed near Location-014.,P0275;P0051,L051
F00970,2026-01-15,Mohit Nair was linked to Mohit Mishra through a recorded financial event.,P0129;P0337,L069
F00971,2026-01-16,Aakash Das was linked to Ravi Sethi through a recorded financial event.,P0446;P0276,L007
F00972,2026-01-19,A vehicle associated with Pankaj Sethi was observed near Location-064.,P0407;P0238,L072
F00973,2026-03-06,A vehicle associated with Aman Singh was observed near Location-080.,P0480;P0122,L068
F00974,2026-02-28,A vehicle associated with Varun Joshi was observed near Location-001.,P0075;P0062,L045
F00975,2026-05-04,Dev Sethi and Sameer Gupta were mentioned together in an incident report.,P0476;P0077,L059
F00976,2026-04-05,Manish Agrawal was linked to Ankit Joshi through a recorded financial event.,P0364;P0361,L021
F00977,2026-08-20,Investigators noted repeated interaction between Ravi Chauhan and Dev Singh.,P0170;P0230,L012
F00978,2026-05-04,Investigators noted repeated interaction between Dev Yadav and Neeraj Sethi.,P0264;P0182,L077
F00979,2026-03-01,A vehicle associated with Rahul Mehta was observed near Location-064.,P0233;P0357,L028
F00980,2026-05-19,Vikram Sethi was reported in contact with Vikram Singh near Location-062.,P0203;P0007,L067
F00981,2026-05-25,Investigators noted repeated interaction between Rahul Mehta and Rohan Joshi.,P0233;P0020,L036
F00982,2026-07-22,Investigators noted repeated interaction between Rahul Patel and Manish Patel.,P0192;P0243,L028
F00983,2026-04-22,Suresh Nair was reported in contact with Aakash Malhotra near Location-037.,P0061;P0384,L013
F00984,2026-04-06,Karan Jain was linked to Ankit Verma through a recorded financial event.,P0365;P0313,L023
F00985,2026-08-25,Suresh Gupta and Suresh Chauhan were mentioned together in an incident report.,P0375;P0117,L069
F00986,2026-06-01,Pankaj Singh was reported in contact with Manish Verma near Location-006.,P0019;P0422,L055
F00987,2026-07-07,Investigators noted repeated interaction between Vikram Gupta and Vivek Rao.,P0225;P0059,L050
F00988,2026-01-26,Investigators noted repeated interaction between Vivek Patel and Arjun Singh.,P0273;P0357,L009
F00989,2026-08-25,Pankaj Singh was linked to Vikram Das through a recorded financial event.,P0019;P0297,L027
F00990,2026-01-09,Arjun Das was linked to Karan Bansal through a recorded financial event.,P0135;P0274,L047
F00991,2026-04-05,Investigators noted repeated interaction between Neeraj Rao and Rahul Jain.,P0006;P0454,L053
F00992,2026-06-14,Suresh Das was reported in contact with Vikram Sethi near Location-026.,P0325;P0203,L020
F00993,2026-03-05,Investigators noted repeated interaction between Vikram Yadav and Karan Khan.,P0351;P0183,L027
F00994,2026-05-10,Pankaj Agrawal was reported in contact with Karan Agrawal near Location-075.,P0245;P0013,L021
F00995,2026-05-11,Mohit Joshi was linked to Arjun Khan through a recorded financial event.,P0340;P0333,L070
F00996,2026-01-10,Investigators noted repeated interaction between Nitin Nair and Sameer Verma.,P0459;P0109,L077
F00997,2026-02-07,Rahul Das was linked to Karan Yadav through a recorded financial event.,P0199;P0390,L027
F00998,2026-03-13,Investigators noted repeated interaction between Rahul Mehta and Pankaj Mishra.,P0005;P0455,L018
F00999,2026-06-02,Investigators noted repeated interaction between Varun Nair and Suresh Mehta.,P0305;P0076,L038
F01000,2026-03-27,Ankit Patel was linked to Aman Khan through a recorded financial event.,P0184;P0120,L039
