movement_id,vehicle_id,location_id,timestamp
M00001,V0010,L008,2026-05-28 21:08
M00002,V0177,L078,2026-08-14 10:31
M00003,V0048,L024,2026-06-09 09:55
M00004,V0180,L070,2026-05-26 14:36
M00005,V0341,L046,2026-02-20 12:04
M00006,V0131,L074,2026-01-28 02:53
M00007,V0338,L034,2026-01-23 18:01
M00008,V0172,L039,2026-05-10 18:27
M00009,V0088,L048,2026-03-27 03:26
M00010,V0179,L032,2026-08-27 23:13
M00011,V0299,L007,2026-08-13 12:47
M00012,V0206,L063,2026-06-23 04:54
M00013,V0132,L039,2026-03-01 07:06
M00014,V0165,L062,2026-08-01 12:58
M00015,V0178,L072,2026-02-04 04:17
M00016,V0189,L008,2026-08-15 17:14
M00017,V0224,L029,2026-06-02 21:51
M00018,V0320,L054,2026-01-28 03:36
M00019,V0072,L019,2026-08-04 13:26
M00020,V0088,L027,2026-04-12 05:57
M00021,V0215,L001,2026-02-15 20:28
M00022,V0089,L054,2026-06-11 16:04
M00023,V0105,L017,2026-07-04 06:21
M00024,V0336,L034,2026-03-27 14:58
M00025,V0003,L011,2026-03-07 06:41
M00026,V0068,L008,2026-01-06 10:55
M00027,V0115,L006,2026-05-27 23:25
M00028,V0242,L040,2026-01-25 14:06
M00029,V0279,L048,2026-04-08 03:48
M00030,V0040,L044,2026-07-10 22:32
M00031,V0113,L042,2026-07-06 23:35
M00032,V0236,L044,2026-04-22 03:49
M00033,V0261,L034,2026-04-08 12:18
M00034,V0289,L020,2026-02-12 04:52
M00035,V0301,L054,2026-05-12 16:29
M00036,V0033,L049,2026-07-07 20:39
M00037,V0108,L007,2026-04-05 05:06
M00038,V0223,L071,2026-01-15 00:06
M00039,V0263,L020,2026-02-27 22:52
M00040,V0172,L044,2026-08-09 21:05
M00041,V0069,L048,2026-02-06 03:34
M00042,V0280,L025,2026-04-10 00:54
M00043,V0334,L010,2026-08-19 22:04
M00044,V0304,L039,2026-05-23 22:21
M00045,V0323,L047,2026-08-14 23:24
M00046,V0298,L049,2026-03-12 06:26
M00047,V0232,L014,2026-02-16 03:47
M00048,V0070,L006,2026-04-10 11:44
M00049,V0246,L035,2026-02-21 14:21
M00050,V0195,L045,2026-03-07 00:03
M00051,V0067,L024,2026-05-06 04:14
M00052,V0231,L012,2026-07-13 09:14
M00053,V0112,L025,2026-06-03 19:39
M00054,V0318,L058,2026-03-03 02:04
M00055,V0163,L018,2026-03-15 00:53
M00056,V0316,L075,2026-04-24 01:26
M00057,V0242,L055,2026-05-05 01:40
M00058,V0060,L012,2026-08-25 22:55
M00059,V0126,L010,2026-01-03 01:39
M00060,V0059,L004,2026-05-13 01:03
M00061,V0170,L024,2026-01-10 18:21
M00062,V0199,L054,2026-07-23 11:05
M00063,V0011,L026,2026-06-07 15:43
M00064,V0325,L024,2026-03-15 22:49
M00065,V0272,L030,2026-03-24 19:00
M00066,V0086,L044,2026-04-06 09:17
M00067,V0271,L070,2026-01-16 13:38
M00068,V0224,L046,2026-08-16 12:20
M00069,V0160,L028,2026-06-20 05:35
M00070,V0291,L013,2026-05-14 07:48
M00071,V0038,L022,2026-05-11 21:15
M00072,V0133,L059,2026-05-19 22:43
M00073,V0034,L010,2026-07-02 23:32
M00074,V0136,L060,2026-02-18 05:09
M00075,V0084,L028,2026-05-22 08:40
M00076,V0294,L038,2026-05-15 21:50
M00077,V0155,L069,2026-05-17 11:50
M00078,V0341,L051,2026-05-10 10:05
M00079,V0135,L023,2026-02-21 11:29
M00080,V0072,L080,2026-02-09 04:24
M00081,V0029,L062,2026-02-08 06:50
M00082,V0297,L011,2026-05-08 17:08
M00083,V0226,L052,2026-05-22 12:07
M00084,V0068,L028,2026-06-11 08:23
M00085,V0327,L019,2026-06-24 18:49
M00086,V0058,L027,2026-08-06 00:52
M00087,V0212,L060,2026-08-21 21:13
M00088,V0031,L080,2026-08-18 00:15
M00089,V0314,L079,2026-04-09 12:35
M00090,V0203,L021,2026-01-23 15:21
M00091,V0109,L073,2026-02-27 19:05
M00092,V0338,L075,2026-04-18 05:33
M00093,V0289,L011,2026-04-24 10:00
M00094,V0227,L031,2026-05-18 20:20
M00095,V0174,L002,2026-06-02 12:32
M00096,V0061,L045,2026-02-22 02:16
M00097,V0213,L018,2026-08-17 10:25
M00098,V0325,L053,2026-03-03 15:59
M00099,V0202,L021,2026-08-23 05:19
M00100,V0118,L065,2026-02-10 08:55
M00101,V0186,L053,2026-06-03 22:54
M00102,V0138,L076,2026-08-11 06:41
M00103,V0018,L009,2026-05-09 12:47
M00104,V0109,L032,2026-05-11 10:18
M00105,V0171,L001,2026-02-05 20:09
M00106,V0072,L010,2026-05-18 03:13
M00107,V0041,L017,2026-01-12 19:15
M00108,V0029,L071,2026-04-01 18:44
M00109,V0078,L024,2026-03-23 01:10
M00110,V0159,L009,2026-08-14 13:58
M00111,V0304,L057,2026-01-27 21:25
M00112,V0272,L026,2026-03-18 05:24
M00113,V0210,L058,2026-05-02 21:59
M00114,V0010,L001,2026-08-16 07:20
M00115,V0151,L075,2026-07-06 11:42
M00116,V0307,L045,2026-01-24 03:09
M00117,V0047,L028,2026-06-11 06:03
M00118,V0061,L021,2026-06-08 08:43
M00119,V0102,L056,2026-05-13 13:37
M00120,V0114,L060,2026-01-14 15:40
M00121,V0169,L056,2026-05-10 00:13
M00122,V0323,L012,2026-05-17 05:11
M00123,V0062,L010,2026-05-26 10:48
M00124,V0253,L024,2026-01-28 11:23
M00125,V0164,L030,2026-03-04 12:51
M00126,V0333,L071,2026-06-27 11:20
M00127,V0001,L020,2026-07-27 19:18
M00128,V0189,L002,2026-06-17 06:46
M00129,V0201,L007,2026-08-06 04:35
M00130,V0258,L037,2026-04-19 04:50
M00131,V0273,L072,2026-07-13 16:37
M00132,V0271,L002,2026-02-01 12:40
M00133,V0348,L044,2026-03-17 11:18
M00134,V0160,L026,2026-01-11 05:42
M00135,V0109,L055,2026-02-09 03:27
M00136,V0120,L057,2026-01-15 20:10
M00137,V0255,L034,2026-03-01 01:55
M00138,V0338,L045,2026-01-06 20:39
M00139,V0151,L001,2026-08-19 19:14
M00140,V0309,L057,2026-08-24 17:32
M00141,V0043,L007,2026-05-17 11:37
M00142,V0052,L045,2026-01-24 11:55
M00143,V0136,L022,2026-05-18 14:33
M00144,V0145,L006,2026-05-04 09:31
M00145,V0054,L034,2026-01-22 16:55
M00146,V0266,L060,2026-08-27 18:48
M00147,V0179,L010,2026-06-23 12:39
M00148,V0302,L021,2026-03-19 03:59
M00149,V0331,L026,2026-08-21 18:02
M00150,V0322,L009,2026-07-18 16:18
M00151,V0346,L002,2026-05-23 15:54
M00152,V0207,L031,2026-04-01 19:44
M00153,V0298,L040,2026-08-25 20:38
M00154,V0052,L040,2026-02-11 20:51
M00155,V0296,L024,2026-05-05 14:56
M00156,V0195,L063,2026-08-09 03:27
M00157,V0173,L031,2026-08-09 13:47
M00158,V0193,L057,2026-06-27 13:13
M00159,V0227,L013,2026-07-10 07:25
M00160,V0035,L015,2026-02-13 16:23
M00161,V0301,L048,2026-03-10 02:57
M00162,V0254,L016,2026-07-17 15:19
M00163,V0252,L071,2026-03-11 13:40
M00164,V0127,L035,2026-04-06 10:05
M00165,V0006,L016,2026-02-01 05:42
M00166,V0286,L067,2026-04-23 03:50
M00167,V0138,L074,2026-02-09 02:03
M00168,V0044,L012,2026-03-02 02:41
M00169,V0233,L040,2026-08-09 22:35
M00170,V0048,L041,2026-08-19 13:06
M00171,V0302,L036,2026-03-07 16:03
M00172,V0096,L009,2026-03-09 10:51
M00173,V0276,L020,2026-05-28 15:47
M00174,V0005,L066,2026-01-24 15:02
M00175,V0300,L024,2026-08-17 20:50
M00176,V0186,L058,2026-05-24 06:26
M00177,V0148,L021,2026-06-09 05:43
M00178,V0159,L060,2026-01-06 12:39
M00179,V0056,L041,2026-05-13 12:27
M00180,V0311,L017,2026-01-16 22:11
M00181,V0293,L059,2026-03-05 07:44
M00182,V0060,L067,2026-08-01 16:56
M00183,V0211,L031,2026-04-27 09:48
M00184,V0142,L045,2026-04-19 14:23
M00185,V0024,L071,2026-03-19 20:01
M00186,V0103,L066,2026-06-13 22:54
M00187,V0305,L065,2026-01-05 17:19
M00188,V0143,L001,2026-03-15 16:12
M00189,V0215,L017,2026-07-18 22:58
M00190,V0142,L080,2026-05-04 21:56
M00191,V0348,L038,2026-08-20 01:16
M00192,V0147,L059,2026-06-03 11:15
M00193,V0252,L078,2026-03-13 20:01
M00194,V0221,L003,2026-03-08 21:33
M00195,V0076,L002,2026-01-01 21:40
M00196,V0089,L077,2026-08-18 00:26
M00197,V0327,L062,2026-03-21 08:27
M00198,V0161,L041,2026-04-01 19:09
M00199,V0077,L024,2026-03-04 04:32
M00200,V0281,L014,2026-07-20 00:13
M00201,V0164,L069,2026-04-25 05:45
M00202,V0077,L030,2026-03-16 04:14
M00203,V0157,L034,2026-03-09 02:57
M00204,V0201,L008,2026-04-18 16:59
M00205,V0330,L011,2026-05-25 17:37
M00206,V0332,L077,2026-05-18 21:10
M00207,V0344,L022,2026-04-22 06:08
M00208,V0091,L065,2026-05-14 12:07
M00209,V0309,L075,2026-08-03 01:32
M00210,V0049,L066,2026-07-07 04:59
M00211,V0057,L031,2026-04-15 22:20
M00212,V0349,L023,2026-02-25 08:22
M00213,V0339,L046,2026-05-09 14:08
M00214,V0080,L062,2026-01-23 01:55
M00215,V0136,L067,2026-08-26 08:49
M00216,V0131,L022,2026-03-22 10:39
M00217,V0350,L058,2026-04-02 06:31
M00218,V0130,L066,2026-06-21 01:33
M00219,V0109,L057,2026-05-28 07:09
M00220,V0026,L007,2026-07-22 00:53
M00221,V0332,L071,2026-04-01 20:29
M00222,V0250,L032,2026-07-24 21:24
M00223,V0248,L047,2026-06-19 16:28
M00224,V0250,L012,2026-06-15 07:14
M00225,V0120,L043,2026-04-17 06:31
M00226,V0302,L005,2026-03-08 17:46
M00227,V0304,L038,2026-01-11 13:38
M00228,V0149,L059,2026-07-25 03:39
M00229,V0087,L060,2026-02-05 23:43
M00230,V0023,L060,2026-07-05 08:34
M00231,V0019,L074,2026-06-06 05:16
M00232,V0337,L018,2026-08-11 13:07
M00233,V0231,L032,2026-08-05 01:05
M00234,V0244,L003,2026-02-04 14:20
M00235,V0327,L043,2026-06-23 12:29
M00236,V0236,L038,2026-08-08 11:07
M00237,V0023,L054,2026-08-23 09:55
M00238,V0153,L034,2026-01-26 22:31
M00239,V0064,L052,2026-08-21 15:33
M00240,V0264,L007,2026-04-01 05:18
M00241,V0295,L018,2026-04-22 21:46
M00242,V0001,L002,2026-04-08 09:07
M00243,V0274,L062,2026-02-25 10:45
M00244,V0161,L003,2026-04-20 20:12
M00245,V0029,L030,2026-01-07 11:17
M00246,V0106,L014,2026-04-15 23:14
M00247,V0056,L020,2026-06-26 22:01
M00248,V0139,L071,2026-02-25 19:34
M00249,V0256,L047,2026-08-08 04:44
M00250,V0091,L075,2026-03-28 15:33
M00251,V0020,L080,2026-03-17 07:56
M00252,V0340,L074,2026-07-07 18:06
M00253,V0323,L005,2026-07-06 00:17
M00254,V0220,L059,2026-07-07 01:49
M00255,V0114,L070,2026-02-28 12:37
M00256,V0035,L074,2026-05-18 12:30
M00257,V0021,L060,2026-07-23 19:34
M00258,V0209,L033,2026-05-27 08:37
M00259,V0033,L016,2026-06-03 01:06
M00260,V0176,L034,2026-03-15 05:20
M00261,V0172,L059,2026-04-01 23:06
M00262,V0259,L006,2026-08-05 10:32
M00263,V0155,L023,2026-04-01 04:10
M00264,V0329,L061,2026-03-16 22:58
M00265,V0191,L021,2026-02-22 11:53
M00266,V0087,L063,2026-03-08 02:55
M00267,V0062,L035,2026-04-10 02:46
M00268,V0198,L050,2026-04-18 05:26
M00269,V0237,L057,2026-06-26 18:28
M00270,V0068,L060,2026-08-15 03:41
M00271,V0293,L066,2026-05-14 00:22
M00272,V0097,L039,2026-07-24 10:40
M00273,V0226,L037,2026-01-20 12:50
M00274,V0276,L030,2026-05-23 20:34
M00275,V0224,L077,2026-08-04 13:44
M00276,V0149,L052,2026-03-20 04:36
M00277,V0048,L064,2026-08-25 06:24
M00278,V0010,L042,2026-04-25 19:00
M00279,V0279,L009,2026-02-26 00:01
M00280,V0017,L062,2026-08-18 07:56
M00281,V0060,L067,2026-03-24 13:13
M00282,V0245,L033,2026-02-19 17:31
M00283,V0348,L007,2026-04-06 05:20
M00284,V0029,L066,2026-02-20 06:14
M00285,V0320,L020,2026-03-16 08:41
M00286,V0150,L048,2026-05-22 22:22
M00287,V0146,L037,2026-08-06 14:33
M00288,V0254,L077,2026-03-10 09:51
M00289,V0225,L059,2026-02-15 09:01
M00290,V0209,L051,2026-07-15 18:49
M00291,V0296,L034,2026-03-28 00:43
M00292,V0193,L016,2026-04-16 13:38
M00293,V0273,L022,2026-04-15 12:05
M00294,V0288,L017,2026-06-24 19:54
M00295,V0105,L004,2026-08-17 15:36
M00296,V0015,L077,2026-02-06 16:04
M00297,V0091,L011,2026-03-13 06:20
M00298,V0285,L015,2026-06-14 15:04
M00299,V0018,L023,2026-07-06 05:45
M00300,V0167,L014,2026-04-07 10:26
M00301,V0067,L065,2026-05-10 07:31
M00302,V0345,L024,2026-03-17 08:01
M00303,V0051,L022,2026-06-23 04:03
M00304,V0023,L034,2026-04-06 01:36
M00305,V0036,L070,2026-03-17 20:07
M00306,V0079,L038,2026-08-20 12:42
M00307,V0215,L056,2026-08-17 06:01
M00308,V0099,L013,2026-08-06 19:47
M00309,V0137,L007,2026-04-16 11:05
M00310,V0110,L063,2026-07-22 17:51
M00311,V0133,L068,2026-02-10 23:41
M00312,V0053,L077,2026-07-16 18:39
M00313,V0052,L072,2026-05-27 10:04
M00314,V0320,L020,2026-01-17 23:17
M00315,V0319,L055,2026-06-08 16:21
M00316,V0047,L073,2026-05-02 11:59
M00317,V0207,L070,2026-05-25 21:22
M00318,V0325,L075,2026-04-23 08:03
M00319,V0051,L007,2026-08-12 05:35
M00320,V0232,L078,2026-08-06 04:55
M00321,V0174,L061,2026-06-02 04:58
M00322,V0090,L044,2026-04-23 03:42
M00323,V0081,L024,2026-08-06 11:17
M00324,V0147,L073,2026-06-11 20:00
M00325,V0127,L002,2026-08-19 10:34
M00326,V0068,L043,2026-05-26 13:30
M00327,V0226,L020,2026-04-20 12:28
M00328,V0342,L063,2026-04-19 00:28
M00329,V0164,L011,2026-07-07 17:00
M00330,V0206,L055,2026-03-13 15:39
M00331,V0154,L002,2026-01-15 06:29
M00332,V0070,L022,2026-02-16 12:17
M00333,V0273,L002,2026-04-13 02:18
M00334,V0325,L046,2026-05-09 00:43
M00335,V0094,L077,2026-02-20 11:24
M00336,V0171,L003,2026-06-24 16:17
M00337,V0287,L039,2026-02-21 08:36
M00338,V0092,L017,2026-04-27 10:45
M00339,V0206,L005,2026-03-05 18:14
M00340,V0183,L009,2026-02-22 15:49
M00341,V0154,L066,2026-07-07 13:39
M00342,V0125,L070,2026-01-12 17:16
M00343,V0201,L005,2026-08-01 21:50
M00344,V0135,L030,2026-06-22 22:06
M00345,V0250,L048,2026-04-03 14:10
M00346,V0217,L009,2026-01-18 21:52
M00347,V0135,L042,2026-07-07 20:04
M00348,V0129,L058,2026-07-04 05:26
M00349,V0172,L007,2026-08-12 10:32
M00350,V0164,L025,2026-08-19 19:42
M00351,V0245,L069,2026-02-14 22:26
M00352,V0264,L006,2026-07-11 02:06
M00353,V0295,L071,2026-08-10 20:19
M00354,V0244,L025,2026-03-03 15:40
M00355,V0232,L066,2026-06-10 10:29
M00356,V0147,L062,2026-08-01 12:02
M00357,V0267,L044,2026-06-18 23:32
M00358,V0343,L025,2026-05-18 11:55
M00359,V0213,L037,2026-04-06 14:45
M00360,V0187,L040,2026-02-03 23:52
M00361,V0165,L055,2026-06-05 15:29
M00362,V0027,L011,2026-06-27 12:10
M00363,V0200,L052,2026-02-18 01:52
M00364,V0189,L017,2026-08-26 18:09
M00365,V0014,L006,2026-06-09 12:15
M00366,V0053,L055,2026-05-23 13:02
M00367,V0205,L052,2026-05-19 06:55
M00368,V0083,L031,2026-08-11 10:44
M00369,V0276,L027,2026-04-24 07:14
M00370,V0335,L012,2026-05-19 07:41
M00371,V0080,L046,2026-05-17 10:59
M00372,V0296,L022,2026-03-24 00:59
M00373,V0202,L055,2026-07-11 06:16
M00374,V0256,L079,2026-08-23 02:02
M00375,V0291,L003,2026-01-05 17:59
M00376,V0043,L001,2026-01-01 06:57
M00377,V0086,L054,2026-07-14 02:29
M00378,V0288,L002,2026-07-26 08:19
M00379,V0320,L075,2026-02-13 04:31
M00380,V0249,L053,2026-06-01 04:55
M00381,V0312,L038,2026-03-12 01:48
M00382,V0044,L020,2026-03-27 18:07
M00383,V0186,L026,2026-06-07 14:20
M00384,V0300,L021,2026-08-03 18:29
M00385,V0203,L051,2026-02-13 05:18
M00386,V0070,L078,2026-04-07 16:01
M00387,V0057,L007,2026-08-22 01:07
M00388,V0225,L060,2026-05-10 12:01
M00389,V0277,L029,2026-05-18 12:16
M00390,V0295,L015,2026-08-24 10:00
M00391,V0234,L071,2026-04-04 04:13
M00392,V0114,L015,2026-06-28 21:14
M00393,V0140,L077,2026-08-13 05:06
M00394,V0251,L037,2026-02-21 00:53
M00395,V0327,L029,2026-08-12 03:19
M00396,V0055,L049,2026-05-18 23:47
M00397,V0210,L050,2026-03-07 19:45
M00398,V0233,L025,2026-03-15 16:25
M00399,V0017,L021,2026-05-23 19:53
M00400,V0212,L028,2026-06-12 11:41
M00401,V0342,L003,2026-02-05 02:42
M00402,V0308,L073,2026-02-09 21:37
M00403,V0302,L045,2026-03-11 06:56
M00404,V0173,L074,2026-06-08 00:05
M00405,V0294,L050,2026-06-09 18:46
M00406,V0250,L008,2026-06-26 19:55
M00407,V0149,L033,2026-06-22 21:37
M00408,V0291,L013,2026-05-11 04:49
M00409,V0037,L001,2026-03-02 20:48
M00410,V0105,L065,2026-08-01 20:28
M00411,V0038,L032,2026-07-01 09:08
M00412,V0035,L019,2026-02-26 00:02
M00413,V0147,L053,2026-08-20 15:22
M00414,V0074,L011,2026-01-02 16:18
M00415,V0283,L056,2026-06-10 05:22
M00416,V0347,L043,2026-07-23 16:24
M00417,V0073,L024,2026-03-20 01:47
M00418,V0330,L042,2026-05-10 03:29
M00419,V0046,L003,2026-06-28 12:31
M00420,V0110,L077,2026-03-20 06:44
M00421,V0331,L053,2026-01-15 00:53
M00422,V0195,L033,2026-08-05 22:15
M00423,V0172,L068,2026-04-18 20:57
M00424,V0295,L043,2026-02-15 11:40
M00425,V0072,L007,2026-05-15 15:01
M00426,V0021,L040,2026-04-23 00:43
M00427,V0229,L051,2026-03-15 07:56
M00428,V0088,L047,2026-06-07 17:10
M00429,V0236,L040,2026-04-18 07:09
M00430,V0203,L021,2026-03-11 01:27
M00431,V0107,L039,2026-04-15 07:57
M00432,V0349,L018,2026-04-28 00:04
M00433,V0134,L053,2026-05-14 15:23
M00434,V0016,L032,2026-01-26 19:20
M00435,V0152,L011,2026-06-23 05:03
M00436,V0109,L075,2026-08-04 01:52
M00437,V0062,L003,2026-05-25 08:13
M00438,V0112,L005,2026-06-25 01:37
M00439,V0277,L007,2026-04-27 08:02
M00440,V0340,L075,2026-07-23 00:03
M00441,V0271,L062,2026-07-17 09:42
M00442,V0270,L051,2026-06-11 16:42
M00443,V0156,L020,2026-03-12 05:54
M00444,V0238,L057,2026-07-17 11:29
M00445,V0172,L047,2026-07-27 09:19
M00446,V0073,L075,2026-03-16 15:21
M00447,V0012,L012,2026-04-05 11:08
M00448,V0209,L057,2026-05-20 08:08
M00449,V0096,L023,2026-02-14 12:03
M00450,V0314,L046,2026-03-07 16:50
M00451,V0053,L036,2026-08-03 22:18
M00452,V0093,L003,2026-04-22 10:29
M00453,V0256,L058,2026-04-04 05:16
M00454,V0026,L038,2026-04-17 12:45
M00455,V0110,L049,2026-03-25 07:04
M00456,V0252,L044,2026-06-07 06:46
M00457,V0240,L026,2026-05-16 14:41
M00458,V0222,L028,2026-01-28 22:27
M00459,V0164,L069,2026-06-17 04:29
M00460,V0221,L046,2026-05-26 20:50
M00461,V0199,L080,2026-02-12 21:40
M00462,V0284,L073,2026-08-08 20:01
M00463,V0328,L032,2026-08-25 16:59
M00464,V0165,L068,2026-02-09 21:49
M00465,V0347,L040,2026-03-19 16:54
M00466,V0103,L053,2026-08-14 03:39
M00467,V0011,L059,2026-06-01 10:25
M00468,V0041,L013,2026-06-25 11:23
M00469,V0050,L006,2026-08-10 19:40
M00470,V0280,L016,2026-07-26 19:55
M00471,V0196,L014,2026-02-12 17:33
M00472,V0312,L004,2026-02-16 02:46
M00473,V0258,L057,2026-03-19 14:57
M00474,V0005,L011,2026-03-14 16:13
M00475,V0329,L015,2026-06-25 12:10
M00476,V0332,L034,2026-03-02 12:03
M00477,V0192,L009,2026-02-13 19:49
M00478,V0247,L054,2026-01-11 08:15
M00479,V0171,L020,2026-07-18 04:47
M00480,V0035,L078,2026-05-23 14:05
M00481,V0298,L001,2026-03-22 07:11
M00482,V0255,L014,2026-01-27 22:30
M00483,V0127,L017,2026-06-15 11:39
M00484,V0072,L016,2026-03-08 01:51
M00485,V0104,L039,2026-01-11 13:45
M00486,V0129,L027,2026-02-15 04:49
M00487,V0041,L008,2026-05-27 12:13
M00488,V0035,L010,2026-07-25 23:29
M00489,V0009,L009,2026-08-18 06:22
M00490,V0011,L041,2026-05-10 11:39
M00491,V0098,L014,2026-02-08 03:09
M00492,V0184,L038,2026-08-01 18:37
M00493,V0256,L025,2026-05-27 03:15
M00494,V0184,L003,2026-06-09 22:00
M00495,V0231,L053,2026-05-25 15:07
M00496,V0333,L072,2026-07-23 04:40
M00497,V0301,L035,2026-04-14 17:44
M00498,V0057,L025,2026-02-10 10:57
M00499,V0120,L079,2026-05-18 20:00
M00500,V0240,L018,2026-01-27 14:48
M00501,V0273,L033,2026-06-22 16:17
M00502,V0169,L069,2026-05-02 05:08
M00503,V0083,L057,2026-08-13 21:00
M00504,V0067,L013,2026-01-14 13:55
M00505,V0249,L017,2026-06-06 14:37
M00506,V0099,L037,2026-05-09 11:56
M00507,V0063,L076,2026-01-13 14:31
M00508,V0153,L019,2026-02-24 00:54
M00509,V0286,L025,2026-01-14 06:46
M00510,V0142,L038,2026-04-27 23:31
M00511,V0053,L003,2026-05-06 10:28
M00512,V0178,L035,2026-03-26 07:29
M00513,V0123,L044,2026-04-23 08:36
M00514,V0234,L017,2026-05-17 13:33
M00515,V0317,L066,2026-04-06 05:57
M00516,V0171,L029,2026-06-01 05:11
M00517,V0230,L058,2026-05-21 12:40
M00518,V0297,L001,2026-04-08 16:16
M00519,V0252,L015,2026-04-16 00:21
M00520,V0271,L064,2026-08-24 10:08
M00521,V0084,L024,2026-02-28 21:56
M00522,V0321,L021,2026-01-02 23:19
M00523,V0007,L020,2026-04-22 08:08
M00524,V0025,L025,2026-04-22 17:30
M00525,V0328,L027,2026-05-12 06:22
M00526,V0017,L007,2026-03-04 10:42
M00527,V0211,L031,2026-04-13 12:26
M00528,V0290,L036,2026-04-14 10:32
M00529,V0193,L080,2026-05-20 02:38
M00530,V0296,L062,2026-06-28 22:07
M00531,V0113,L040,2026-05-26 10:46
M00532,V0165,L032,2026-03-20 12:31
M00533,V0255,L025,2026-08-28 10:37
M00534,V0160,L020,2026-04-03 16:41
M00535,V0279,L068,2026-07-04 12:26
M00536,V0205,L030,2026-04-27 09:11
M00537,V0263,L005,2026-02-04 10:16
M00538,V0058,L049,2026-03-10 19:50
M00539,V0238,L059,2026-01-25 11:43
M00540,V0133,L074,2026-02-03 21:59
M00541,V0346,L034,2026-01-28 13:23
M00542,V0330,L035,2026-08-13 11:06
M00543,V0093,L055,2026-08-22 20:51
M00544,V0333,L036,2026-01-15 11:51
M00545,V0116,L045,2026-02-07 16:15
M00546,V0134,L047,2026-07-06 18:13
M00547,V0114,L039,2026-06-14 10:06
M00548,V0172,L069,2026-03-05 22:56
M00549,V0110,L007,2026-05-16 12:02
M00550,V0176,L073,2026-07-15 13:47
M00551,V0187,L056,2026-02-06 08:36
M00552,V0281,L028,2026-04-25 09:16
M00553,V0050,L040,2026-07-16 18:53
M00554,V0197,L075,2026-04-17 18:09
M00555,V0191,L022,2026-02-26 09:41
M00556,V0305,L029,2026-08-07 10:40
M00557,V0334,L021,2026-01-17 07:05
M00558,V0042,L051,2026-07-15 22:16
M00559,V0135,L058,2026-07-27 16:58
M00560,V0231,L026,2026-03-01 14:04
M00561,V0273,L012,2026-02-13 19:16
M00562,V0129,L015,2026-03-13 19:31
M00563,V0343,L011,2026-08-22 01:45
M00564,V0059,L044,2026-04-24 18:35
M00565,V0345,L060,2026-05-27 00:22
M00566,V0140,L010,2026-02-19 18:37
M00567,V0154,L078,2026-06-22 03:54
M00568,V0063,L062,2026-05-06 12:05
M00569,V0160,L017,2026-03-15 09:01
M00570,V0152,L046,2026-02-06 05:33
M00571,V0349,L043,2026-04-21 14:01
M00572,V0287,L015,2026-01-24 07:22
M00573,V0232,L036,2026-04-03 17:36
M00574,V0060,L005,2026-01-10 20:55
M00575,V0299,L023,2026-05-13 01:53
M00576,V0062,L020,2026-06-09 21:41
M00577,V0292,L074,2026-08-06 12:49
M00578,V0117,L013,2026-06-02 16:04
M00579,V0005,L071,2026-07-14 14:53
M00580,V0028,L035,2026-03-24 18:22
M00581,V0230,L077,2026-01-07 10:17
M00582,V0344,L006,2026-07-09 04:47
M00583,V0335,L068,2026-03-08 11:36
M00584,V0257,L036,2026-08-13 19:42
M00585,V0041,L069,2026-07-10 16:44
M00586,V0145,L010,2026-03-03 04:15
M00587,V0145,L073,2026-07-02 11:38
M00588,V0330,L027,2026-08-02 22:25
M00589,V0075,L060,2026-03-08 10:08
M00590,V0201,L035,2026-04-13 02:07
M00591,V0126,L067,2026-08-02 22:20
M00592,V0241,L014,2026-07-06 19:32
M00593,V0144,L064,2026-06-10 16:31
M00594,V0023,L007,2026-07-09 13:07
M00595,V0137,L049,2026-05-17 07:51
M00596,V0263,L046,2026-07-24 01:07
M00597,V0223,L055,2026-06-18 13:29
M00598,V0226,L068,2026-06-08 23:08
M00599,V0158,L080,2026-08-25 10:51
M00600,V0111,L079,2026-04-02 07:41
M00601,V0201,L010,2026-04-05 12:46
M00602,V0012,L032,2026-07-04 20:23
M00603,V0225,L037,2026-03-28 23:12
M00604,V0202,L069,2026-04-15 23:33
M00605,V0005,L028,2026-08-03 14:04
M00606,V0282,L056,2026-06-18 17:01
M00607,V0234,L037,2026-07-26 03:44
M00608,V0076,L006,2026-05-27 13:21
M00609,V0155,L042,2026-07-11 13:24
M00610,V0114,L050,2026-04-13 06:45
M00611,V0283,L015,2026-04-20 04:50
M00612,V0338,L018,2026-03-07 01:57
M00613,V0146,L024,2026-02-02 07:31
M00614,V0305,L074,2026-03-01 09:41
M00615,V0276,L058,2026-04-16 23:02
M00616,V0048,L023,2026-04-07 10:49
M00617,V0230,L073,2026-04-24 15:40
M00618,V0242,L045,2026-01-03 05:38
M00619,V0067,L076,2026-03-20 04:56
M00620,V0013,L009,2026-04-07 14:00
M00621,V0147,L042,2026-08-09 22:00
M00622,V0339,L071,2026-06-02 23:59
M00623,V0242,L038,2026-02-03 07:38
M00624,V0080,L069,2026-03-07 13:37
M00625,V0217,L040,2026-04-18 04:49
M00626,V0222,L072,2026-04-03 07:35
M00627,V0008,L003,2026-04-08 17:12
M00628,V0121,L056,2026-08-24 06:44
M00629,V0208,L009,2026-05-24 01:18
M00630,V0256,L053,2026-02-20 09:56
M00631,V0187,L054,2026-02-22 23:20
M00632,V0275,L014,2026-02-21 02:00
M00633,V0204,L079,2026-05-22 04:51
M00634,V0297,L024,2026-03-08 02:47
M00635,V0318,L063,2026-06-23 21:33
M00636,V0298,L027,2026-03-02 02:58
M00637,V0020,L072,2026-02-01 15:10
M00638,V0118,L019,2026-03-21 21:58
M00639,V0255,L039,2026-08-17 07:51
M00640,V0018,L012,2026-05-09 03:00
M00641,V0261,L069,2026-04-10 08:16
M00642,V0078,L044,2026-04-16 09:08
M00643,V0137,L077,2026-05-03 15:32
M00644,V0170,L071,2026-05-16 23:31
M00645,V0023,L020,2026-04-19 04:32
M00646,V0344,L025,2026-02-02 19:04
M00647,V0192,L057,2026-02-20 02:00
M00648,V0150,L031,2026-08-25 18:45
M00649,V0090,L031,2026-05-03 00:42
M00650,V0079,L039,2026-03-12 01:20
M00651,V0311,L050,2026-04-04 01:58
M00652,V0193,L021,2026-07-27 17:18
M00653,V0145,L009,2026-08-26 14:50
M00654,V0222,L070,2026-07-03 22:30
M00655,V0219,L069,2026-08-23 05:36
M00656,V0214,L017,2026-01-10 05:49
M00657,V0301,L064,2026-06-26 22:34
M00658,V0322,L012,2026-01-03 22:57
M00659,V0159,L009,2026-01-24 00:33
M00660,V0077,L045,2026-03-07 01:24
M00661,V0177,L013,2026-02-16 13:35
M00662,V0083,L042,2026-02-11 04:57
M00663,V0259,L066,2026-01-02 09:38
M00664,V0214,L004,2026-06-09 13:36
M00665,V0013,L048,2026-01-17 09:41
M00666,V0330,L076,2026-06-22 02:30
M00667,V0008,L034,2026-03-26 01:48
M00668,V0145,L062,2026-04-27 00:56
M00669,V0269,L057,2026-08-11 04:24
M00670,V0115,L021,2026-03-28 23:33
M00671,V0131,L038,2026-02-08 07:43
M00672,V0099,L042,2026-01-28 05:43
M00673,V0038,L008,2026-04-16 23:30
M00674,V0008,L004,2026-03-08 06:20
M00675,V0278,L018,2026-04-11 00:27
M00676,V0090,L060,2026-05-22 02:47
M00677,V0190,L061,2026-01-17 16:12
M00678,V0086,L065,2026-07-28 01:16
M00679,V0050,L049,2026-02-10 07:21
M00680,V0144,L029,2026-05-19 03:45
M00681,V0332,L065,2026-03-27 09:52
M00682,V0178,L041,2026-08-24 09:41
M00683,V0216,L038,2026-04-07 07:03
M00684,V0140,L003,2026-04-02 21:42
M00685,V0174,L071,2026-02-17 03:23
M00686,V0340,L066,2026-06-08 10:00
M00687,V0221,L017,2026-03-12 17:42
M00688,V0018,L077,2026-05-20 02:36
M00689,V0336,L033,2026-04-15 06:15
M00690,V0110,L009,2026-03-27 19:55
M00691,V0105,L068,2026-07-24 11:21
M00692,V0207,L071,2026-06-28 21:03
M00693,V0081,L018,2026-01-21 17:01
M00694,V0192,L025,2026-05-25 15:52
M00695,V0346,L074,2026-03-15 19:23
M00696,V0034,L028,2026-03-25 23:17
M00697,V0203,L042,2026-02-18 06:43
M00698,V0190,L077,2026-02-09 13:07
M00699,V0323,L022,2026-01-04 23:16
M00700,V0021,L059,2026-04-09 00:00
M00701,V0231,L057,2026-02-26 21:41
M00702,V0216,L008,2026-02-24 00:35
M00703,V0113,L015,2026-08-26 07:19
M00704,V0311,L073,2026-07-07 05:06
M00705,V0189,L047,2026-04-21 07:54
M00706,V0316,L060,2026-06-07 03:31
M00707,V0168,L017,2026-07-04 05:59
M00708,V0339,L021,2026-05-01 20:42
M00709,V0025,L005,2026-03-11 18:12
M00710,V0253,L043,2026-02-18 07:21
M00711,V0020,L006,2026-03-05 17:30
M00712,V0137,L002,2026-08-12 20:31
M00713,V0265,L034,2026-03-08 11:05
M00714,V0322,L072,2026-01-23 05:51
M00715,V0223,L040,2026-03-04 20:19
M00716,V0300,L018,2026-05-03 12:46
M00717,V0120,L036,2026-05-16 14:41
M00718,V0303,L024,2026-08-21 19:26
M00719,V0314,L026,2026-03-01 11:23
M00720,V0042,L047,2026-08-01 08:52
M00721,V0182,L025,2026-04-01 09:14
M00722,V0129,L080,2026-05-18 03:23
M00723,V0291,L072,2026-03-23 12:33
M00724,V0241,L038,2026-05-08 07:43
M00725,V0253,L027,2026-02-09 20:59
M00726,V0006,L019,2026-01-08 00:03
M00727,V0280,L014,2026-01-08 19:05
M00728,V0036,L015,2026-05-01 15:22
M00729,V0192,L074,2026-08-18 13:10
M00730,V0037,L054,2026-04-09 16:19
M00731,V0148,L030,2026-01-11 06:19
M00732,V0134,L062,2026-06-12 00:50
M00733,V0264,L019,2026-04-18 04:33
M00734,V0326,L069,2026-02-13 02:14
M00735,V0235,L011,2026-06-22 16:34
M00736,V0015,L063,2026-04-26 04:58
M00737,V0249,L016,2026-05-13 07:22
M00738,V0176,L038,2026-03-18 09:27
M00739,V0267,L054,2026-04-25 20:45
M00740,V0279,L057,2026-03-02 06:55
M00741,V0086,L026,2026-04-25 04:48
M00742,V0065,L062,2026-01-10 19:16
M00743,V0123,L018,2026-08-23 09:01
M00744,V0082,L049,2026-06-11 17:20
M00745,V0316,L024,2026-05-12 17:59
M00746,V0026,L022,2026-04-24 23:15
M00747,V0062,L004,2026-02-17 11:41
M00748,V0144,L069,2026-01-27 10:47
M00749,V0350,L012,2026-05-08 21:33
M00750,V0268,L023,2026-08-08 15:40
M00751,V0137,L075,2026-01-19 18:16
M00752,V0337,L036,2026-08-03 17:55
M00753,V0329,L009,2026-04-27 04:18
M00754,V0020,L053,2026-03-03 23:18
M00755,V0210,L013,2026-04-07 11:16
M00756,V0225,L025,2026-04-16 01:10
M00757,V0165,L042,2026-06-25 22:25
M00758,V0098,L038,2026-02-09 03:54
M00759,V0332,L046,2026-08-15 21:07
M00760,V0286,L008,2026-08-09 18:08
M00761,V0074,L025,2026-07-14 11:08
M00762,V0273,L047,2026-02-21 08:06
M00763,V0304,L001,2026-03-25 14:17
M00764,V0163,L058,2026-05-12 13:22
M00765,V0298,L078,2026-03-12 00:31
M00766,V0220,L025,2026-04-16 22:51
M00767,V0119,L054,2026-05-28 06:23
M00768,V0119,L064,2026-02-06 03:18
M00769,V0202,L032,2026-01-16 01:41
M00770,V0030,L078,2026-06-17 06:51
M00771,V0011,L033,2026-03-25 17:59
M00772,V0201,L028,2026-03-08 02:03
M00773,V0091,L052,2026-06-23 10:31
M00774,V0145,L062,2026-05-22 09:38
M00775,V0103,L051,2026-07-16 07:20
M00776,V0074,L013,2026-07-01 16:15
M00777,V0153,L006,2026-03-27 16:37
M00778,V0234,L036,2026-01-20 06:48
M00779,V0300,L027,2026-05-20 22:56
M00780,V0201,L036,2026-08-26 19:59
M00781,V0101,L047,2026-04-20 22:51
M00782,V0173,L050,2026-03-26 03:47
M00783,V0167,L038,2026-03-23 13:08
M00784,V0212,L059,2026-02-17 17:38
M00785,V0330,L021,2026-07-24 15:03
M00786,V0046,L027,2026-07-03 18:05
M00787,V0212,L050,2026-08-08 05:50
M00788,V0073,L016,2026-08-21 14:22
M00789,V0302,L036,2026-02-10 08:31
M00790,V0246,L023,2026-01-25 08:21
M00791,V0116,L029,2026-08-24 12:37
M00792,V0234,L077,2026-02-23 13:08
M00793,V0236,L052,2026-03-26 08:15
M00794,V0295,L053,2026-01-25 12:14
M00795,V0020,L005,2026-08-19 16:11
M00796,V0107,L028,2026-02-16 16:31
M00797,V0105,L047,2026-07-08 19:11
M00798,V0039,L014,2026-08-18 03:47
M00799,V0197,L019,2026-07-21 18:33
M00800,V0245,L057,2026-04-11 23:43
M00801,V0060,L007,2026-06-28 21:50
M00802,V0327,L080,2026-08-07 09:19
M00803,V0211,L067,2026-06-26 00:02
M00804,V0318,L038,2026-08-20 21:16
M00805,V0234,L076,2026-03-19 07:54
M00806,V0332,L052,2026-02-13 13:55
M00807,V0079,L079,2026-01-18 14:36
M00808,V0068,L073,2026-07-18 12:14
M00809,V0332,L055,2026-08-15 13:14
M00810,V0320,L049,2026-07-08 11:08
M00811,V0244,L031,2026-07-01 00:50
M00812,V0232,L047,2026-06-01 08:00
M00813,V0334,L072,2026-05-04 22:12
M00814,V0262,L030,2026-01-04 02:29
M00815,V0163,L020,2026-03-01 20:30
M00816,V0306,L002,2026-08-16 20:58
M00817,V0298,L065,2026-07-04 16:11
M00818,V0192,L054,2026-02-14 13:16
M00819,V0021,L022,2026-01-05 17:01
M00820,V0075,L022,2026-03-22 09:18
M00821,V0199,L056,2026-02-23 13:20
M00822,V0048,L061,2026-06-18 13:25
M00823,V0210,L024,2026-07-12 15:52
M00824,V0027,L039,2026-04-18 16:12
M00825,V0101,L074,2026-03-07 21:46
M00826,V0268,L034,2026-01-20 18:45
M00827,V0061,L024,2026-07-20 02:29
M00828,V0208,L033,2026-06-15 14:56
M00829,V0152,L022,2026-08-07 10:36
M00830,V0284,L034,2026-01-22 21:43
M00831,V0234,L004,2026-06-10 14:09
M00832,V0025,L080,2026-03-14 08:54
M00833,V0199,L042,2026-03-19 13:29
M00834,V0305,L033,2026-08-04 16:38
M00835,V0040,L055,2026-07-18 01:31
M00836,V0119,L015,2026-01-01 02:58
M00837,V0230,L073,2026-08-16 12:24
M00838,V0343,L006,2026-01-06 05:00
M00839,V0013,L032,2026-07-10 04:13
M00840,V0262,L022,2026-03-08 10:20
M00841,V0093,L019,2026-01-20 09:06
M00842,V0085,L034,2026-06-21 22:25
M00843,V0096,L014,2026-03-24 00:10
M00844,V0185,L034,2026-01-19 08:06
M00845,V0041,L025,2026-07-11 08:22
M00846,V0082,L043,2026-06-04 14:49
M00847,V0200,L041,2026-07-23 19:35
M00848,V0113,L054,2026-05-28 19:20
M00849,V0014,L077,2026-03-14 04:32
M00850,V0316,L062,2026-06-22 15:09
M00851,V0031,L025,2026-02-10 22:12
M00852,V0006,L052,2026-02-10 07:51
M00853,V0091,L066,2026-06-17 18:39
M00854,V0149,L058,2026-01-20 21:37
M00855,V0011,L054,2026-02-18 18:08
M00856,V0115,L061,2026-02-02 08:19
M00857,V0297,L008,2026-08-04 21:06
M00858,V0115,L055,2026-05-14 17:39
M00859,V0028,L050,2026-08-17 10:34
M00860,V0014,L025,2026-02-05 20:51
M00861,V0236,L062,2026-01-11 06:42
M00862,V0278,L064,2026-06-03 23:44
M00863,V0260,L080,2026-06-07 23:48
M00864,V0129,L024,2026-08-21 01:14
M00865,V0292,L060,2026-08-07 07:32
M00866,V0002,L004,2026-05-03 08:42
M00867,V0100,L022,2026-07-24 21:41
M00868,V0313,L040,2026-05-04 00:52
M00869,V0136,L018,2026-04-27 04:59
M00870,V0008,L005,2026-07-12 17:24
M00871,V0090,L025,2026-04-09 17:31
M00872,V0269,L009,2026-04-10 05:57
M00873,V0048,L009,2026-05-15 20:18
M00874,V0204,L060,2026-06-28 15:14
M00875,V0087,L041,2026-02-23 20:16
M00876,V0056,L043,2026-07-03 14:59
M00877,V0098,L012,2026-03-09 07:09
M00878,V0060,L075,2026-08-19 04:16
M00879,V0243,L052,2026-02-15 08:03
M00880,V0117,L042,2026-04-23 01:02
M00881,V0171,L050,2026-05-04 14:09
M00882,V0251,L027,2026-05-02 12:36
M00883,V0252,L043,2026-05-04 07:49
M00884,V0094,L050,2026-04-23 22:00
M00885,V0343,L014,2026-06-02 17:41
M00886,V0297,L017,2026-03-20 16:12
M00887,V0023,L076,2026-03-05 02:48
M00888,V0115,L027,2026-08-01 08:42
M00889,V0165,L006,2026-04-21 16:26
M00890,V0009,L064,2026-03-20 09:12
M00891,V0018,L053,2026-03-17 14:12
M00892,V0141,L043,2026-02-05 18:23
M00893,V0060,L079,2026-08-22 21:09
M00894,V0275,L043,2026-06-18 12:31
M00895,V0320,L031,2026-02-13 01:41
M00896,V0080,L061,2026-07-07 23:45
M00897,V0152,L069,2026-08-27 13:49
M00898,V0186,L051,2026-02-05 16:53
M00899,V0029,L053,2026-06-11 05:56
M00900,V0064,L014,2026-01-23 19:48
M00901,V0170,L028,2026-02-13 03:21
M00902,V0196,L051,2026-08-23 17:43
M00903,V0173,L079,2026-08-25 03:13
M00904,V0138,L010,2026-02-27 04:38
M00905,V0076,L069,2026-02-01 08:10
M00906,V0109,L071,2026-06-21 05:16
M00907,V0231,L080,2026-07-11 22:53
M00908,V0184,L038,2026-06-02 16:20
M00909,V0166,L034,2026-06-20 16:54
M00910,V0324,L006,2026-07-19 01:19
M00911,V0124,L075,2026-08-17 16:34
M00912,V0311,L075,2026-05-20 20:53
M00913,V0279,L039,2026-05-28 00:25
M00914,V0020,L019,2026-07-19 01:36
M00915,V0326,L047,2026-05-02 11:43
M00916,V0330,L017,2026-02-19 16:36
M00917,V0317,L003,2026-03-01 15:29
M00918,V0256,L025,2026-01-18 16:56
M00919,V0047,L043,2026-04-01 05:37
M00920,V0113,L027,2026-04-13 14:28
M00921,V0032,L045,2026-03-19 15:37
M00922,V0070,L046,2026-04-18 09:06
M00923,V0074,L058,2026-02-26 07:09
M00924,V0192,L029,2026-04-05 22:22
M00925,V0267,L072,2026-05-25 20:49
M00926,V0009,L039,2026-02-14 05:31
M00927,V0141,L023,2026-03-04 04:42
M00928,V0058,L012,2026-06-10 20:17
M00929,V0159,L066,2026-06-01 04:43
M00930,V0153,L053,2026-02-01 21:44
M00931,V0037,L050,2026-02-01 15:06
M00932,V0127,L062,2026-08-22 18:54
M00933,V0251,L030,2026-01-20 20:40
M00934,V0172,L013,2026-05-21 12:00
M00935,V0229,L025,2026-08-06 01:19
M00936,V0021,L032,2026-03-22 09:00
M00937,V0146,L039,2026-01-04 05:04
M00938,V0228,L072,2026-06-14 22:40
M00939,V0106,L040,2026-04-13 02:17
M00940,V0173,L047,2026-01-03 05:38
M00941,V0009,L033,2026-04-03 05:33
M00942,V0223,L069,2026-07-14 14:28
M00943,V0177,L050,2026-05-13 19:51
M00944,V0257,L026,2026-07-08 06:48
M00945,V0078,L005,2026-05-17 23:06
M00946,V0209,L065,2026-06-07 02:56
M00947,V0299,L075,2026-01-23 16:30
M00948,V0018,L009,2026-05-13 03:59
M00949,V0264,L061,2026-01-26 20:45
M00950,V0084,L061,2026-04-20 04:17
M00951,V0200,L060,2026-04-03 09:44
M00952,V0199,L036,2026-03-11 00:32
M00953,V0265,L023,2026-04-05 08:40
M00954,V0102,L080,2026-07-27 18:27
M00955,V0321,L040,2026-08-22 15:13
M00956,V0077,L032,2026-08-06 08:55
M00957,V0303,L022,2026-03-21 02:15
M00958,V0119,L018,2026-05-01 12:04
M00959,V0265,L052,2026-05-13 00:22
M00960,V0203,L076,2026-03-15 08:59
M00961,V0190,L004,2026-06-24 22:26
M00962,V0317,L046,2026-03-13 02:58
M00963,V0220,L075,2026-02-07 08:14
M00964,V0322,L067,2026-02-05 10:35
M00965,V0025,L024,2026-06-28 12:10
M00966,V0043,L077,2026-08-09 15:27
M00967,V0025,L039,2026-05-02 09:09
M00968,V0137,L014,2026-05-05 22:43
M00969,V0214,L041,2026-07-05 13:04
M00970,V0203,L008,2026-05-13 09:15
M00971,V0014,L004,2026-08-06 09:29
M00972,V0202,L050,2026-01-12 22:13
M00973,V0037,L028,2026-08-25 16:13
M00974,V0237,L037,2026-08-13 12:50
M00975,V0309,L029,2026-08-16 23:30
M00976,V0095,L040,2026-03-09 05:30
M00977,V0262,L040,2026-02-06 17:42
M00978,V0252,L053,2026-02-05 23:32
M00979,V0075,L055,2026-02-06 08:53
M00980,V0299,L079,2026-08-15 19:36
M00981,V0308,L037,2026-02-19 09:44
M00982,V0020,L053,2026-02-06 14:22
M00983,V0206,L012,2026-01-10 01:35
M00984,V0218,L061,2026-04-05 10:50
M00985,V0267,L051,2026-05-17 02:01
M00986,V0194,L021,2026-05-15 02:24
M00987,V0178,L051,2026-04-21 22:50
M00988,V0275,L054,2026-06-03 05:01
M00989,V0173,L034,2026-02-12 04:32
M00990,V0014,L062,2026-07-25 09:29
M00991,V0248,L001,2026-02-14 18:24
M00992,V0071,L003,2026-03-22 07:12
M00993,V0195,L017,2026-08-01 12:23
M00994,V0125,L072,2026-02-07 15:34
M00995,V0304,L043,2026-07-23 04:59
M00996,V0104,L042,2026-05-28 07:23
M00997,V0333,L009,2026-03-19 00:19
M00998,V0185,L070,2026-07-08 22:35
M00999,V0182,L078,2026-06-05 09:52
M01000,V0025,L044,2026-01-02 08:52
M01001,V0162,L012,2026-01-24 12:41
M01002,V0196,L053,2026-01-12 17:32
M01003,V0023,L075,2026-06-19 05:41
M01004,V0134,L028,2026-02-11 16:40
M01005,V0262,L032,2026-03-05 11:52
M01006,V0251,L008,2026-03-04 03:26
M01007,V0278,L050,2026-07-22 01:10
M01008,V0276,L078,2026-03-17 02:16
M01009,V0315,L065,2026-07-12 13:55
M01010,V0337,L076,2026-02-27 22:30
M01011,V0283,L015,2026-06-09 21:48
M01012,V0283,L025,2026-07-26 02:47
M01013,V0036,L041,2026-04-18 07:14
M01014,V0194,L050,2026-05-10 18:12
M01015,V0145,L060,2026-05-08 01:14
M01016,V0151,L019,2026-07-15 17:47
M01017,V0138,L044,2026-07-14 23:55
M01018,V0034,L014,2026-06-12 12:35
M01019,V0331,L010,2026-07-01 19:24
M01020,V0158,L008,2026-06-15 16:31
M01021,V0220,L054,2026-01-25 23:04
M01022,V0242,L070,2026-03-22 19:24
M01023,V0050,L037,2026-08-08 00:28
M01024,V0150,L070,2026-01-05 14:38
M01025,V0255,L018,2026-08-07 00:07
M01026,V0301,L079,2026-07-20 18:19
M01027,V0203,L048,2026-03-04 15:18
M01028,V0191,L051,2026-06-18 18:58
M01029,V0280,L069,2026-05-07 17:27
M01030,V0288,L038,2026-05-27 07:44
M01031,V0286,L003,2026-07-17 08:06
M01032,V0156,L048,2026-08-19 11:22
M01033,V0233,L026,2026-02-11 20:27
M01034,V0232,L074,2026-08-21 04:33
M01035,V0042,L045,2026-07-03 06:41
M01036,V0011,L017,2026-04-28 05:50
M01037,V0247,L052,2026-04-20 02:25
M01038,V0324,L080,2026-05-25 19:31
M01039,V0106,L074,2026-08-13 16:29
M01040,V0349,L050,2026-06-19 13:18
M01041,V0256,L014,2026-02-22 15:22
M01042,V0117,L035,2026-01-19 13:06
M01043,V0325,L074,2026-08-25 20:53
M01044,V0177,L015,2026-02-26 15:20
M01045,V0215,L028,2026-05-27 08:03
M01046,V0212,L007,2026-03-04 01:37
M01047,V0052,L050,2026-03-14 19:26
M01048,V0318,L054,2026-08-06 14:50
M01049,V0259,L031,2026-04-06 05:24
M01050,V0107,L063,2026-04-03 18:26
M01051,V0265,L023,2026-05-07 13:37
M01052,V0257,L010,2026-03-02 01:27
M01053,V0243,L072,2026-08-06 13:29
M01054,V0062,L048,2026-07-19 02:40
M01055,V0155,L060,2026-01-03 05:39
M01056,V0279,L028,2026-05-22 11:18
M01057,V0041,L049,2026-05-13 00:31
M01058,V0056,L045,2026-01-01 13:40
M01059,V0348,L051,2026-06-06 17:21
M01060,V0103,L007,2026-01-09 10:23
M01061,V0241,L066,2026-07-18 10:39
M01062,V0094,L020,2026-03-28 04:55
M01063,V0027,L003,2026-07-26 11:46
M01064,V0348,L080,2026-08-21 14:19
M01065,V0329,L015,2026-05-09 04:40
M01066,V0029,L011,2026-01-07 09:09
M01067,V0001,L049,2026-08-28 05:04
M01068,V0256,L004,2026-05-27 23:27
M01069,V0214,L068,2026-08-21 00:42
M01070,V0344,L072,2026-02-26 15:39
M01071,V0199,L019,2026-02-03 13:30
M01072,V0056,L019,2026-04-02 08:24
M01073,V0176,L065,2026-04-13 11:38
M01074,V0312,L070,2026-01-24 23:43
M01075,V0324,L013,2026-07-22 13:22
M01076,V0280,L014,2026-04-14 13:44
M01077,V0084,L022,2026-03-28 01:34
M01078,V0193,L009,2026-01-05 03:15
M01079,V0011,L047,2026-01-28 18:59
M01080,V0196,L031,2026-05-16 17:12
M01081,V0151,L068,2026-02-23 08:25
M01082,V0004,L072,2026-03-09 22:28
M01083,V0155,L002,2026-08-19 22:54
M01084,V0155,L027,2026-05-10 09:51
M01085,V0058,L060,2026-06-13 13:54
M01086,V0198,L012,2026-07-06 02:14
M01087,V0088,L031,2026-03-20 11:00
M01088,V0059,L076,2026-08-26 12:05
M01089,V0021,L025,2026-03-26 03:25
M01090,V0174,L065,2026-01-18 14:09
M01091,V0194,L061,2026-01-28 22:21
M01092,V0338,L010,2026-02-20 07:54
M01093,V0269,L069,2026-04-22 01:38
M01094,V0010,L035,2026-06-21 16:05
M01095,V0203,L061,2026-03-20 02:38
M01096,V0125,L002,2026-05-05 01:05
M01097,V0288,L047,2026-01-25 11:10
M01098,V0245,L030,2026-02-03 17:28
M01099,V0202,L045,2026-07-16 05:11
M01100,V0141,L014,2026-03-17 12:59
M01101,V0172,L004,2026-04-28 16:19
M01102,V0064,L007,2026-02-22 18:22
M01103,V0298,L078,2026-03-06 05:16
M01104,V0300,L023,2026-05-09 08:01
M01105,V0205,L056,2026-02-28 11:36
M01106,V0323,L023,2026-03-05 01:56
M01107,V0303,L063,2026-07-23 21:17
M01108,V0277,L050,2026-02-18 06:47
M01109,V0288,L022,2026-06-26 10:44
M01110,V0302,L016,2026-05-08 05:51
M01111,V0039,L015,2026-08-06 08:22
M01112,V0194,L008,2026-06-03 16:11
M01113,V0029,L068,2026-01-18 13:07
M01114,V0232,L066,2026-01-17 15:58
M01115,V0057,L026,2026-06-08 16:45
M01116,V0158,L057,2026-04-05 08:09
M01117,V0031,L046,2026-08-02 23:14
M01118,V0221,L047,2026-06-19 05:20
M01119,V0245,L004,2026-08-24 05:50
M01120,V0246,L074,2026-03-20 00:44
M01121,V0135,L056,2026-02-27 02:46
M01122,V0225,L019,2026-02-21 07:30
M01123,V0027,L024,2026-07-24 02:24
M01124,V0251,L012,2026-07-23 15:11
M01125,V0255,L007,2026-03-05 23:18
M01126,V0041,L005,2026-03-14 05:06
M01127,V0009,L069,2026-04-01 17:13
M01128,V0096,L003,2026-02-10 22:14
M01129,V0327,L016,2026-04-18 08:53
M01130,V0035,L043,2026-04-03 21:04
M01131,V0265,L077,2026-03-08 01:30
M01132,V0119,L011,2026-04-19 14:09
M01133,V0291,L070,2026-08-27 05:33
M01134,V0231,L060,2026-02-07 23:02
M01135,V0155,L019,2026-04-17 15:42
M01136,V0205,L065,2026-01-24 18:00
M01137,V0008,L062,2026-08-20 13:18
M01138,V0081,L059,2026-08-24 01:38
M01139,V0237,L068,2026-06-05 11:15
M01140,V0301,L080,2026-02-07 16:20
M01141,V0158,L009,2026-04-04 22:29
M01142,V0322,L034,2026-05-18 21:41
M01143,V0172,L016,2026-06-09 08:10
M01144,V0344,L029,2026-04-09 08:02
M01145,V0090,L048,2026-06-26 10:58
M01146,V0033,L002,2026-03-21 03:28
M01147,V0050,L001,2026-08-09 17:20
M01148,V0125,L011,2026-06-20 20:50
M01149,V0305,L056,2026-05-22 12:44
M01150,V0006,L072,2026-08-22 04:52
M01151,V0174,L033,2026-08-28 15:31
M01152,V0170,L031,2026-02-24 14:50
M01153,V0223,L069,2026-04-12 06:08
M01154,V0141,L061,2026-02-26 22:07
M01155,V0006,L016,2026-07-05 03:38
M01156,V0267,L073,2026-08-09 09:26
M01157,V0298,L026,2026-02-14 17:44
M01158,V0046,L045,2026-02-13 09:39
M01159,V0059,L079,2026-01-16 01:40
M01160,V0139,L036,2026-06-04 19:44
M01161,V0193,L037,2026-03-08 23:01
M01162,V0195,L055,2026-02-28 19:00
M01163,V0059,L062,2026-05-26 16:55
M01164,V0151,L021,2026-06-06 08:54
M01165,V0210,L060,2026-02-20 06:03
M01166,V0196,L038,2026-08-07 22:37
M01167,V0013,L068,2026-08-12 06:21
M01168,V0274,L073,2026-04-06 23:17
M01169,V0107,L043,2026-06-04 07:12
M01170,V0116,L009,2026-07-24 19:23
M01171,V0138,L026,2026-03-08 05:17
M01172,V0213,L073,2026-04-12 11:07
M01173,V0215,L079,2026-08-18 16:50
M01174,V0100,L064,2026-08-16 05:48
M01175,V0028,L040,2026-04-19 15:54
M01176,V0062,L065,2026-05-05 14:54
M01177,V0057,L049,2026-07-11 13:18
M01178,V0182,L047,2026-04-26 19:54
M01179,V0084,L067,2026-05-01 06:17
M01180,V0250,L056,2026-07-10 23:23
M01181,V0137,L040,2026-01-14 12:33
M01182,V0305,L076,2026-05-05 10:13
M01183,V0083,L066,2026-04-13 18:14
M01184,V0003,L071,2026-01-03 03:41
M01185,V0343,L070,2026-08-06 03:41
M01186,V0098,L073,2026-04-24 00:58
M01187,V0085,L005,2026-01-26 11:27
M01188,V0322,L044,2026-08-27 05:42
M01189,V0104,L069,2026-07-22 03:26
M01190,V0025,L010,2026-07-03 18:06
M01191,V0125,L056,2026-05-02 22:26
M01192,V0304,L043,2026-01-26 11:47
M01193,V0039,L066,2026-05-02 09:41
M01194,V0253,L063,2026-04-12 01:15
M01195,V0062,L066,2026-05-19 14:53
M01196,V0151,L009,2026-07-08 05:10
M01197,V0270,L041,2026-06-14 07:52
M01198,V0118,L055,2026-07-27 21:00
M01199,V0095,L029,2026-06-05 23:50
M01200,V0048,L064,2026-03-04 03:54
M01201,V0286,L023,2026-02-08 00:52
M01202,V0166,L010,2026-01-05 14:05
M01203,V0313,L003,2026-06-21 16:05
M01204,V0136,L059,2026-07-22 01:45
M01205,V0171,L049,2026-03-08 06:02
M01206,V0303,L033,2026-08-19 23:58
M01207,V0231,L052,2026-06-24 08:12
M01208,V0134,L050,2026-05-11 16:09
M01209,V0313,L042,2026-05-13 06:55
M01210,V0245,L027,2026-04-08 00:02
M01211,V0115,L001,2026-05-15 03:24
M01212,V0342,L052,2026-03-08 09:41
M01213,V0091,L047,2026-04-24 20:53
M01214,V0024,L016,2026-03-21 16:51
M01215,V0323,L012,2026-05-01 00:06
M01216,V0046,L018,2026-06-05 01:31
M01217,V0340,L065,2026-02-18 15:46
M01218,V0337,L038,2026-02-10 12:22
M01219,V0214,L054,2026-04-15 01:31
M01220,V0020,L034,2026-04-21 21:30
M01221,V0100,L059,2026-06-03 08:15
M01222,V0192,L031,2026-06-12 23:16
M01223,V0220,L022,2026-03-05 21:34
M01224,V0154,L059,2026-07-13 01:03
M01225,V0313,L063,2026-05-26 18:00
M01226,V0295,L012,2026-03-13 03:38
M01227,V0116,L048,2026-02-12 03:19
M01228,V0050,L070,2026-06-20 09:03
M01229,V0030,L040,2026-07-11 13:00
M01230,V0283,L033,2026-07-19 11:17
M01231,V0344,L035,2026-06-13 23:44
M01232,V0290,L060,2026-08-12 11:27
M01233,V0035,L021,2026-04-10 00:02
M01234,V0042,L042,2026-03-06 19:01
M01235,V0151,L004,2026-02-12 00:30
M01236,V0221,L022,2026-05-06 00:06
M01237,V0076,L014,2026-08-05 05:02
M01238,V0304,L039,2026-04-09 05:11
M01239,V0013,L067,2026-03-10 02:43
M01240,V0307,L071,2026-06-15 14:46
M01241,V0263,L061,2026-04-10 03:42
M01242,V0123,L058,2026-03-07 01:45
M01243,V0234,L029,2026-06-16 03:40
M01244,V0109,L050,2026-02-17 14:29
M01245,V0131,L074,2026-08-17 18:23
M01246,V0107,L047,2026-03-11 17:20
M01247,V0127,L041,2026-06-21 23:39
M01248,V0293,L044,2026-02-11 08:06
M01249,V0150,L032,2026-07-02 09:15
M01250,V0281,L064,2026-03-10 07:00
M01251,V0277,L066,2026-05-18 12:46
M01252,V0017,L055,2026-05-21 03:59
M01253,V0153,L039,2026-03-12 23:51
M01254,V0026,L073,2026-07-19 06:15
M01255,V0255,L043,2026-08-19 21:03
M01256,V0052,L042,2026-06-01 16:34
M01257,V0001,L055,2026-04-19 10:33
M01258,V0148,L043,2026-05-12 00:40
M01259,V0165,L024,2026-07-12 07:30
M01260,V0024,L033,2026-08-14 23:32
M01261,V0032,L078,2026-06-28 12:35
M01262,V0121,L041,2026-01-12 03:52
M01263,V0270,L031,2026-05-10 00:11
M01264,V0235,L047,2026-06-09 20:31
M01265,V0347,L007,2026-02-09 05:56
M01266,V0302,L044,2026-01-08 20:12
M01267,V0220,L074,2026-04-13 17:14
M01268,V0154,L005,2026-03-04 03:01
M01269,V0138,L045,2026-05-25 18:33
M01270,V0022,L037,2026-07-01 12:23
M01271,V0097,L040,2026-04-01 19:27
M01272,V0211,L056,2026-04-10 19:07
M01273,V0213,L049,2026-01-12 23:20
M01274,V0253,L058,2026-04-28 23:36
M01275,V0021,L034,2026-06-11 20:18
M01276,V0099,L054,2026-03-26 07:12
M01277,V0042,L077,2026-04-03 22:09
M01278,V0039,L006,2026-02-04 21:02
M01279,V0112,L070,2026-08-16 06:59
M01280,V0281,L004,2026-01-15 23:31
M01281,V0287,L077,2026-02-28 18:44
M01282,V0207,L071,2026-08-01 22:59
M01283,V0214,L050,2026-07-17 21:32
M01284,V0153,L026,2026-04-03 13:20
M01285,V0017,L077,2026-04-08 17:04
M01286,V0340,L024,2026-08-05 09:38
M01287,V0023,L014,2026-05-02 11:19
M01288,V0103,L077,2026-04-09 12:39
M01289,V0265,L077,2026-05-16 21:15
M01290,V0264,L037,2026-04-19 10:52
M01291,V0110,L063,2026-03-12 23:33
M01292,V0007,L012,2026-06-25 07:42
M01293,V0189,L067,2026-05-19 13:09
M01294,V0010,L005,2026-04-06 07:02
M01295,V0084,L002,2026-02-24 19:08
M01296,V0195,L069,2026-07-02 03:31
M01297,V0118,L065,2026-06-11 22:23
M01298,V0187,L046,2026-01-12 03:40
M01299,V0279,L012,2026-08-28 21:59
M01300,V0193,L012,2026-05-06 12:50
M01301,V0215,L018,2026-05-10 07:26
M01302,V0254,L062,2026-01-27 08:40
M01303,V0046,L012,2026-01-17 01:03
M01304,V0324,L023,2026-07-09 19:06
M01305,V0104,L042,2026-08-09 16:37
M01306,V0184,L052,2026-05-05 11:09
M01307,V0252,L044,2026-04-03 14:31
M01308,V0300,L009,2026-01-12 07:28
M01309,V0090,L046,2026-07-12 12:14
M01310,V0107,L064,2026-04-09 06:54
M01311,V0158,L070,2026-02-20 01:01
M01312,V0016,L004,2026-03-09 05:01
M01313,V0037,L017,2026-08-15 12:50
M01314,V0015,L050,2026-07-05 11:42
M01315,V0299,L048,2026-08-18 15:18
M01316,V0153,L015,2026-02-05 23:32
M01317,V0160,L065,2026-05-06 02:30
M01318,V0090,L063,2026-05-25 20:09
M01319,V0040,L080,2026-05-02 21:47
M01320,V0148,L061,2026-02-07 13:30
M01321,V0057,L056,2026-02-21 13:33
M01322,V0151,L076,2026-02-21 04:24
M01323,V0121,L068,2026-03-15 19:19
M01324,V0045,L040,2026-06-21 11:00
M01325,V0303,L060,2026-04-28 06:12
M01326,V0024,L078,2026-08-02 07:54
M01327,V0264,L021,2026-05-27 05:58
M01328,V0304,L070,2026-06-24 04:31
M01329,V0031,L038,2026-08-21 21:14
M01330,V0143,L040,2026-05-27 12:56
M01331,V0108,L038,2026-07-09 15:16
M01332,V0292,L056,2026-06-19 03:15
M01333,V0051,L011,2026-01-03 11:08
M01334,V0085,L010,2026-02-12 18:22
M01335,V0277,L069,2026-02-06 06:27
M01336,V0288,L068,2026-07-13 01:32
M01337,V0337,L071,2026-03-08 04:15
M01338,V0191,L013,2026-02-08 21:37
M01339,V0169,L022,2026-03-11 23:16
M01340,V0295,L037,2026-06-15 00:13
M01341,V0041,L061,2026-07-18 21:06
M01342,V0029,L012,2026-04-27 05:17
M01343,V0241,L007,2026-08-07 01:32
M01344,V0051,L038,2026-02-09 05:14
M01345,V0225,L046,2026-08-09 22:21
M01346,V0349,L036,2026-06-28 20:07
M01347,V0227,L030,2026-04-01 02:26
M01348,V0174,L034,2026-08-13 11:28
M01349,V0272,L012,2026-06-24 18:04
M01350,V0216,L051,2026-06-11 20:43
M01351,V0048,L057,2026-03-26 17:24
M01352,V0129,L020,2026-02-25 06:27
M01353,V0028,L015,2026-08-28 02:19
M01354,V0248,L021,2026-03-27 21:08
M01355,V0311,L037,2026-06-07 03:36
M01356,V0208,L041,2026-02-13 09:50
M01357,V0149,L013,2026-01-26 10:17
M01358,V0006,L004,2026-06-24 07:33
M01359,V0007,L078,2026-05-25 05:01
M01360,V0239,L079,2026-07-23 03:44
M01361,V0315,L076,2026-01-28 20:39
M01362,V0238,L076,2026-07-11 23:36
M01363,V0041,L029,2026-02-04 17:56
M01364,V0256,L003,2026-08-17 23:04
M01365,V0171,L058,2026-05-23 18:59
M01366,V0349,L016,2026-07-28 15:04
M01367,V0217,L042,2026-07-16 01:43
M01368,V0295,L068,2026-07-14 15:51
M01369,V0280,L069,2026-06-04 23:27
M01370,V0282,L023,2026-01-07 17:59
M01371,V0189,L019,2026-06-15 19:19
M01372,V0031,L009,2026-06-10 22:05
M01373,V0342,L048,2026-01-13 16:50
M01374,V0300,L072,2026-06-03 03:34
M01375,V0284,L012,2026-02-13 21:50
M01376,V0251,L069,2026-08-07 08:32
M01377,V0029,L072,2026-06-04 22:16
M01378,V0315,L052,2026-07-15 11:29
M01379,V0338,L013,2026-07-19 10:18
M01380,V0013,L018,2026-04-04 06:48
M01381,V0148,L024,2026-07-18 06:39
M01382,V0335,L049,2026-06-15 03:14
M01383,V0326,L079,2026-06-15 00:02
M01384,V0055,L055,2026-05-12 02:40
M01385,V0075,L022,2026-05-21 01:11
M01386,V0114,L067,2026-08-26 17:39
M01387,V0347,L025,2026-01-07 17:07
M01388,V0152,L060,2026-07-27 01:17
M01389,V0002,L074,2026-07-28 22:56
M01390,V0095,L055,2026-03-19 05:09
M01391,V0179,L073,2026-06-07 14:27
M01392,V0087,L016,2026-01-24 18:35
M01393,V0185,L026,2026-03-23 14:08
M01394,V0225,L018,2026-01-14 12:29
M01395,V0189,L036,2026-01-12 18:31
M01396,V0110,L003,2026-04-15 10:42
M01397,V0124,L061,2026-05-12 22:57
M01398,V0032,L065,2026-04-01 22:25
M01399,V0288,L018,2026-05-17 03:54
M01400,V0227,L007,2026-05-19 22:26
M01401,V0250,L020,2026-05-05 14:46
M01402,V0318,L011,2026-02-14 06:28
M01403,V0316,L067,2026-01-02 08:48
M01404,V0230,L019,2026-01-06 22:46
M01405,V0272,L069,2026-03-07 18:28
M01406,V0289,L063,2026-01-25 17:56
M01407,V0226,L061,2026-01-28 02:20
M01408,V0342,L022,2026-05-22 05:17
M01409,V0146,L032,2026-02-02 04:39
M01410,V0294,L028,2026-03-04 00:57
M01411,V0110,L052,2026-08-21 08:52
M01412,V0019,L005,2026-03-24 10:52
M01413,V0342,L034,2026-03-16 00:50
M01414,V0302,L066,2026-04-04 22:55
M01415,V0264,L016,2026-01-08 08:12
M01416,V0016,L059,2026-02-10 17:50
M01417,V0282,L028,2026-01-11 23:19
M01418,V0177,L004,2026-03-16 20:22
M01419,V0307,L070,2026-07-17 11:35
M01420,V0050,L077,2026-08-09 16:35
M01421,V0349,L039,2026-07-21 14:16
M01422,V0280,L020,2026-03-07 05:50
M01423,V0276,L052,2026-05-06 10:00
M01424,V0156,L053,2026-05-15 02:59
M01425,V0249,L038,2026-03-13 11:52
M01426,V0279,L070,2026-05-02 13:27
M01427,V0044,L020,2026-05-12 00:05
M01428,V0036,L056,2026-01-26 03:10
M01429,V0327,L035,2026-02-27 17:06
M01430,V0052,L053,2026-01-15 12:11
M01431,V0052,L003,2026-07-20 20:58
M01432,V0084,L053,2026-03-03 12:35
M01433,V0139,L061,2026-03-24 00:10
M01434,V0025,L049,2026-04-03 09:04
M01435,V0018,L076,2026-03-09 08:13
M01436,V0094,L075,2026-06-24 09:00
M01437,V0341,L045,2026-07-28 16:44
M01438,V0200,L037,2026-03-19 12:47
M01439,V0064,L063,2026-03-25 08:50
M01440,V0235,L018,2026-08-22 06:04
M01441,V0269,L072,2026-08-02 13:58
M01442,V0025,L040,2026-05-13 04:01
M01443,V0108,L057,2026-05-10 23:22
M01444,V0244,L010,2026-02-22 13:43
M01445,V0245,L026,2026-05-23 04:54
M01446,V0321,L010,2026-05-05 02:06
M01447,V0143,L004,2026-08-21 17:49
M01448,V0040,L030,2026-07-22 12:52
M01449,V0160,L077,2026-03-27 18:00
M01450,V0254,L008,2026-04-17 07:54
M01451,V0289,L038,2026-03-15 03:54
M01452,V0113,L034,2026-03-10 15:03
M01453,V0214,L039,2026-03-05 04:20
M01454,V0228,L013,2026-07-24 09:03
M01455,V0015,L036,2026-06-27 05:16
M01456,V0061,L035,2026-04-21 08:50
M01457,V0187,L055,2026-05-14 12:13
M01458,V0310,L062,2026-02-27 16:02
M01459,V0047,L018,2026-01-13 06:15
M01460,V0182,L064,2026-06-21 18:39
M01461,V0245,L080,2026-05-20 14:20
M01462,V0208,L059,2026-06-14 08:24
M01463,V0338,L055,2026-08-13 12:59
M01464,V0226,L033,2026-02-08 09:44
M01465,V0262,L014,2026-07-19 23:17
M01466,V0007,L028,2026-03-10 04:10
M01467,V0057,L055,2026-05-24 11:12
M01468,V0070,L037,2026-05-23 20:08
M01469,V0062,L040,2026-07-04 00:01
M01470,V0146,L074,2026-04-11 19:02
M01471,V0028,L043,2026-02-25 19:35
M01472,V0099,L055,2026-06-03 09:25
M01473,V0298,L008,2026-06-20 21:05
M01474,V0275,L030,2026-08-14 11:13
M01475,V0318,L059,2026-01-02 10:29
M01476,V0276,L028,2026-05-03 00:34
M01477,V0026,L064,2026-06-02 18:21
M01478,V0031,L028,2026-06-09 11:07
M01479,V0108,L056,2026-05-02 04:46
M01480,V0312,L039,2026-03-24 04:44
M01481,V0023,L072,2026-06-19 10:00
M01482,V0098,L013,2026-03-26 22:53
M01483,V0050,L047,2026-06-19 11:36
M01484,V0315,L048,2026-03-09 02:38
M01485,V0225,L015,2026-07-13 10:20
M01486,V0111,L049,2026-01-04 17:05
M01487,V0056,L061,2026-01-07 04:35
M01488,V0023,L032,2026-03-23 11:12
M01489,V0276,L026,2026-07-03 09:17
M01490,V0319,L016,2026-08-19 04:52
M01491,V0037,L054,2026-06-03 09:53
M01492,V0280,L016,2026-02-04 09:57
M01493,V0210,L071,2026-08-06 12:07
M01494,V0061,L064,2026-04-16 00:11
M01495,V0063,L048,2026-04-18 08:22
M01496,V0022,L027,2026-06-11 20:37
M01497,V0307,L051,2026-08-08 02:12
M01498,V0341,L014,2026-03-04 06:51
M01499,V0039,L024,2026-05-07 08:45
M01500,V0342,L049,2026-07-23 12:08
M01501,V0310,L015,2026-04-23 12:11
M01502,V0041,L043,2026-04-19 08:55
M01503,V0133,L002,2026-07-01 02:53
M01504,V0150,L054,2026-02-23 04:00
M01505,V0176,L071,2026-05-20 17:18
M01506,V0132,L058,2026-06-08 19:12
M01507,V0218,L008,2026-01-16 09:33
M01508,V0056,L026,2026-04-12 07:13
M01509,V0126,L055,2026-05-03 14:22
M01510,V0057,L065,2026-01-22 00:28
M01511,V0340,L045,2026-07-12 17:09
M01512,V0173,L042,2026-05-17 23:15
M01513,V0260,L055,2026-07-03 04:12
M01514,V0349,L044,2026-08-20 00:59
M01515,V0174,L001,2026-08-26 06:02
M01516,V0306,L008,2026-08-28 04:36
M01517,V0129,L068,2026-06-13 07:24
M01518,V0219,L052,2026-08-07 03:58
M01519,V0110,L078,2026-07-24 05:44
M01520,V0266,L051,2026-04-07 17:36
M01521,V0235,L043,2026-05-16 00:07
M01522,V0343,L011,2026-03-03 09:12
M01523,V0184,L078,2026-04-20 07:36
M01524,V0133,L021,2026-08-06 16:52
M01525,V0077,L069,2026-02-25 11:56
M01526,V0214,L048,2026-07-01 09:03
M01527,V0090,L072,2026-08-10 09:29
M01528,V0238,L003,2026-07-09 17:05
M01529,V0106,L031,2026-06-16 16:59
M01530,V0082,L080,2026-03-09 23:18
M01531,V0067,L030,2026-06-25 01:25
M01532,V0280,L067,2026-05-07 18:15
M01533,V0303,L029,2026-07-01 12:44
M01534,V0075,L055,2026-04-18 22:09
M01535,V0118,L080,2026-02-20 04:37
M01536,V0152,L061,2026-08-09 11:50
M01537,V0132,L047,2026-07-23 21:45
M01538,V0008,L025,2026-02-21 20:53
M01539,V0278,L053,2026-07-12 18:11
M01540,V0244,L077,2026-05-17 03:52
M01541,V0324,L023,2026-07-10 10:58
M01542,V0146,L067,2026-03-15 15:07
M01543,V0290,L045,2026-02-21 03:39
M01544,V0301,L034,2026-02-27 23:14
M01545,V0205,L039,2026-05-22 14:30
M01546,V0083,L075,2026-02-04 17:32
M01547,V0146,L040,2026-01-24 03:51
M01548,V0131,L058,2026-01-18 05:12
M01549,V0046,L076,2026-07-04 15:41
M01550,V0074,L046,2026-03-22 21:33
M01551,V0133,L034,2026-03-15 03:40
M01552,V0260,L004,2026-05-12 10:39
M01553,V0047,L023,2026-06-04 05:06
M01554,V0326,L062,2026-05-25 20:58
M01555,V0158,L057,2026-06-14 23:47
M01556,V0118,L051,2026-06-04 16:13
M01557,V0241,L004,2026-05-15 01:45
M01558,V0084,L025,2026-08-25 03:41
M01559,V0084,L047,2026-01-13 16:11
M01560,V0057,L018,2026-01-08 11:32
M01561,V0062,L031,2026-08-20 21:21
M01562,V0043,L080,2026-07-21 05:44
M01563,V0136,L048,2026-03-09 01:23
M01564,V0186,L065,2026-08-06 07:52
M01565,V0186,L077,2026-02-26 18:42
M01566,V0320,L066,2026-06-25 11:10
M01567,V0087,L077,2026-03-20 14:30
M01568,V0018,L024,2026-06-21 18:50
M01569,V0283,L037,2026-06-18 10:58
M01570,V0161,L037,2026-03-06 01:20
M01571,V0151,L065,2026-08-06 18:07
M01572,V0096,L077,2026-07-15 07:15
M01573,V0334,L047,2026-04-15 00:54
M01574,V0324,L055,2026-04-05 06:03
M01575,V0002,L010,2026-08-03 19:55
M01576,V0182,L046,2026-08-26 13:12
M01577,V0068,L077,2026-06-21 03:25
M01578,V0212,L017,2026-02-12 22:27
M01579,V0326,L061,2026-05-26 17:47
M01580,V0193,L027,2026-08-10 15:03
M01581,V0122,L003,2026-04-14 12:15
M01582,V0265,L055,2026-01-05 12:40
M01583,V0262,L059,2026-02-22 14:21
M01584,V0258,L034,2026-01-11 07:48
M01585,V0035,L069,2026-07-11 17:20
M01586,V0094,L024,2026-08-13 23:07
M01587,V0229,L021,2026-08-09 13:03
M01588,V0006,L032,2026-05-03 00:48
M01589,V0192,L072,2026-03-26 16:28
M01590,V0015,L031,2026-06-03 15:05
M01591,V0302,L076,2026-05-22 23:44
M01592,V0290,L057,2026-05-11 00:54
M01593,V0011,L078,2026-08-02 13:17
M01594,V0339,L034,2026-01-26 22:30
M01595,V0338,L010,2026-03-22 10:14
M01596,V0148,L054,2026-02-04 10:54
M01597,V0169,L043,2026-03-27 08:40
M01598,V0016,L018,2026-08-18 21:46
M01599,V0095,L007,2026-02-12 17:04
M01600,V0059,L030,2026-01-17 20:57
M01601,V0117,L077,2026-06-07 03:04
M01602,V0223,L080,2026-06-21 21:53
M01603,V0064,L046,2026-03-05 06:16
M01604,V0168,L008,2026-07-01 21:51
M01605,V0246,L010,2026-04-16 12:24
M01606,V0240,L002,2026-01-13 00:27
M01607,V0028,L044,2026-01-23 13:18
M01608,V0015,L046,2026-02-03 17:14
M01609,V0092,L071,2026-05-01 22:47
M01610,V0050,L038,2026-05-02 14:39
M01611,V0011,L035,2026-04-17 18:56
M01612,V0099,L042,2026-04-04 14:12
M01613,V0075,L038,2026-07-04 11:57
M01614,V0343,L046,2026-03-05 09:41
M01615,V0042,L009,2026-04-09 02:18
M01616,V0283,L014,2026-03-14 23:35
M01617,V0290,L018,2026-07-12 17:44
M01618,V0113,L042,2026-03-16 07:34
M01619,V0105,L079,2026-07-26 16:34
M01620,V0166,L053,2026-01-23 13:58
M01621,V0313,L035,2026-06-25 12:32
M01622,V0323,L036,2026-08-02 19:54
M01623,V0111,L011,2026-06-16 18:42
M01624,V0302,L055,2026-06-19 03:11
M01625,V0324,L032,2026-05-28 08:52
M01626,V0332,L078,2026-05-20 06:00
M01627,V0238,L071,2026-05-11 14:54
M01628,V0258,L034,2026-05-20 20:46
M01629,V0032,L022,2026-04-02 15:52
M01630,V0243,L015,2026-05-21 12:52
M01631,V0169,L005,2026-03-18 13:00
M01632,V0039,L010,2026-04-15 13:53
M01633,V0316,L009,2026-01-17 02:50
M01634,V0280,L077,2026-02-23 20:48
M01635,V0113,L061,2026-01-04 03:02
M01636,V0146,L059,2026-01-17 20:41
M01637,V0138,L036,2026-05-09 10:54
M01638,V0118,L018,2026-06-13 15:08
M01639,V0046,L009,2026-06-03 02:00
M01640,V0291,L035,2026-06-24 21:43
M01641,V0068,L052,2026-06-25 16:40
M01642,V0068,L010,2026-07-11 11:05
M01643,V0154,L056,2026-03-22 00:54
M01644,V0001,L001,2026-08-21 13:19
M01645,V0055,L040,2026-04-15 14:10
M01646,V0082,L023,2026-06-11 13:50
M01647,V0297,L025,2026-02-27 08:36
M01648,V0119,L046,2026-05-18 17:04
M01649,V0023,L064,2026-04-05 14:26
M01650,V0037,L076,2026-01-08 14:30
M01651,V0232,L032,2026-02-04 00:50
M01652,V0088,L041,2026-04-26 14:42
M01653,V0164,L075,2026-04-07 10:34
M01654,V0161,L015,2026-06-22 02:40
M01655,V0152,L074,2026-05-02 21:01
M01656,V0254,L034,2026-07-28 15:08
M01657,V0117,L076,2026-08-25 19:52
M01658,V0268,L069,2026-02-04 16:32
M01659,V0074,L013,2026-01-15 12:54
M01660,V0350,L005,2026-06-22 18:58
M01661,V0187,L041,2026-08-25 01:16
M01662,V0074,L048,2026-04-23 14:58
M01663,V0240,L053,2026-07-16 22:15
M01664,V0068,L048,2026-05-19 12:24
M01665,V0016,L063,2026-01-06 17:40
M01666,V0241,L028,2026-08-27 04:13
M01667,V0282,L004,2026-06-15 03:09
M01668,V0060,L052,2026-07-06 19:24
M01669,V0345,L050,2026-03-16 07:16
M01670,V0087,L068,2026-01-21 08:10
M01671,V0204,L070,2026-06-24 21:18
M01672,V0149,L051,2026-01-21 20:40
M01673,V0339,L052,2026-06-17 19:38
M01674,V0123,L019,2026-02-20 02:42
M01675,V0118,L025,2026-01-09 09:08
M01676,V0049,L062,2026-06-07 09:44
M01677,V0273,L045,2026-07-09 11:47
M01678,V0008,L037,2026-05-14 05:16
M01679,V0013,L040,2026-05-04 12:59
M01680,V0111,L012,2026-07-24 21:45
M01681,V0198,L037,2026-02-16 01:03
M01682,V0032,L029,2026-04-15 18:01
M01683,V0132,L057,2026-05-26 04:07
M01684,V0068,L006,2026-07-26 21:25
M01685,V0011,L048,2026-01-23 17:49
M01686,V0167,L054,2026-01-25 04:46
M01687,V0287,L075,2026-02-21 15:03
M01688,V0257,L065,2026-01-15 04:17
M01689,V0077,L008,2026-08-11 07:01
M01690,V0288,L057,2026-08-05 04:24
M01691,V0307,L055,2026-07-15 07:17
M01692,V0318,L041,2026-07-02 02:47
M01693,V0167,L005,2026-01-17 11:50
M01694,V0285,L042,2026-05-19 02:45
M01695,V0150,L050,2026-06-03 13:57
M01696,V0255,L075,2026-03-04 04:28
M01697,V0034,L078,2026-06-05 12:05
M01698,V0248,L016,2026-07-16 01:42
M01699,V0300,L056,2026-04-28 22:45
M01700,V0243,L018,2026-01-03 13:16
M01701,V0278,L041,2026-05-15 02:15
M01702,V0113,L018,2026-06-18 02:44
M01703,V0300,L053,2026-04-09 17:56
M01704,V0047,L030,2026-01-27 01:19
M01705,V0349,L031,2026-07-05 11:41
M01706,V0201,L073,2026-02-22 10:15
M01707,V0330,L078,2026-04-01 10:35
M01708,V0042,L069,2026-08-23 12:10
M01709,V0145,L001,2026-05-14 12:05
M01710,V0015,L009,2026-01-14 21:58
M01711,V0034,L074,2026-06-24 16:54
M01712,V0035,L049,2026-02-17 19:12
M01713,V0077,L074,2026-07-11 06:27
M01714,V0198,L015,2026-05-12 00:42
M01715,V0040,L071,2026-02-18 15:35
M01716,V0186,L008,2026-04-27 14:19
M01717,V0104,L050,2026-02-06 10:04
M01718,V0146,L022,2026-07-04 16:38
M01719,V0347,L011,2026-03-10 02:20
M01720,V0082,L009,2026-03-03 20:50
M01721,V0321,L080,2026-04-26 06:34
M01722,V0233,L027,2026-01-02 21:24
M01723,V0020,L031,2026-03-27 16:37
M01724,V0228,L078,2026-06-15 07:29
M01725,V0237,L048,2026-07-24 23:44
M01726,V0323,L038,2026-02-01 17:37
M01727,V0158,L048,2026-03-02 15:08
M01728,V0173,L078,2026-05-24 00:12
M01729,V0254,L050,2026-05-19 09:44
M01730,V0041,L025,2026-04-01 18:32
M01731,V0131,L041,2026-06-05 22:58
M01732,V0070,L048,2026-06-10 19:45
M01733,V0131,L017,2026-03-17 10:55
M01734,V0037,L034,2026-02-08 12:47
M01735,V0104,L019,2026-06-11 16:49
M01736,V0221,L014,2026-04-07 23:12
M01737,V0335,L028,2026-01-12 13:06
M01738,V0322,L030,2026-02-03 03:42
M01739,V0336,L032,2026-08-05 06:44
M01740,V0216,L061,2026-01-17 05:47
M01741,V0064,L028,2026-06-24 20:11
M01742,V0078,L010,2026-02-03 03:33
M01743,V0300,L004,2026-04-22 23:03
M01744,V0260,L062,2026-04-08 06:02
M01745,V0308,L009,2026-04-17 20:38
M01746,V0043,L078,2026-07-27 00:10
M01747,V0010,L066,2026-03-18 18:26
M01748,V0337,L065,2026-02-18 03:17
M01749,V0121,L027,2026-06-21 16:26
M01750,V0092,L070,2026-04-12 16:45
M01751,V0288,L002,2026-06-18 16:49
M01752,V0232,L063,2026-07-17 01:29
M01753,V0209,L072,2026-08-19 01:11
M01754,V0144,L037,2026-07-09 08:10
M01755,V0103,L045,2026-07-09 16:17
M01756,V0015,L075,2026-03-22 15:01
M01757,V0075,L074,2026-01-26 15:58
M01758,V0191,L033,2026-03-26 04:59
M01759,V0328,L034,2026-01-03 09:29
M01760,V0199,L070,2026-04-27 12:12
M01761,V0332,L078,2026-02-11 19:25
M01762,V0183,L066,2026-07-14 21:33
M01763,V0055,L035,2026-01-25 07:53
M01764,V0139,L069,2026-05-11 08:20
M01765,V0124,L054,2026-08-19 06:41
M01766,V0089,L054,2026-04-07 08:22
M01767,V0350,L057,2026-01-17 21:04
M01768,V0037,L061,2026-06-27 18:24
M01769,V0209,L012,2026-05-10 21:27
M01770,V0200,L048,2026-05-19 01:33
M01771,V0311,L045,2026-08-04 01:30
M01772,V0023,L050,2026-02-04 08:55
M01773,V0008,L023,2026-03-22 06:52
M01774,V0328,L044,2026-07-01 12:58
M01775,V0180,L067,2026-06-28 11:11
M01776,V0092,L076,2026-06-01 19:42
M01777,V0155,L037,2026-04-14 00:51
M01778,V0139,L069,2026-05-18 21:44
M01779,V0348,L051,2026-02-18 03:31
M01780,V0146,L042,2026-08-24 10:28
M01781,V0207,L067,2026-03-14 20:13
M01782,V0223,L077,2026-01-21 01:58
M01783,V0260,L075,2026-08-08 20:50
M01784,V0025,L029,2026-07-12 19:44
M01785,V0018,L060,2026-08-09 13:28
M01786,V0129,L028,2026-04-10 00:36
M01787,V0350,L059,2026-01-11 10:21
M01788,V0016,L015,2026-04-07 06:52
M01789,V0149,L030,2026-02-25 15:46
M01790,V0069,L063,2026-05-20 13:44
M01791,V0115,L013,2026-06-08 23:16
M01792,V0011,L019,2026-07-04 21:03
M01793,V0063,L043,2026-06-28 04:24
M01794,V0107,L022,2026-04-03 01:28
M01795,V0267,L044,2026-08-16 16:44
M01796,V0281,L037,2026-07-05 01:23
M01797,V0149,L018,2026-01-24 22:05
M01798,V0047,L067,2026-07-13 16:11
M01799,V0241,L022,2026-07-08 23:19
M01800,V0024,L011,2026-02-10 18:28
M01801,V0226,L033,2026-02-18 02:52
M01802,V0258,L017,2026-08-03 20:22
M01803,V0053,L025,2026-02-19 08:33
M01804,V0087,L069,2026-03-15 13:44
M01805,V0113,L035,2026-04-26 19:16
M01806,V0222,L030,2026-06-15 23:06
M01807,V0273,L068,2026-07-21 17:48
M01808,V0101,L041,2026-05-16 07:53
M01809,V0239,L037,2026-06-15 03:19
M01810,V0229,L024,2026-08-09 21:47
M01811,V0234,L077,2026-04-04 22:41
M01812,V0308,L070,2026-01-15 02:08
M01813,V0127,L025,2026-07-15 16:06
M01814,V0075,L014,2026-06-12 08:59
M01815,V0082,L029,2026-08-08 18:43
M01816,V0303,L058,2026-08-22 22:01
M01817,V0139,L014,2026-05-27 22:21
M01818,V0277,L069,2026-07-03 06:25
M01819,V0139,L025,2026-03-08 11:36
M01820,V0017,L052,2026-04-05 16:29
M01821,V0232,L042,2026-06-09 23:32
M01822,V0147,L005,2026-01-10 04:04
M01823,V0002,L077,2026-08-19 22:33
M01824,V0266,L043,2026-08-14 22:00
M01825,V0036,L074,2026-07-23 13:58
M01826,V0338,L050,2026-08-19 06:52
M01827,V0298,L073,2026-03-16 17:43
M01828,V0100,L050,2026-01-28 22:54
M01829,V0253,L075,2026-01-23 18:31
M01830,V0349,L069,2026-03-27 00:31
M01831,V0338,L074,2026-04-23 07:33
M01832,V0037,L002,2026-02-25 06:25
M01833,V0067,L036,2026-01-17 23:12
M01834,V0042,L079,2026-06-26 21:09
M01835,V0194,L034,2026-07-16 09:55
M01836,V0130,L042,2026-07-23 06:46
M01837,V0092,L019,2026-06-01 11:19
M01838,V0333,L049,2026-08-24 16:55
M01839,V0267,L037,2026-01-25 11:36
M01840,V0170,L034,2026-08-10 05:00
M01841,V0015,L017,2026-03-08 09:51
M01842,V0114,L058,2026-02-10 05:54
M01843,V0146,L025,2026-01-26 03:15
M01844,V0237,L023,2026-05-20 05:34
M01845,V0283,L038,2026-01-26 23:50
M01846,V0293,L052,2026-07-11 15:14
M01847,V0271,L044,2026-04-21 14:20
M01848,V0056,L023,2026-03-01 15:08
M01849,V0044,L041,2026-01-11 12:00
M01850,V0091,L024,2026-03-09 15:41
M01851,V0019,L030,2026-03-21 22:05
M01852,V0122,L025,2026-08-18 00:03
M01853,V0199,L069,2026-05-01 19:43
M01854,V0210,L036,2026-03-19 07:35
M01855,V0186,L042,2026-06-02 14:40
M01856,V0301,L025,2026-03-25 00:02
M01857,V0272,L018,2026-03-26 09:17
M01858,V0349,L076,2026-02-08 01:40
M01859,V0197,L013,2026-01-17 11:20
M01860,V0337,L063,2026-01-09 03:37
M01861,V0097,L053,2026-05-01 12:17
M01862,V0051,L048,2026-02-04 16:08
M01863,V0094,L022,2026-05-04 07:42
M01864,V0085,L074,2026-06-02 02:01
M01865,V0066,L032,2026-03-07 23:10
M01866,V0062,L028,2026-03-23 17:20
M01867,V0260,L016,2026-05-06 15:14
M01868,V0163,L005,2026-03-05 03:45
M01869,V0138,L080,2026-02-13 02:03
M01870,V0044,L077,2026-06-08 21:09
M01871,V0048,L001,2026-06-20 15:32
M01872,V0329,L039,2026-03-27 21:34
M01873,V0046,L038,2026-04-21 10:53
M01874,V0062,L080,2026-05-23 22:07
M01875,V0320,L074,2026-08-20 17:55
M01876,V0045,L063,2026-07-08 00:42
M01877,V0055,L077,2026-02-04 11:17
M01878,V0108,L015,2026-07-23 14:03
M01879,V0041,L038,2026-02-01 09:43
M01880,V0287,L067,2026-03-27 00:26
M01881,V0135,L045,2026-07-05 20:40
M01882,V0016,L004,2026-04-21 05:45
M01883,V0254,L025,2026-07-25 11:09
M01884,V0332,L073,2026-04-20 14:08
M01885,V0192,L017,2026-01-24 20:20
M01886,V0194,L045,2026-07-23 23:29
M01887,V0317,L013,2026-07-15 02:57
M01888,V0073,L060,2026-05-26 08:45
M01889,V0010,L013,2026-04-01 11:36
M01890,V0231,L017,2026-06-26 06:15
M01891,V0333,L022,2026-05-25 20:37
M01892,V0233,L006,2026-08-22 06:01
M01893,V0203,L072,2026-07-28 17:32
M01894,V0242,L071,2026-07-27 03:36
M01895,V0094,L008,2026-03-27 22:09
M01896,V0279,L045,2026-05-02 08:00
M01897,V0073,L052,2026-02-14 12:50
M01898,V0267,L033,2026-06-22 01:06
M01899,V0164,L056,2026-03-06 10:51
M01900,V0277,L034,2026-02-20 00:26
M01901,V0007,L038,2026-06-27 20:47
M01902,V0313,L070,2026-03-23 14:35
M01903,V0034,L037,2026-08-02 10:42
M01904,V0223,L039,2026-08-22 03:53
M01905,V0248,L019,2026-02-06 12:36
M01906,V0263,L013,2026-06-27 07:14
M01907,V0139,L046,2026-04-07 17:19
M01908,V0107,L003,2026-03-14 19:29
M01909,V0259,L066,2026-04-07 03:03
M01910,V0091,L007,2026-06-23 04:02
M01911,V0330,L047,2026-07-09 10:39
M01912,V0269,L002,2026-04-09 08:03
M01913,V0175,L069,2026-06-14 11:46
M01914,V0316,L047,2026-02-19 15:47
M01915,V0132,L032,2026-06-02 08:56
M01916,V0152,L039,2026-03-25 21:01
M01917,V0304,L048,2026-05-11 11:17
M01918,V0309,L012,2026-03-25 16:13
M01919,V0038,L013,2026-08-23 18:54
M01920,V0146,L075,2026-05-09 04:11
M01921,V0263,L031,2026-03-20 20:36
M01922,V0172,L065,2026-08-28 09:09
M01923,V0225,L077,2026-07-24 07:00
M01924,V0143,L079,2026-06-27 20:21
M01925,V0012,L073,2026-05-15 17:41
M01926,V0346,L049,2026-05-03 13:12
M01927,V0280,L071,2026-03-17 21:58
M01928,V0033,L002,2026-06-24 18:48
M01929,V0083,L045,2026-02-06 03:07
M01930,V0259,L076,2026-05-13 05:15
M01931,V0054,L011,2026-07-13 11:53
M01932,V0189,L050,2026-04-21 13:55
M01933,V0114,L001,2026-01-22 09:52
M01934,V0348,L025,2026-04-11 18:54
M01935,V0021,L011,2026-06-13 09:00
M01936,V0235,L047,2026-06-23 12:36
M01937,V0147,L012,2026-05-13 23:58
M01938,V0227,L027,2026-06-20 04:44
M01939,V0259,L025,2026-07-26 04:23
M01940,V0243,L059,2026-05-23 03:42
M01941,V0202,L016,2026-07-27 11:26
M01942,V0202,L041,2026-08-13 09:00
M01943,V0204,L028,2026-04-13 11:21
M01944,V0261,L051,2026-02-15 03:05
M01945,V0029,L055,2026-07-15 18:24
M01946,V0307,L029,2026-03-09 18:41
M01947,V0209,L020,2026-04-10 09:12
M01948,V0217,L077,2026-03-17 10:05
M01949,V0177,L054,2026-03-23 16:13
M01950,V0255,L077,2026-05-15 14:40
M01951,V0149,L009,2026-08-24 06:14
M01952,V0127,L054,2026-01-04 01:30
M01953,V0276,L055,2026-08-13 21:02
M01954,V0189,L028,2026-05-24 10:02
M01955,V0105,L043,2026-02-14 21:47
M01956,V0340,L047,2026-05-20 23:56
M01957,V0277,L008,2026-07-04 16:54
M01958,V0160,L049,2026-05-18 15:24
M01959,V0004,L067,2026-06-28 14:57
M01960,V0201,L040,2026-07-26 00:13
M01961,V0193,L026,2026-03-10 04:34
M01962,V0221,L052,2026-03-05 15:06
M01963,V0319,L019,2026-02-15 07:26
M01964,V0199,L044,2026-07-14 14:14
M01965,V0311,L008,2026-07-22 01:59
M01966,V0251,L021,2026-08-22 15:48
M01967,V0084,L025,2026-07-12 22:28
M01968,V0212,L010,2026-05-15 22:27
M01969,V0211,L046,2026-08-21 03:26
M01970,V0131,L004,2026-03-06 12:07
M01971,V0338,L017,2026-04-09 18:45
M01972,V0131,L044,2026-08-06 08:44
M01973,V0135,L077,2026-02-15 13:17
M01974,V0276,L024,2026-07-04 09:51
M01975,V0269,L010,2026-01-19 19:57
M01976,V0175,L062,2026-02-18 07:13
M01977,V0266,L003,2026-08-01 07:40
M01978,V0123,L015,2026-06-13 13:30
M01979,V0005,L044,2026-04-27 07:41
M01980,V0343,L006,2026-06-03 19:34
M01981,V0103,L070,2026-07-02 12:36
M01982,V0207,L024,2026-05-20 17:38
M01983,V0187,L054,2026-02-03 01:53
M01984,V0100,L002,2026-08-28 11:33
M01985,V0198,L028,2026-01-09 01:51
M01986,V0152,L035,2026-02-13 02:25
M01987,V0208,L013,2026-04-26 00:25
M01988,V0103,L042,2026-05-17 11:12
M01989,V0294,L054,2026-02-21 00:18
M01990,V0264,L003,2026-01-11 20:30
M01991,V0135,L075,2026-08-12 16:45
M01992,V0130,L007,2026-03-10 18:15
M01993,V0257,L059,2026-02-27 06:34
M01994,V0308,L077,2026-03-15 18:44
M01995,V0118,L044,2026-05-25 08:43
M01996,V0138,L044,2026-01-11 23:28
M01997,V0104,L008,2026-02-19 23:38
M01998,V0166,L017,2026-07-03 08:44
M01999,V0181,L057,2026-03-27 09:23
M02000,V0328,L052,2026-07-08 13:13
M02001,V0025,L046,2026-02-05 16:58
M02002,V0043,L053,2026-04-27 14:39
M02003,V0300,L056,2026-04-03 14:15
M02004,V0101,L026,2026-06-13 17:40
M02005,V0128,L051,2026-06-15 01:46
M02006,V0324,L008,2026-02-11 21:02
M02007,V0125,L035,2026-04-04 13:09
M02008,V0313,L023,2026-04-24 10:25
M02009,V0095,L016,2026-04-09 06:15
M02010,V0190,L058,2026-02-25 05:01
M02011,V0166,L063,2026-05-20 04:52
M02012,V0036,L029,2026-07-01 12:32
M02013,V0096,L068,2026-08-25 04:50
M02014,V0342,L066,2026-08-02 04:16
M02015,V0190,L052,2026-05-26 22:20
M02016,V0120,L016,2026-01-16 12:40
M02017,V0300,L008,2026-08-01 00:49
M02018,V0345,L074,2026-07-02 17:36
M02019,V0224,L060,2026-05-09 07:41
M02020,V0166,L076,2026-04-09 11:41
M02021,V0253,L010,2026-07-23 21:07
M02022,V0186,L055,2026-04-08 12:01
M02023,V0209,L011,2026-01-25 22:43
M02024,V0041,L032,2026-03-07 02:11
M02025,V0098,L003,2026-04-13 15:10
M02026,V0219,L065,2026-05-15 07:02
M02027,V0278,L012,2026-07-20 01:12
M02028,V0176,L004,2026-04-24 23:17
M02029,V0066,L006,2026-07-05 16:46
M02030,V0313,L044,2026-01-09 04:18
M02031,V0284,L043,2026-02-21 02:42
M02032,V0221,L068,2026-04-19 05:04
M02033,V0034,L040,2026-04-21 12:31
M02034,V0282,L045,2026-08-08 06:51
M02035,V0349,L034,2026-07-13 15:27
M02036,V0205,L068,2026-03-20 06:03
M02037,V0014,L063,2026-04-16 00:15
M02038,V0259,L058,2026-08-10 13:54
M02039,V0138,L030,2026-06-01 16:33
M02040,V0086,L048,2026-08-01 09:17
M02041,V0173,L045,2026-05-06 17:15
M02042,V0189,L066,2026-08-21 08:11
M02043,V0050,L007,2026-05-08 17:02
M02044,V0179,L037,2026-08-27 18:41
M02045,V0136,L066,2026-04-01 03:33
M02046,V0218,L007,2026-01-25 22:29
M02047,V0189,L029,2026-04-22 22:46
M02048,V0303,L071,2026-06-25 12:28
M02049,V0217,L002,2026-01-28 22:16
M02050,V0093,L062,2026-01-19 16:15
M02051,V0309,L053,2026-06-10 23:52
M02052,V0270,L075,2026-05-21 06:43
M02053,V0111,L066,2026-01-24 11:13
M02054,V0211,L030,2026-05-15 20:05
M02055,V0199,L064,2026-01-09 14:41
M02056,V0341,L071,2026-01-12 20:43
M02057,V0159,L033,2026-06-26 04:37
M02058,V0088,L048,2026-03-09 18:06
M02059,V0147,L070,2026-01-18 14:16
M02060,V0168,L074,2026-03-04 20:32
M02061,V0294,L026,2026-02-25 22:02
M02062,V0178,L067,2026-08-13 16:25
M02063,V0308,L033,2026-07-03 17:59
M02064,V0144,L011,2026-07-11 23:31
M02065,V0033,L034,2026-02-22 15:57
M02066,V0283,L058,2026-05-25 21:45
M02067,V0061,L004,2026-06-13 13:12
M02068,V0067,L053,2026-03-28 08:27
M02069,V0112,L005,2026-03-25 10:58
M02070,V0350,L064,2026-07-11 07:21
M02071,V0247,L071,2026-07-14 12:29
M02072,V0110,L055,2026-01-08 04:55
M02073,V0050,L015,2026-03-09 10:35
M02074,V0220,L011,2026-06-09 15:39
M02075,V0296,L065,2026-05-09 22:45
M02076,V0052,L070,2026-06-03 19:38
M02077,V0211,L066,2026-04-23 05:30
M02078,V0215,L019,2026-01-17 04:58
M02079,V0113,L063,2026-02-01 11:37
M02080,V0215,L002,2026-03-07 07:44
M02081,V0311,L066,2026-01-09 14:45
M02082,V0126,L020,2026-08-26 05:08
M02083,V0140,L025,2026-08-11 17:47
M02084,V0051,L014,2026-07-05 11:36
M02085,V0200,L079,2026-08-03 16:23
M02086,V0037,L016,2026-05-22 14:28
M02087,V0239,L016,2026-07-07 03:44
M02088,V0162,L079,2026-04-17 01:38
M02089,V0206,L019,2026-08-17 12:56
M02090,V0057,L012,2026-02-19 05:35
M02091,V0119,L036,2026-05-02 04:27
M02092,V0329,L006,2026-04-11 21:35
M02093,V0278,L073,2026-08-10 20:40
M02094,V0109,L048,2026-05-02 16:50
M02095,V0162,L071,2026-05-06 00:19
M02096,V0313,L047,2026-05-20 05:32
M02097,V0254,L050,2026-08-22 10:27
M02098,V0232,L041,2026-04-25 16:26
M02099,V0210,L072,2026-02-10 10:41
M02100,V0109,L076,2026-03-22 09:52
M02101,V0045,L026,2026-04-16 06:12
M02102,V0089,L051,2026-05-27 01:33
M02103,V0050,L077,2026-05-10 09:35
M02104,V0293,L008,2026-03-01 16:18
M02105,V0072,L060,2026-04-12 19:37
M02106,V0056,L074,2026-03-03 10:30
M02107,V0343,L065,2026-07-27 08:45
M02108,V0142,L068,2026-03-19 13:05
M02109,V0086,L002,2026-06-05 21:56
M02110,V0262,L058,2026-01-02 03:36
M02111,V0025,L049,2026-03-10 13:48
M02112,V0191,L020,2026-02-21 21:50
M02113,V0065,L020,2026-06-13 04:16
M02114,V0149,L029,2026-08-14 04:53
M02115,V0313,L020,2026-01-14 13:59
M02116,V0180,L034,2026-06-14 20:59
M02117,V0327,L054,2026-08-02 06:28
M02118,V0025,L057,2026-01-03 01:36
M02119,V0192,L047,2026-08-25 11:14
M02120,V0260,L068,2026-03-11 22:28
M02121,V0285,L033,2026-04-15 02:06
M02122,V0244,L010,2026-06-28 22:41
M02123,V0207,L080,2026-02-23 02:45
M02124,V0242,L070,2026-02-17 17:31
M02125,V0169,L065,2026-02-12 17:37
M02126,V0062,L068,2026-07-05 07:38
M02127,V0106,L060,2026-05-02 16:41
M02128,V0238,L009,2026-06-16 02:22
M02129,V0206,L023,2026-02-01 01:53
M02130,V0010,L034,2026-08-23 02:50
M02131,V0293,L038,2026-01-14 20:21
M02132,V0222,L067,2026-06-26 18:02
M02133,V0029,L025,2026-08-01 17:59
M02134,V0214,L009,2026-05-14 06:37
M02135,V0043,L007,2026-03-26 14:40
M02136,V0151,L023,2026-04-16 16:12
M02137,V0229,L055,2026-03-08 03:46
M02138,V0141,L061,2026-01-03 04:25
M02139,V0010,L048,2026-07-23 22:58
M02140,V0081,L080,2026-03-13 12:37
M02141,V0084,L030,2026-07-05 01:06
M02142,V0119,L038,2026-03-28 03:16
M02143,V0261,L064,2026-07-08 00:09
M02144,V0304,L065,2026-07-05 16:07
M02145,V0042,L071,2026-01-07 03:37
M02146,V0201,L067,2026-06-07 11:37
M02147,V0036,L025,2026-06-17 05:43
M02148,V0220,L032,2026-08-24 09:28
M02149,V0269,L067,2026-03-10 10:43
M02150,V0318,L016,2026-08-18 03:46
M02151,V0111,L028,2026-02-26 15:09
M02152,V0102,L017,2026-03-21 07:39
M02153,V0094,L059,2026-06-10 02:49
M02154,V0105,L068,2026-08-02 11:59
M02155,V0164,L037,2026-05-01 10:44
M02156,V0153,L063,2026-06-12 06:11
M02157,V0152,L015,2026-04-14 19:02
M02158,V0245,L005,2026-03-24 20:19
M02159,V0299,L079,2026-02-09 21:06
M02160,V0007,L061,2026-02-16 17:29
M02161,V0264,L073,2026-07-16 11:47
M02162,V0105,L049,2026-01-01 08:53
M02163,V0161,L039,2026-06-16 19:18
M02164,V0072,L064,2026-06-08 14:13
M02165,V0233,L027,2026-03-13 22:36
M02166,V0177,L026,2026-08-05 08:19
M02167,V0141,L073,2026-08-24 03:10
M02168,V0082,L049,2026-06-03 09:41
M02169,V0327,L031,2026-07-20 05:59
M02170,V0024,L008,2026-02-25 04:22
M02171,V0262,L048,2026-04-28 09:47
M02172,V0027,L018,2026-08-01 16:59
M02173,V0295,L046,2026-04-17 22:38
M02174,V0242,L003,2026-07-22 08:02
M02175,V0040,L027,2026-08-09 17:36
M02176,V0201,L064,2026-03-14 07:57
M02177,V0252,L049,2026-03-09 12:04
M02178,V0004,L043,2026-04-04 17:58
M02179,V0012,L038,2026-05-25 15:38
M02180,V0146,L004,2026-06-02 23:44
M02181,V0168,L014,2026-06-19 08:38
M02182,V0007,L053,2026-01-08 10:26
M02183,V0325,L021,2026-08-01 12:04
M02184,V0010,L047,2026-01-02 19:06
M02185,V0249,L014,2026-06-08 14:09
M02186,V0285,L013,2026-08-16 23:16
M02187,V0004,L072,2026-05-16 18:28
M02188,V0187,L028,2026-02-26 21:46
M02189,V0061,L047,2026-05-11 23:04
M02190,V0216,L039,2026-04-24 07:44
M02191,V0329,L076,2026-03-17 17:15
M02192,V0198,L060,2026-01-02 18:29
M02193,V0130,L014,2026-07-18 04:49
M02194,V0283,L063,2026-06-16 03:37
M02195,V0346,L070,2026-08-27 05:40
M02196,V0100,L007,2026-08-11 22:59
M02197,V0178,L061,2026-07-27 20:06
M02198,V0195,L041,2026-05-04 23:51
M02199,V0101,L001,2026-01-24 19:13
M02200,V0083,L022,2026-01-14 09:25
M02201,V0092,L003,2026-07-21 13:31
M02202,V0089,L079,2026-04-14 02:37
M02203,V0322,L040,2026-02-24 00:11
M02204,V0258,L023,2026-07-07 23:48
M02205,V0262,L001,2026-03-14 09:48
M02206,V0306,L020,2026-01-08 02:22
M02207,V0055,L021,2026-03-24 13:20
M02208,V0329,L068,2026-02-23 14:29
M02209,V0090,L075,2026-03-12 14:33
M02210,V0101,L055,2026-04-14 16:06
M02211,V0066,L029,2026-01-11 22:14
M02212,V0077,L042,2026-03-14 01:02
M02213,V0036,L012,2026-02-06 07:58
M02214,V0009,L062,2026-04-17 16:52
M02215,V0288,L008,2026-02-21 04:10
M02216,V0045,L018,2026-05-21 06:47
M02217,V0350,L054,2026-06-05 03:03
M02218,V0040,L005,2026-08-26 20:17
M02219,V0171,L023,2026-01-24 11:45
M02220,V0027,L005,2026-02-03 19:40
M02221,V0237,L015,2026-06-17 00:32
M02222,V0191,L016,2026-02-23 02:53
M02223,V0166,L003,2026-05-04 05:52
M02224,V0083,L044,2026-01-27 02:07
M02225,V0086,L065,2026-08-25 10:03
M02226,V0267,L024,2026-07-15 01:12
M02227,V0290,L008,2026-08-08 17:00
M02228,V0225,L079,2026-02-10 19:15
M02229,V0253,L014,2026-02-02 08:23
M02230,V0057,L039,2026-02-09 12:45
M02231,V0276,L065,2026-02-26 15:20
M02232,V0210,L009,2026-01-19 11:35
M02233,V0117,L038,2026-04-11 19:04
M02234,V0082,L060,2026-06-08 13:47
M02235,V0095,L039,2026-08-20 19:47
M02236,V0029,L046,2026-03-25 07:43
M02237,V0099,L040,2026-08-11 00:51
M02238,V0296,L009,2026-08-18 06:22
M02239,V0216,L025,2026-07-27 08:53
M02240,V0018,L048,2026-06-17 17:04
M02241,V0052,L070,2026-06-12 14:30
M02242,V0044,L061,2026-01-15 14:23
M02243,V0242,L055,2026-07-05 14:04
M02244,V0030,L050,2026-02-02 09:11
M02245,V0017,L032,2026-01-16 06:58
M02246,V0179,L030,2026-07-17 04:54
M02247,V0257,L009,2026-06-20 14:34
M02248,V0011,L002,2026-08-28 20:54
M02249,V0288,L050,2026-02-14 19:00
M02250,V0032,L067,2026-06-08 08:45
M02251,V0239,L042,2026-06-02 23:28
M02252,V0153,L068,2026-02-09 09:59
M02253,V0157,L031,2026-05-09 13:47
M02254,V0309,L022,2026-07-13 05:26
M02255,V0111,L077,2026-06-04 18:44
M02256,V0268,L014,2026-04-18 07:12
M02257,V0144,L079,2026-05-03 10:58
M02258,V0173,L024,2026-03-15 14:30
M02259,V0348,L059,2026-02-07 11:34
M02260,V0317,L078,2026-07-04 12:01
M02261,V0030,L011,2026-04-04 03:15
M02262,V0345,L064,2026-08-03 17:30
M02263,V0338,L078,2026-08-22 22:33
M02264,V0329,L075,2026-03-19 07:03
M02265,V0295,L008,2026-08-16 04:52
M02266,V0164,L071,2026-05-02 01:38
M02267,V0329,L001,2026-07-06 20:21
M02268,V0014,L075,2026-05-14 22:24
M02269,V0342,L051,2026-01-11 00:26
M02270,V0265,L073,2026-01-26 05:52
M02271,V0187,L048,2026-03-28 16:33
M02272,V0306,L059,2026-04-15 20:35
M02273,V0135,L004,2026-08-22 00:16
M02274,V0059,L075,2026-01-06 08:52
M02275,V0062,L053,2026-02-16 14:08
M02276,V0098,L064,2026-08-25 07:02
M02277,V0291,L002,2026-06-08 06:48
M02278,V0029,L015,2026-03-11 03:54
M02279,V0270,L055,2026-05-15 00:16
M02280,V0271,L048,2026-06-02 05:13
M02281,V0043,L032,2026-08-25 23:18
M02282,V0139,L063,2026-02-28 11:58
M02283,V0194,L046,2026-01-07 15:06
M02284,V0166,L004,2026-01-16 08:35
M02285,V0264,L029,2026-03-14 17:09
M02286,V0029,L011,2026-03-02 04:45
M02287,V0056,L041,2026-03-13 05:03
M02288,V0248,L055,2026-08-19 11:45
M02289,V0253,L041,2026-08-04 23:48
M02290,V0259,L056,2026-08-05 11:01
M02291,V0014,L056,2026-08-08 13:21
M02292,V0264,L058,2026-05-19 22:09
M02293,V0338,L027,2026-02-21 11:06
M02294,V0057,L002,2026-02-26 15:32
M02295,V0102,L011,2026-04-11 14:04
M02296,V0317,L008,2026-04-23 13:27
M02297,V0057,L062,2026-07-12 16:32
M02298,V0044,L068,2026-04-26 14:53
M02299,V0194,L003,2026-07-03 20:44
M02300,V0231,L010,2026-03-12 10:44
M02301,V0029,L058,2026-06-18 08:36
M02302,V0101,L079,2026-02-26 21:30
M02303,V0275,L021,2026-07-09 01:50
M02304,V0281,L026,2026-05-22 08:19
M02305,V0107,L036,2026-01-06 16:33
M02306,V0172,L041,2026-02-02 16:29
M02307,V0232,L014,2026-08-11 13:24
M02308,V0350,L032,2026-06-16 18:00
M02309,V0100,L065,2026-02-18 13:48
M02310,V0267,L026,2026-03-02 00:29
M02311,V0105,L071,2026-07-11 09:14
M02312,V0228,L001,2026-02-04 04:25
M02313,V0305,L075,2026-03-17 19:29
M02314,V0332,L018,2026-03-09 18:58
M02315,V0228,L053,2026-02-20 21:14
M02316,V0159,L069,2026-08-16 20:43
M02317,V0196,L006,2026-02-08 03:01
M02318,V0320,L069,2026-07-05 08:23
M02319,V0102,L011,2026-02-11 15:06
M02320,V0280,L018,2026-07-11 04:11
M02321,V0234,L015,2026-01-13 16:16
M02322,V0210,L055,2026-07-12 13:23
M02323,V0278,L033,2026-01-10 05:40
M02324,V0297,L011,2026-01-07 14:17
M02325,V0299,L058,2026-04-14 09:23
M02326,V0213,L064,2026-02-06 02:44
M02327,V0083,L039,2026-08-14 20:57
M02328,V0155,L010,2026-06-12 15:53
M02329,V0343,L018,2026-02-22 07:59
M02330,V0034,L080,2026-02-08 18:24
M02331,V0270,L031,2026-01-06 16:10
M02332,V0296,L058,2026-07-16 23:11
M02333,V0092,L003,2026-08-26 02:49
M02334,V0330,L010,2026-04-12 00:52
M02335,V0329,L030,2026-04-14 13:33
M02336,V0303,L037,2026-05-20 04:31
M02337,V0287,L027,2026-07-16 15:17
M02338,V0152,L063,2026-04-06 09:21
M02339,V0232,L015,2026-06-28 11:17
M02340,V0290,L056,2026-05-16 05:29
M02341,V0206,L006,2026-05-03 23:11
M02342,V0279,L012,2026-08-16 03:31
M02343,V0047,L050,2026-05-09 09:11
M02344,V0331,L072,2026-04-19 12:13
M02345,V0089,L035,2026-08-02 00:19
M02346,V0086,L075,2026-06-11 23:45
M02347,V0139,L061,2026-02-06 01:02
M02348,V0226,L030,2026-02-13 17:02
M02349,V0275,L006,2026-07-26 17:11
M02350,V0139,L019,2026-04-20 20:38
M02351,V0243,L057,2026-07-23 15:20
M02352,V0102,L017,2026-04-19 03:35
M02353,V0246,L044,2026-01-12 16:33
M02354,V0154,L015,2026-05-17 05:17
M02355,V0214,L038,2026-02-03 16:33
M02356,V0003,L030,2026-05-13 14:02
M02357,V0010,L055,2026-02-25 13:38
M02358,V0110,L070,2026-05-16 07:32
M02359,V0038,L004,2026-07-08 15:54
M02360,V0003,L057,2026-03-03 17:23
M02361,V0019,L072,2026-03-05 12:04
M02362,V0205,L032,2026-05-02 10:18
M02363,V0200,L037,2026-06-20 00:48
M02364,V0058,L061,2026-06-06 09:03
M02365,V0005,L010,2026-08-12 11:01
M02366,V0150,L076,2026-04-11 14:35
M02367,V0059,L037,2026-02-05 15:31
M02368,V0013,L010,2026-06-08 06:56
M02369,V0267,L064,2026-03-22 17:15
M02370,V0301,L022,2026-02-05 07:32
M02371,V0345,L016,2026-02-21 17:31
M02372,V0143,L006,2026-01-26 15:16
M02373,V0115,L019,2026-07-06 17:57
M02374,V0323,L033,2026-04-06 07:42
M02375,V0250,L050,2026-01-24 20:54
M02376,V0110,L041,2026-07-16 04:37
M02377,V0143,L036,2026-03-10 15:11
M02378,V0071,L021,2026-07-10 15:09
M02379,V0257,L032,2026-04-08 09:47
M02380,V0121,L021,2026-07-02 21:43
M02381,V0112,L024,2026-03-05 21:28
M02382,V0170,L049,2026-02-16 20:56
M02383,V0182,L068,2026-04-10 21:17
M02384,V0344,L010,2026-08-08 00:39
M02385,V0260,L011,2026-02-23 23:36
M02386,V0074,L037,2026-03-09 03:51
M02387,V0088,L077,2026-07-08 11:51
M02388,V0309,L064,2026-06-06 04:32
M02389,V0261,L030,2026-03-01 19:14
M02390,V0302,L063,2026-05-20 17:02
M02391,V0014,L078,2026-03-20 07:26
M02392,V0227,L057,2026-06-27 02:17
M02393,V0179,L044,2026-05-25 23:38
M02394,V0160,L037,2026-05-24 09:09
M02395,V0308,L060,2026-04-16 04:27
M02396,V0288,L025,2026-03-26 07:13
M02397,V0130,L069,2026-04-07 15:43
M02398,V0181,L048,2026-08-21 20:54
M02399,V0113,L064,2026-06-03 07:38
M02400,V0101,L010,2026-02-28 12:21
M02401,V0111,L015,2026-03-28 13:16
M02402,V0178,L049,2026-07-15 11:53
M02403,V0227,L005,2026-06-16 03:52
M02404,V0246,L012,2026-06-20 20:05
M02405,V0334,L070,2026-04-08 07:14
M02406,V0188,L051,2026-03-25 20:41
M02407,V0191,L044,2026-01-04 06:21
M02408,V0283,L040,2026-02-25 01:45
M02409,V0125,L034,2026-02-03 07:28
M02410,V0099,L018,2026-01-22 20:41
M02411,V0066,L017,2026-01-03 14:14
M02412,V0277,L023,2026-03-21 13:49
M02413,V0021,L051,2026-07-21 17:44
M02414,V0330,L053,2026-07-08 00:48
M02415,V0247,L003,2026-07-26 09:34
M02416,V0277,L053,2026-04-20 23:39
M02417,V0261,L058,2026-06-14 17:06
M02418,V0295,L022,2026-06-19 02:05
M02419,V0010,L017,2026-05-19 20:13
M02420,V0270,L025,2026-06-01 18:15
M02421,V0075,L057,2026-06-07 04:39
M02422,V0199,L078,2026-05-28 16:47
M02423,V0203,L025,2026-03-02 22:59
M02424,V0042,L032,2026-01-28 12:53
M02425,V0166,L026,2026-04-06 07:38
M02426,V0201,L078,2026-02-27 03:42
M02427,V0286,L049,2026-07-10 21:48
M02428,V0057,L010,2026-06-03 23:24
M02429,V0151,L033,2026-07-26 10:38
M02430,V0076,L025,2026-07-25 11:59
M02431,V0305,L061,2026-03-14 18:01
M02432,V0027,L068,2026-01-01 09:29
M02433,V0002,L026,2026-03-06 13:02
M02434,V0007,L068,2026-05-28 21:12
M02435,V0289,L011,2026-04-23 08:39
M02436,V0236,L032,2026-02-27 00:23
M02437,V0109,L072,2026-04-04 05:39
M02438,V0005,L040,2026-05-06 16:56
M02439,V0075,L031,2026-07-04 13:02
M02440,V0044,L003,2026-08-05 23:53
M02441,V0287,L080,2026-04-23 17:10
M02442,V0036,L017,2026-02-02 03:23
M02443,V0051,L001,2026-07-02 23:38
M02444,V0251,L066,2026-05-19 15:43
M02445,V0014,L037,2026-03-23 01:37
M02446,V0225,L059,2026-07-28 13:42
M02447,V0124,L014,2026-01-02 19:19
M02448,V0172,L026,2026-02-20 23:54
M02449,V0324,L036,2026-03-05 06:24
M02450,V0168,L031,2026-03-16 02:16
M02451,V0247,L023,2026-06-01 15:24
M02452,V0079,L026,2026-04-27 04:49
M02453,V0235,L048,2026-01-19 21:17
M02454,V0159,L034,2026-04-03 15:59
M02455,V0341,L037,2026-04-14 00:51
M02456,V0038,L051,2026-02-14 22:32
M02457,V0243,L050,2026-04-24 00:59
M02458,V0249,L026,2026-08-06 04:53
M02459,V0337,L041,2026-08-12 17:16
M02460,V0272,L031,2026-07-07 19:07
M02461,V0228,L005,2026-02-27 06:50
M02462,V0263,L079,2026-02-01 04:36
M02463,V0165,L057,2026-03-06 21:13
M02464,V0119,L044,2026-07-05 06:17
M02465,V0073,L017,2026-04-27 09:58
M02466,V0068,L019,2026-07-10 02:01
M02467,V0063,L034,2026-05-26 04:12
M02468,V0003,L047,2026-07-27 12:50
M02469,V0173,L057,2026-08-14 00:46
M02470,V0207,L014,2026-03-12 03:31
M02471,V0133,L031,2026-05-06 03:01
M02472,V0278,L040,2026-04-20 17:53
M02473,V0263,L073,2026-04-23 18:01
M02474,V0128,L013,2026-07-20 13:16
M02475,V0200,L056,2026-01-25 04:52
M02476,V0201,L072,2026-08-10 23:35
M02477,V0177,L015,2026-02-15 13:42
M02478,V0219,L015,2026-03-09 15:51
M02479,V0193,L071,2026-06-26 22:37
M02480,V0234,L049,2026-07-10 13:36
M02481,V0081,L056,2026-06-20 21:57
M02482,V0327,L006,2026-03-18 05:30
M02483,V0233,L039,2026-07-20 08:45
M02484,V0279,L024,2026-06-23 09:51
M02485,V0161,L060,2026-07-08 09:18
M02486,V0232,L072,2026-03-02 01:06
M02487,V0099,L063,2026-07-17 07:23
M02488,V0082,L067,2026-02-08 15:08
M02489,V0346,L034,2026-03-25 01:18
M02490,V0215,L047,2026-04-11 05:04
M02491,V0336,L064,2026-01-11 15:08
M02492,V0194,L064,2026-08-19 17:12
M02493,V0023,L007,2026-03-24 23:03
M02494,V0099,L005,2026-05-07 06:03
M02495,V0249,L060,2026-01-24 00:40
M02496,V0048,L017,2026-02-27 11:56
M02497,V0100,L024,2026-04-17 17:19
M02498,V0032,L073,2026-06-12 10:00
M02499,V0220,L021,2026-08-04 17:07
M02500,V0027,L050,2026-04-03 19:34
M02501,V0188,L037,2026-05-24 17:03
M02502,V0222,L050,2026-08-24 12:17
M02503,V0222,L018,2026-01-22 22:26
M02504,V0166,L009,2026-07-12 02:08
M02505,V0206,L041,2026-05-16 06:30
M02506,V0020,L035,2026-03-26 20:04
M02507,V0156,L016,2026-06-05 07:35
M02508,V0231,L057,2026-08-26 01:49
M02509,V0014,L001,2026-06-09 11:03
M02510,V0209,L077,2026-04-26 10:40
M02511,V0244,L052,2026-04-22 06:32
M02512,V0336,L015,2026-03-07 10:53
M02513,V0153,L025,2026-04-14 01:25
M02514,V0080,L001,2026-04-16 13:03
M02515,V0067,L005,2026-08-02 14:15
M02516,V0241,L031,2026-07-14 17:02
M02517,V0124,L012,2026-07-27 19:41
M02518,V0227,L056,2026-01-15 22:38
M02519,V0008,L035,2026-07-21 13:01
M02520,V0023,L044,2026-06-19 07:47
M02521,V0034,L075,2026-05-19 06:17
M02522,V0138,L079,2026-02-21 20:24
M02523,V0044,L047,2026-01-06 17:28
M02524,V0313,L072,2026-03-14 20:11
M02525,V0072,L042,2026-06-11 14:56
M02526,V0156,L014,2026-05-24 11:40
M02527,V0023,L067,2026-01-14 12:01
M02528,V0119,L054,2026-04-09 00:37
M02529,V0331,L012,2026-07-03 13:36
M02530,V0112,L016,2026-04-28 06:15
M02531,V0194,L026,2026-05-11 05:34
M02532,V0016,L035,2026-04-07 05:47
M02533,V0198,L033,2026-05-09 11:50
M02534,V0262,L013,2026-07-10 18:17
M02535,V0213,L013,2026-06-06 20:32
M02536,V0210,L071,2026-02-11 19:06
M02537,V0186,L053,2026-08-10 20:48
M02538,V0010,L063,2026-05-19 03:28
M02539,V0335,L079,2026-01-14 00:42
M02540,V0278,L013,2026-03-12 14:54
M02541,V0032,L051,2026-01-05 22:39
M02542,V0272,L022,2026-03-09 17:37
M02543,V0225,L009,2026-05-16 01:26
M02544,V0250,L045,2026-07-27 10:02
M02545,V0010,L003,2026-03-27 03:43
M02546,V0292,L058,2026-08-25 22:26
M02547,V0156,L057,2026-01-21 09:44
M02548,V0286,L053,2026-01-03 12:21
M02549,V0204,L009,2026-03-10 13:26
M02550,V0069,L043,2026-07-19 11:04
M02551,V0073,L048,2026-02-14 04:32
M02552,V0323,L004,2026-03-13 03:50
M02553,V0141,L023,2026-03-27 16:58
M02554,V0340,L038,2026-08-10 12:37
M02555,V0250,L067,2026-06-04 06:27
M02556,V0271,L010,2026-05-25 17:01
M02557,V0329,L036,2026-05-24 12:14
M02558,V0173,L071,2026-01-27 01:47
M02559,V0327,L018,2026-08-27 04:39
M02560,V0048,L058,2026-02-09 03:06
M02561,V0069,L014,2026-03-20 01:22
M02562,V0268,L065,2026-05-03 18:12
M02563,V0201,L022,2026-07-21 22:13
M02564,V0047,L029,2026-05-19 08:27
M02565,V0015,L060,2026-02-24 16:10
M02566,V0320,L044,2026-03-04 18:42
M02567,V0121,L070,2026-06-06 04:10
M02568,V0316,L028,2026-02-03 09:59
M02569,V0095,L029,2026-02-03 11:55
M02570,V0160,L062,2026-08-21 23:55
M02571,V0005,L033,2026-04-03 22:59
M02572,V0090,L003,2026-07-22 01:20
M02573,V0118,L075,2026-06-28 09:15
M02574,V0086,L066,2026-05-12 20:04
M02575,V0067,L077,2026-04-18 14:44
M02576,V0268,L066,2026-05-07 02:00
M02577,V0225,L038,2026-02-09 16:28
M02578,V0213,L036,2026-03-15 06:00
M02579,V0004,L075,2026-03-02 03:34
M02580,V0288,L063,2026-01-25 13:40
M02581,V0307,L070,2026-04-05 18:09
M02582,V0140,L008,2026-02-04 12:11
M02583,V0262,L003,2026-02-25 13:34
M02584,V0018,L060,2026-04-06 16:06
M02585,V0295,L060,2026-06-21 20:41
M02586,V0017,L059,2026-08-05 02:32
M02587,V0285,L080,2026-01-14 13:58
M02588,V0180,L008,2026-06-14 11:56
M02589,V0190,L030,2026-05-01 01:51
M02590,V0077,L056,2026-08-03 13:04
M02591,V0233,L018,2026-08-15 10:14
M02592,V0346,L079,2026-06-09 06:43
M02593,V0048,L055,2026-02-27 02:34
M02594,V0209,L076,2026-02-09 22:57
M02595,V0089,L015,2026-06-19 05:36
M02596,V0124,L007,2026-01-10 21:17
M02597,V0311,L019,2026-03-19 08:26
M02598,V0283,L080,2026-08-13 20:06
M02599,V0209,L053,2026-02-04 17:23
M02600,V0238,L005,2026-01-03 00:54
M02601,V0294,L021,2026-01-27 15:14
M02602,V0227,L071,2026-07-13 10:22
M02603,V0343,L061,2026-02-20 10:21
M02604,V0248,L022,2026-01-07 08:04
M02605,V0335,L030,2026-07-26 10:04
M02606,V0238,L050,2026-08-22 21:41
M02607,V0335,L030,2026-08-05 15:10
M02608,V0177,L076,2026-01-13 06:22
M02609,V0314,L029,2026-02-06 03:44
M02610,V0185,L010,2026-01-01 19:38
M02611,V0310,L014,2026-03-20 18:33
M02612,V0094,L035,2026-07-04 06:43
M02613,V0043,L013,2026-01-07 10:58
M02614,V0267,L004,2026-08-15 22:05
M02615,V0030,L076,2026-02-06 01:59
M02616,V0130,L044,2026-04-17 15:38
M02617,V0185,L078,2026-07-08 16:42
M02618,V0155,L042,2026-04-11 23:17
M02619,V0201,L070,2026-02-20 13:24
M02620,V0089,L025,2026-01-01 06:55
M02621,V0228,L030,2026-07-07 14:49
M02622,V0350,L045,2026-08-25 01:33
M02623,V0036,L043,2026-02-23 17:53
M02624,V0007,L059,2026-08-18 07:13
M02625,V0219,L068,2026-03-14 02:18
M02626,V0156,L051,2026-05-25 11:23
M02627,V0230,L045,2026-04-03 01:56
M02628,V0023,L018,2026-07-28 13:35
M02629,V0312,L057,2026-05-28 05:30
M02630,V0164,L057,2026-02-09 16:38
M02631,V0033,L023,2026-06-12 04:39
M02632,V0051,L052,2026-06-07 19:52
M02633,V0254,L073,2026-05-09 14:16
M02634,V0005,L009,2026-06-18 20:26
M02635,V0214,L068,2026-05-19 05:28
M02636,V0082,L047,2026-05-11 05:55
M02637,V0272,L025,2026-03-09 00:52
M02638,V0071,L025,2026-01-17 23:37
M02639,V0038,L018,2026-03-24 18:18
M02640,V0100,L079,2026-08-04 23:20
M02641,V0019,L014,2026-01-05 21:15
M02642,V0293,L039,2026-02-10 21:08
M02643,V0345,L076,2026-01-02 18:19
M02644,V0021,L016,2026-08-27 15:52
M02645,V0134,L080,2026-02-19 05:59
M02646,V0261,L026,2026-03-10 18:23
M02647,V0050,L015,2026-01-19 22:27
M02648,V0232,L004,2026-03-10 19:04
M02649,V0038,L054,2026-04-26 09:46
M02650,V0235,L072,2026-08-15 13:09
M02651,V0312,L061,2026-05-24 12:28
M02652,V0311,L027,2026-01-23 14:09
M02653,V0061,L063,2026-03-03 20:37
M02654,V0348,L018,2026-08-20 00:45
M02655,V0029,L052,2026-05-28 12:18
M02656,V0091,L069,2026-08-08 09:23
M02657,V0339,L057,2026-07-07 21:23
M02658,V0263,L059,2026-04-04 02:05
M02659,V0111,L047,2026-05-24 19:11
M02660,V0161,L072,2026-07-16 08:20
M02661,V0209,L038,2026-05-08 03:13
M02662,V0084,L069,2026-02-28 23:23
M02663,V0198,L010,2026-04-14 16:11
M02664,V0113,L031,2026-03-20 22:02
M02665,V0150,L056,2026-01-28 16:18
M02666,V0198,L057,2026-05-02 15:08
M02667,V0148,L068,2026-01-25 22:06
M02668,V0264,L062,2026-08-04 15:59
M02669,V0310,L003,2026-05-18 02:20
M02670,V0082,L063,2026-08-23 03:04
M02671,V0184,L021,2026-08-11 22:00
M02672,V0239,L027,2026-07-03 07:11
M02673,V0019,L039,2026-01-26 12:53
M02674,V0128,L021,2026-03-07 12:11
M02675,V0330,L065,2026-02-21 22:47
M02676,V0298,L059,2026-02-26 03:50
M02677,V0043,L028,2026-01-16 07:26
M02678,V0199,L012,2026-07-15 03:37
M02679,V0226,L076,2026-07-26 19:28
M02680,V0269,L009,2026-07-06 12:24
M02681,V0251,L013,2026-05-03 13:50
M02682,V0280,L023,2026-07-22 22:23
M02683,V0298,L064,2026-01-02 14:13
M02684,V0083,L015,2026-03-15 02:42
M02685,V0072,L011,2026-06-04 19:51
M02686,V0228,L003,2026-07-25 04:29
M02687,V0113,L014,2026-07-16 06:53
M02688,V0130,L073,2026-03-18 08:09
M02689,V0221,L063,2026-07-24 02:52
M02690,V0230,L065,2026-05-01 10:19
M02691,V0278,L045,2026-02-05 00:26
M02692,V0055,L017,2026-07-17 15:56
M02693,V0128,L061,2026-01-04 08:17
M02694,V0317,L065,2026-08-16 03:58
M02695,V0188,L068,2026-03-25 15:35
M02696,V0051,L019,2026-06-20 16:14
M02697,V0111,L073,2026-02-19 15:56
M02698,V0341,L075,2026-04-14 16:26
M02699,V0137,L021,2026-02-11 02:05
M02700,V0069,L051,2026-02-01 18:46
M02701,V0034,L018,2026-03-16 15:20
M02702,V0194,L045,2026-04-20 18:51
M02703,V0287,L028,2026-08-14 22:40
M02704,V0322,L060,2026-04-26 05:26
M02705,V0158,L021,2026-07-22 13:49
M02706,V0231,L057,2026-04-01 02:16
M02707,V0069,L026,2026-06-22 04:31
M02708,V0346,L079,2026-05-08 09:02
M02709,V0235,L010,2026-07-05 23:31
M02710,V0206,L056,2026-05-16 16:45
M02711,V0158,L067,2026-07-01 20:20
M02712,V0197,L033,2026-02-08 02:45
M02713,V0012,L052,2026-07-13 01:46
M02714,V0079,L079,2026-08-05 19:19
M02715,V0171,L016,2026-04-24 11:55
M02716,V0211,L001,2026-01-03 21:16
M02717,V0267,L002,2026-07-18 02:03
M02718,V0220,L044,2026-06-22 00:13
M02719,V0329,L052,2026-04-22 04:27
M02720,V0088,L030,2026-08-11 00:21
M02721,V0324,L038,2026-04-05 05:46
M02722,V0215,L002,2026-03-16 17:17
M02723,V0200,L024,2026-05-28 01:24
M02724,V0265,L027,2026-08-27 10:38
M02725,V0133,L046,2026-08-28 22:03
M02726,V0074,L028,2026-01-16 20:50
M02727,V0034,L006,2026-06-13 09:02
M02728,V0012,L053,2026-08-10 03:23
M02729,V0269,L050,2026-08-20 10:43
M02730,V0068,L037,2026-01-21 17:31
M02731,V0140,L013,2026-06-25 20:53
M02732,V0330,L048,2026-01-15 10:31
M02733,V0213,L034,2026-05-19 12:40
M02734,V0127,L074,2026-03-04 09:35
M02735,V0062,L073,2026-07-10 05:54
M02736,V0142,L008,2026-05-25 06:25
M02737,V0188,L038,2026-06-03 18:04
M02738,V0219,L007,2026-01-21 05:45
M02739,V0071,L020,2026-07-22 10:58
M02740,V0217,L064,2026-03-14 12:08
M02741,V0155,L030,2026-05-23 23:47
M02742,V0050,L060,2026-02-28 09:33
M02743,V0347,L006,2026-07-12 23:41
M02744,V0286,L049,2026-02-10 13:39
M02745,V0078,L015,2026-02-28 18:14
M02746,V0349,L049,2026-08-25 11:30
M02747,V0141,L012,2026-03-06 22:32
M02748,V0243,L055,2026-08-01 21:16
M02749,V0137,L040,2026-08-26 02:34
M02750,V0199,L073,2026-05-22 02:14
M02751,V0309,L007,2026-05-02 17:03
M02752,V0260,L053,2026-03-23 23:33
M02753,V0119,L041,2026-06-21 15:06
M02754,V0145,L024,2026-08-02 18:13
M02755,V0043,L077,2026-02-24 05:59
M02756,V0033,L020,2026-06-26 20:37
M02757,V0172,L030,2026-06-07 20:08
M02758,V0148,L016,2026-03-28 13:26
M02759,V0207,L023,2026-01-14 17:57
M02760,V0168,L051,2026-07-26 01:53
M02761,V0315,L001,2026-03-17 17:21
M02762,V0156,L009,2026-02-27 02:45
M02763,V0061,L017,2026-01-03 11:02
M02764,V0080,L049,2026-02-28 10:23
M02765,V0131,L020,2026-08-23 14:42
M02766,V0047,L035,2026-02-02 09:58
M02767,V0184,L018,2026-08-14 09:46
M02768,V0222,L065,2026-01-26 19:01
M02769,V0350,L033,2026-06-05 12:01
M02770,V0172,L014,2026-06-27 09:46
M02771,V0197,L036,2026-02-28 06:31
M02772,V0075,L072,2026-02-04 04:10
M02773,V0107,L010,2026-05-09 17:34
M02774,V0208,L030,2026-07-14 16:02
M02775,V0090,L078,2026-06-12 08:58
M02776,V0279,L044,2026-08-11 05:54
M02777,V0211,L045,2026-08-02 01:22
M02778,V0211,L018,2026-05-10 06:56
M02779,V0075,L080,2026-01-23 17:05
M02780,V0048,L055,2026-01-23 19:26
M02781,V0092,L079,2026-04-19 23:20
M02782,V0327,L056,2026-02-07 12:05
M02783,V0167,L014,2026-01-25 00:13
M02784,V0254,L034,2026-03-04 04:00
M02785,V0318,L054,2026-07-02 01:44
M02786,V0255,L060,2026-06-15 02:23
M02787,V0186,L043,2026-07-05 22:12
M02788,V0295,L037,2026-08-14 09:57
M02789,V0210,L079,2026-02-24 09:53
M02790,V0173,L059,2026-06-20 22:55
M02791,V0340,L001,2026-06-04 19:46
M02792,V0282,L004,2026-06-20 19:49
M02793,V0032,L046,2026-07-01 06:52
M02794,V0066,L050,2026-07-25 04:46
M02795,V0175,L013,2026-01-08 03:23
M02796,V0128,L004,2026-08-26 01:15
M02797,V0117,L001,2026-03-09 13:30
M02798,V0246,L054,2026-07-18 20:35
M02799,V0229,L001,2026-07-10 02:03
M02800,V0261,L007,2026-02-01 15:41
M02801,V0080,L073,2026-07-16 05:11
M02802,V0146,L068,2026-06-12 03:21
M02803,V0324,L058,2026-01-07 08:12
M02804,V0145,L074,2026-02-15 02:42
M02805,V0026,L007,2026-04-21 20:21
M02806,V0253,L006,2026-06-18 07:41
M02807,V0113,L040,2026-05-08 20:31
M02808,V0146,L063,2026-06-02 13:13
M02809,V0206,L072,2026-06-07 18:39
M02810,V0095,L065,2026-07-24 06:24
M02811,V0299,L030,2026-05-22 02:04
M02812,V0187,L018,2026-06-14 08:50
M02813,V0052,L052,2026-06-02 13:53
M02814,V0152,L028,2026-04-27 00:22
M02815,V0152,L008,2026-07-19 13:23
M02816,V0052,L036,2026-03-13 17:11
M02817,V0234,L019,2026-06-14 07:58
M02818,V0320,L032,2026-01-02 18:51
M02819,V0325,L019,2026-03-09 02:05
M02820,V0243,L061,2026-02-12 11:45
M02821,V0099,L055,2026-08-08 03:45
M02822,V0248,L038,2026-03-26 02:06
M02823,V0176,L017,2026-02-25 22:50
M02824,V0298,L021,2026-07-24 19:56
M02825,V0122,L054,2026-01-19 18:31
M02826,V0021,L061,2026-04-28 19:39
M02827,V0190,L047,2026-02-08 02:01
M02828,V0124,L073,2026-07-25 17:33
M02829,V0220,L025,2026-06-20 09:06
M02830,V0073,L029,2026-01-22 15:55
M02831,V0183,L049,2026-08-10 10:15
M02832,V0239,L063,2026-01-20 12:16
M02833,V0080,L018,2026-06-14 06:32
M02834,V0187,L009,2026-07-01 06:07
M02835,V0080,L009,2026-02-10 08:08
M02836,V0099,L070,2026-02-10 10:53
M02837,V0142,L008,2026-04-05 15:45
M02838,V0140,L014,2026-06-09 13:16
M02839,V0094,L020,2026-06-12 18:08
M02840,V0070,L064,2026-02-20 05:40
M02841,V0005,L061,2026-05-09 02:42
M02842,V0055,L038,2026-07-06 19:52
M02843,V0343,L063,2026-04-05 20:32
M02844,V0147,L042,2026-04-17 03:48
M02845,V0085,L074,2026-02-21 13:27
M02846,V0030,L035,2026-01-23 00:47
M02847,V0297,L072,2026-04-24 13:34
M02848,V0230,L006,2026-02-16 04:04
M02849,V0189,L012,2026-05-21 14:48
M02850,V0145,L034,2026-01-02 01:20
M02851,V0130,L032,2026-02-22 05:08
M02852,V0084,L054,2026-05-19 05:14
M02853,V0080,L057,2026-03-10 20:19
M02854,V0325,L046,2026-01-08 16:36
M02855,V0107,L039,2026-08-14 20:17
M02856,V0319,L075,2026-06-06 22:57
M02857,V0097,L020,2026-06-07 23:30
M02858,V0244,L038,2026-03-06 20:26
M02859,V0227,L009,2026-07-10 17:16
M02860,V0124,L045,2026-02-10 11:58
M02861,V0147,L052,2026-03-13 01:20
M02862,V0176,L030,2026-06-12 11:34
M02863,V0257,L044,2026-02-24 20:33
M02864,V0290,L008,2026-04-09 15:29
M02865,V0130,L036,2026-06-26 17:21
M02866,V0109,L078,2026-02-04 02:14
M02867,V0028,L069,2026-04-05 23:53
M02868,V0042,L024,2026-02-28 13:06
M02869,V0332,L058,2026-07-05 11:05
M02870,V0295,L059,2026-04-27 21:06
M02871,V0328,L004,2026-03-26 20:42
M02872,V0308,L067,2026-04-07 03:09
M02873,V0224,L042,2026-03-21 16:06
M02874,V0001,L008,2026-08-10 19:34
M02875,V0281,L069,2026-08-03 00:22
M02876,V0131,L067,2026-05-02 08:50
M02877,V0126,L072,2026-01-02 17:59
M02878,V0195,L053,2026-07-11 16:41
M02879,V0040,L041,2026-04-20 07:24
M02880,V0080,L019,2026-04-25 07:59
M02881,V0315,L027,2026-07-09 13:36
M02882,V0179,L035,2026-05-14 11:44
M02883,V0289,L019,2026-01-12 09:33
M02884,V0286,L068,2026-06-02 14:57
M02885,V0109,L020,2026-06-15 19:05
M02886,V0210,L024,2026-01-28 15:57
M02887,V0245,L022,2026-07-20 04:23
M02888,V0096,L027,2026-03-02 19:39
M02889,V0334,L052,2026-07-05 14:57
M02890,V0069,L044,2026-01-16 00:04
M02891,V0070,L005,2026-01-28 17:18
M02892,V0024,L061,2026-06-17 16:10
M02893,V0067,L019,2026-08-05 21:19
M02894,V0263,L042,2026-04-03 15:32
M02895,V0172,L065,2026-08-17 21:59
M02896,V0248,L027,2026-05-02 11:14
M02897,V0277,L051,2026-08-23 12:28
M02898,V0234,L002,2026-04-28 15:56
M02899,V0323,L025,2026-08-19 12:59
M02900,V0244,L019,2026-01-07 13:28
M02901,V0063,L074,2026-05-22 12:47
M02902,V0190,L005,2026-02-06 06:21
M02903,V0248,L068,2026-03-06 06:40
M02904,V0316,L035,2026-08-02 17:14
M02905,V0157,L007,2026-07-05 12:09
M02906,V0320,L048,2026-04-13 09:19
M02907,V0038,L035,2026-08-26 15:28
M02908,V0325,L038,2026-06-19 23:36
M02909,V0142,L016,2026-04-13 16:48
M02910,V0003,L070,2026-01-19 06:10
M02911,V0011,L057,2026-07-10 09:46
M02912,V0270,L009,2026-08-27 11:52
M02913,V0182,L017,2026-06-27 22:14
M02914,V0308,L009,2026-03-25 11:20
M02915,V0071,L042,2026-01-01 06:03
M02916,V0279,L074,2026-08-07 23:30
M02917,V0210,L007,2026-03-16 16:30
M02918,V0029,L026,2026-04-05 03:53
M02919,V0330,L044,2026-04-21 12:13
M02920,V0021,L026,2026-03-17 11:33
M02921,V0220,L060,2026-05-08 20:24
M02922,V0012,L038,2026-04-08 12:08
M02923,V0281,L015,2026-08-24 10:00
M02924,V0222,L006,2026-05-23 14:04
M02925,V0274,L066,2026-01-22 21:24
M02926,V0345,L080,2026-06-03 07:05
M02927,V0300,L016,2026-05-06 18:26
M02928,V0230,L026,2026-01-15 08:25
M02929,V0281,L050,2026-04-18 12:18
M02930,V0200,L010,2026-01-24 14:35
M02931,V0051,L022,2026-08-15 19:16
M02932,V0318,L016,2026-08-14 10:54
M02933,V0164,L066,2026-03-08 19:04
M02934,V0210,L019,2026-08-02 09:39
M02935,V0052,L037,2026-02-17 11:26
M02936,V0066,L031,2026-04-07 17:53
M02937,V0346,L031,2026-02-13 15:11
M02938,V0298,L007,2026-01-08 14:08
M02939,V0349,L040,2026-08-28 01:47
M02940,V0339,L075,2026-05-04 23:39
M02941,V0184,L012,2026-04-02 15:19
M02942,V0168,L047,2026-03-20 01:40
M02943,V0005,L026,2026-06-20 05:40
M02944,V0011,L047,2026-08-21 01:54
M02945,V0284,L026,2026-03-27 21:09
M02946,V0213,L031,2026-01-07 01:31
M02947,V0259,L030,2026-08-03 20:26
M02948,V0134,L019,2026-05-25 23:25
M02949,V0052,L019,2026-06-21 15:39
M02950,V0275,L016,2026-03-07 06:50
M02951,V0061,L054,2026-01-27 06:03
M02952,V0277,L079,2026-03-22 21:23
M02953,V0207,L031,2026-02-03 09:57
M02954,V0012,L022,2026-02-12 06:03
M02955,V0261,L002,2026-05-02 05:29
M02956,V0212,L010,2026-08-16 17:06
M02957,V0087,L066,2026-04-08 04:14
M02958,V0142,L048,2026-05-05 21:09
M02959,V0106,L011,2026-08-22 15:33
M02960,V0057,L050,2026-03-26 03:46
M02961,V0141,L021,2026-08-14 11:41
M02962,V0222,L044,2026-08-27 00:30
M02963,V0218,L020,2026-02-23 08:56
M02964,V0062,L053,2026-04-28 10:03
M02965,V0348,L018,2026-02-10 05:05
M02966,V0012,L049,2026-02-04 08:56
M02967,V0036,L006,2026-07-10 10:21
M02968,V0258,L024,2026-01-01 21:36
M02969,V0131,L009,2026-03-26 08:16
M02970,V0184,L016,2026-07-04 19:19
M02971,V0209,L043,2026-04-26 14:00
M02972,V0320,L020,2026-04-24 16:42
M02973,V0242,L078,2026-04-26 05:40
M02974,V0115,L022,2026-04-23 12:28
M02975,V0226,L004,2026-06-07 09:09
M02976,V0182,L009,2026-08-02 03:12
M02977,V0163,L065,2026-02-22 05:07
M02978,V0192,L048,2026-06-05 08:35
M02979,V0296,L080,2026-04-28 00:56
M02980,V0259,L061,2026-02-07 00:48
M02981,V0053,L052,2026-02-28 17:33
M02982,V0014,L040,2026-02-04 22:11
M02983,V0034,L017,2026-07-04 01:37
M02984,V0344,L001,2026-07-23 03:03
M02985,V0071,L074,2026-07-16 08:26
M02986,V0305,L061,2026-08-17 00:12
M02987,V0146,L074,2026-04-04 13:51
M02988,V0120,L077,2026-04-23 09:34
M02989,V0121,L047,2026-06-15 09:36
M02990,V0016,L070,2026-06-15 09:56
M02991,V0250,L011,2026-08-15 03:20
M02992,V0172,L053,2026-05-17 18:44
M02993,V0193,L033,2026-04-05 04:45
M02994,V0135,L051,2026-07-08 03:51
M02995,V0274,L013,2026-06-18 19:39
M02996,V0216,L001,2026-04-23 20:40
M02997,V0082,L050,2026-04-09 06:03
M02998,V0307,L020,2026-07-06 00:52
M02999,V0145,L066,2026-03-09 00:07
M03000,V0178,L019,2026-02-15 06:34
M03001,V0057,L007,2026-02-22 16:52
M03002,V0315,L057,2026-04-24 06:44
M03003,V0321,L024,2026-05-26 15:06
M03004,V0176,L021,2026-06-18 18:39
M03005,V0311,L052,2026-08-27 07:39
M03006,V0031,L025,2026-02-25 12:36
M03007,V0229,L023,2026-02-18 16:23
M03008,V0330,L069,2026-05-02 14:15
M03009,V0149,L030,2026-02-19 00:58
M03010,V0349,L071,2026-06-21 14:44
M03011,V0109,L036,2026-07-20 16:56
M03012,V0223,L060,2026-06-22 17:52
M03013,V0305,L061,2026-01-03 10:45
M03014,V0147,L020,2026-03-22 20:31
M03015,V0021,L080,2026-06-12 15:29
M03016,V0334,L021,2026-01-28 01:46
M03017,V0165,L030,2026-07-25 17:51
M03018,V0269,L077,2026-01-18 18:27
M03019,V0140,L029,2026-06-23 07:53
M03020,V0279,L023,2026-01-04 17:30
M03021,V0251,L053,2026-08-23 02:10
M03022,V0293,L035,2026-05-24 02:57
M03023,V0036,L048,2026-04-21 00:39
M03024,V0056,L020,2026-08-24 01:51
M03025,V0228,L025,2026-07-13 05:03
M03026,V0210,L020,2026-08-05 08:56
M03027,V0143,L059,2026-01-27 18:37
M03028,V0220,L061,2026-05-12 00:29
M03029,V0034,L056,2026-03-08 18:09
M03030,V0183,L018,2026-07-22 11:43
M03031,V0187,L043,2026-08-11 14:26
M03032,V0341,L066,2026-02-04 05:53
M03033,V0004,L005,2026-06-14 10:43
M03034,V0163,L045,2026-04-02 23:42
M03035,V0130,L003,2026-08-26 23:17
M03036,V0102,L077,2026-04-17 14:10
M03037,V0339,L058,2026-01-16 20:57
M03038,V0186,L078,2026-04-08 11:39
M03039,V0335,L023,2026-05-06 06:35
M03040,V0154,L033,2026-03-08 22:09
M03041,V0279,L076,2026-01-04 23:30
M03042,V0033,L005,2026-07-07 15:33
M03043,V0039,L016,2026-07-17 18:51
M03044,V0125,L070,2026-04-19 21:45
M03045,V0176,L034,2026-04-09 20:21
M03046,V0256,L010,2026-03-27 17:18
M03047,V0029,L028,2026-05-25 01:55
M03048,V0189,L071,2026-08-26 00:16
M03049,V0315,L012,2026-04-26 03:35
M03050,V0334,L060,2026-04-05 07:47
M03051,V0099,L042,2026-02-19 10:03
M03052,V0316,L054,2026-03-07 07:19
M03053,V0140,L004,2026-06-28 23:46
M03054,V0291,L032,2026-04-08 06:13
M03055,V0229,L067,2026-08-07 21:42
M03056,V0118,L042,2026-01-11 17:10
M03057,V0314,L075,2026-06-19 23:32
M03058,V0035,L037,2026-01-11 19:21
M03059,V0035,L045,2026-06-14 15:17
M03060,V0207,L039,2026-03-28 05:29
M03061,V0102,L007,2026-01-14 07:25
M03062,V0151,L060,2026-01-09 16:30
M03063,V0031,L038,2026-03-17 20:02
M03064,V0139,L070,2026-02-20 04:39
M03065,V0150,L035,2026-08-14 06:12
M03066,V0326,L059,2026-08-25 19:36
M03067,V0123,L066,2026-01-09 14:50
M03068,V0021,L015,2026-04-27 00:12
M03069,V0233,L056,2026-01-09 18:06
M03070,V0301,L013,2026-08-20 18:29
M03071,V0011,L043,2026-08-19 21:28
M03072,V0111,L013,2026-01-17 01:46
M03073,V0089,L063,2026-02-08 13:10
M03074,V0094,L041,2026-06-16 16:18
M03075,V0037,L073,2026-01-08 04:08
M03076,V0069,L010,2026-02-08 22:32
M03077,V0261,L055,2026-02-18 12:27
M03078,V0016,L061,2026-01-20 09:05
M03079,V0298,L042,2026-08-06 08:05
M03080,V0211,L072,2026-06-24 16:42
M03081,V0327,L033,2026-06-23 06:46
M03082,V0200,L073,2026-02-21 01:22
M03083,V0103,L040,2026-01-12 07:18
M03084,V0255,L037,2026-03-27 20:52
M03085,V0109,L006,2026-02-25 01:30
M03086,V0319,L075,2026-04-09 11:25
M03087,V0184,L010,2026-04-19 21:01
M03088,V0241,L022,2026-07-15 09:54
M03089,V0340,L042,2026-04-24 07:39
M03090,V0193,L017,2026-06-24 18:37
M03091,V0290,L011,2026-08-28 17:53
M03092,V0016,L024,2026-08-04 10:11
M03093,V0072,L058,2026-04-16 22:10
M03094,V0072,L053,2026-04-25 16:27
M03095,V0058,L060,2026-02-13 17:04
M03096,V0099,L071,2026-04-11 16:06
M03097,V0253,L065,2026-02-01 11:09
M03098,V0153,L042,2026-01-07 10:29
M03099,V0330,L069,2026-04-12 09:11
M03100,V0037,L015,2026-04-21 20:21
M03101,V0243,L080,2026-07-03 09:16
M03102,V0152,L003,2026-01-11 14:37
M03103,V0292,L063,2026-05-08 02:56
M03104,V0175,L022,2026-03-16 22:39
M03105,V0044,L015,2026-01-22 14:19
M03106,V0223,L045,2026-06-02 12:23
M03107,V0122,L002,2026-03-21 00:01
M03108,V0217,L069,2026-07-26 11:41
M03109,V0084,L025,2026-03-02 09:08
M03110,V0012,L037,2026-03-05 08:29
M03111,V0005,L034,2026-03-17 09:32
M03112,V0162,L007,2026-02-07 12:30
M03113,V0071,L038,2026-06-01 17:39
M03114,V0122,L019,2026-01-28 00:33
M03115,V0163,L071,2026-08-11 04:04
M03116,V0292,L029,2026-03-13 19:19
M03117,V0142,L049,2026-05-08 03:01
M03118,V0065,L076,2026-02-24 04:01
M03119,V0289,L063,2026-07-21 10:58
M03120,V0267,L028,2026-06-16 03:41
M03121,V0241,L067,2026-07-05 00:33
M03122,V0305,L023,2026-08-19 18:31
M03123,V0316,L025,2026-05-18 06:11
M03124,V0292,L033,2026-01-16 08:09
M03125,V0206,L065,2026-01-04 14:22
M03126,V0032,L013,2026-08-16 11:17
M03127,V0232,L045,2026-01-08 20:04
M03128,V0215,L066,2026-02-12 14:12
M03129,V0219,L055,2026-05-24 00:42
M03130,V0312,L054,2026-01-04 05:01
M03131,V0010,L027,2026-01-28 16:41
M03132,V0063,L077,2026-08-24 01:42
M03133,V0158,L057,2026-07-11 19:21
M03134,V0152,L037,2026-01-18 17:35
M03135,V0257,L043,2026-01-07 15:10
M03136,V0035,L074,2026-04-01 09:55
M03137,V0048,L072,2026-01-17 20:19
M03138,V0286,L017,2026-07-01 22:45
M03139,V0146,L054,2026-03-02 17:31
M03140,V0119,L071,2026-05-08 04:10
M03141,V0052,L047,2026-07-08 09:57
M03142,V0102,L078,2026-08-14 16:09
M03143,V0322,L045,2026-03-27 07:32
M03144,V0049,L044,2026-05-16 09:58
M03145,V0108,L022,2026-06-11 14:22
M03146,V0161,L031,2026-04-12 00:27
M03147,V0177,L033,2026-02-07 18:52
M03148,V0016,L061,2026-05-28 08:15
M03149,V0066,L074,2026-08-19 04:44
M03150,V0002,L024,2026-03-06 03:49
M03151,V0074,L031,2026-08-22 00:42
M03152,V0118,L020,2026-03-17 16:34
M03153,V0312,L061,2026-01-22 05:43
M03154,V0223,L004,2026-01-21 11:08
M03155,V0032,L055,2026-02-01 16:18
M03156,V0056,L004,2026-07-25 18:58
M03157,V0338,L064,2026-08-22 20:29
M03158,V0173,L025,2026-03-08 17:25
M03159,V0099,L062,2026-08-07 12:46
M03160,V0152,L019,2026-02-15 17:21
M03161,V0339,L061,2026-03-28 05:32
M03162,V0341,L003,2026-05-23 22:14
M03163,V0203,L078,2026-02-15 23:18
M03164,V0096,L028,2026-01-25 20:34
M03165,V0224,L078,2026-02-19 02:33
M03166,V0028,L074,2026-02-16 09:20
M03167,V0169,L017,2026-08-25 10:40
M03168,V0102,L064,2026-01-01 08:59
M03169,V0057,L005,2026-03-24 06:14
M03170,V0198,L021,2026-07-10 02:04
M03171,V0201,L078,2026-03-16 15:41
M03172,V0026,L032,2026-04-22 23:04
M03173,V0344,L029,2026-07-21 08:37
M03174,V0011,L032,2026-07-23 10:28
M03175,V0039,L055,2026-08-05 18:41
M03176,V0114,L010,2026-01-03 01:58
M03177,V0043,L070,2026-06-12 08:00
M03178,V0192,L063,2026-05-10 16:31
M03179,V0012,L029,2026-02-23 15:06
M03180,V0248,L035,2026-08-10 19:56
M03181,V0012,L061,2026-03-08 04:33
M03182,V0190,L026,2026-04-16 07:25
M03183,V0075,L026,2026-01-23 10:48
M03184,V0228,L052,2026-03-26 22:03
M03185,V0237,L022,2026-07-14 19:15
M03186,V0063,L069,2026-06-26 16:49
M03187,V0174,L023,2026-02-17 13:09
M03188,V0190,L029,2026-06-13 06:37
M03189,V0136,L069,2026-08-10 05:08
M03190,V0131,L027,2026-05-19 01:37
M03191,V0103,L033,2026-03-13 18:49
M03192,V0081,L053,2026-04-10 08:19
M03193,V0288,L027,2026-01-09 03:58
M03194,V0010,L048,2026-05-11 20:55
M03195,V0272,L079,2026-07-01 02:38
M03196,V0116,L059,2026-08-26 05:35
M03197,V0200,L064,2026-06-21 13:25
M03198,V0276,L004,2026-08-07 09:21
M03199,V0236,L016,2026-01-15 03:29
M03200,V0263,L003,2026-07-12 10:54
M03201,V0020,L023,2026-07-10 15:08
M03202,V0069,L026,2026-02-09 13:43
M03203,V0151,L020,2026-01-05 00:58
M03204,V0229,L051,2026-06-16 18:27
M03205,V0203,L059,2026-06-17 02:44
M03206,V0106,L039,2026-04-25 09:44
M03207,V0139,L060,2026-08-27 23:24
M03208,V0087,L030,2026-07-23 22:36
M03209,V0198,L053,2026-04-15 17:57
M03210,V0219,L016,2026-03-01 08:22
M03211,V0319,L064,2026-08-25 13:30
M03212,V0329,L033,2026-01-09 19:22
M03213,V0016,L051,2026-03-12 02:47
M03214,V0310,L016,2026-02-12 21:23
M03215,V0220,L044,2026-03-20 04:29
M03216,V0343,L072,2026-02-21 06:25
M03217,V0074,L034,2026-01-25 22:17
M03218,V0222,L062,2026-08-20 07:57
M03219,V0102,L072,2026-04-19 10:50
M03220,V0028,L020,2026-08-18 12:42
M03221,V0081,L050,2026-04-28 21:55
M03222,V0056,L034,2026-02-08 10:47
M03223,V0018,L025,2026-08-17 10:05
M03224,V0154,L010,2026-03-01 02:04
M03225,V0298,L004,2026-07-16 15:14
M03226,V0214,L070,2026-06-06 21:15
M03227,V0233,L040,2026-08-14 03:07
M03228,V0172,L044,2026-05-19 21:48
M03229,V0245,L025,2026-05-01 00:33
M03230,V0057,L010,2026-01-12 04:05
M03231,V0086,L034,2026-01-22 15:27
M03232,V0212,L062,2026-07-23 03:39
M03233,V0273,L050,2026-07-10 11:12
M03234,V0125,L067,2026-04-15 07:13
M03235,V0063,L006,2026-08-27 20:52
M03236,V0155,L057,2026-07-01 06:05
M03237,V0021,L061,2026-08-15 06:41
M03238,V0189,L032,2026-04-19 13:16
M03239,V0041,L035,2026-05-03 05:30
M03240,V0190,L062,2026-01-06 14:48
M03241,V0072,L008,2026-04-11 05:57
M03242,V0187,L010,2026-03-01 19:33
M03243,V0233,L046,2026-06-10 23:25
M03244,V0256,L008,2026-01-10 15:22
M03245,V0350,L071,2026-08-02 03:08
M03246,V0266,L003,2026-08-02 06:17
M03247,V0052,L016,2026-07-07 17:26
M03248,V0038,L005,2026-02-01 16:12
M03249,V0028,L014,2026-06-07 10:48
M03250,V0346,L018,2026-08-18 00:02
M03251,V0168,L053,2026-01-17 17:26
M03252,V0099,L072,2026-05-03 19:24
M03253,V0072,L070,2026-05-26 03:51
M03254,V0307,L034,2026-05-15 09:24
M03255,V0318,L004,2026-06-16 18:10
M03256,V0128,L022,2026-02-25 17:12
M03257,V0293,L042,2026-08-14 22:34
M03258,V0177,L026,2026-04-07 10:24
M03259,V0065,L035,2026-02-20 11:05
M03260,V0239,L072,2026-07-08 03:34
M03261,V0333,L075,2026-03-15 16:24
M03262,V0317,L072,2026-06-14 16:30
M03263,V0292,L050,2026-08-23 06:29
M03264,V0306,L079,2026-06-13 17:33
M03265,V0017,L067,2026-06-24 22:38
M03266,V0338,L053,2026-07-12 04:07
M03267,V0196,L028,2026-05-17 15:35
M03268,V0194,L035,2026-01-04 01:21
M03269,V0060,L012,2026-05-26 04:42
M03270,V0193,L039,2026-02-24 00:10
M03271,V0075,L007,2026-06-18 07:20
M03272,V0297,L042,2026-08-25 17:33
M03273,V0011,L069,2026-04-12 04:24
M03274,V0089,L058,2026-04-22 17:11
M03275,V0227,L051,2026-01-14 22:44
M03276,V0234,L005,2026-07-05 11:00
M03277,V0317,L011,2026-08-24 20:39
M03278,V0086,L052,2026-02-04 19:45
M03279,V0276,L008,2026-06-14 22:03
M03280,V0193,L074,2026-04-24 05:15
M03281,V0071,L025,2026-07-16 22:59
M03282,V0123,L052,2026-06-22 08:46
M03283,V0025,L011,2026-08-07 03:04
M03284,V0046,L022,2026-01-28 23:09
M03285,V0238,L022,2026-03-04 12:15
M03286,V0035,L063,2026-05-22 21:40
M03287,V0049,L080,2026-04-18 18:08
M03288,V0339,L058,2026-04-08 08:58
M03289,V0009,L078,2026-06-18 12:15
M03290,V0164,L038,2026-07-19 05:15
M03291,V0072,L050,2026-07-05 08:09
M03292,V0298,L076,2026-07-13 07:37
M03293,V0009,L058,2026-05-05 21:24
M03294,V0217,L027,2026-04-17 20:39
M03295,V0044,L023,2026-03-17 00:00
M03296,V0095,L029,2026-08-02 20:49
M03297,V0348,L053,2026-01-20 21:12
M03298,V0037,L037,2026-02-15 21:15
M03299,V0128,L050,2026-02-06 07:37
M03300,V0112,L026,2026-02-18 18:16
M03301,V0176,L036,2026-08-12 02:44
M03302,V0349,L044,2026-03-08 16:43
M03303,V0175,L072,2026-08-05 11:01
M03304,V0196,L059,2026-02-08 04:08
M03305,V0350,L029,2026-08-27 22:47
M03306,V0009,L075,2026-01-08 03:15
M03307,V0159,L051,2026-05-10 07:38
M03308,V0006,L011,2026-06-22 07:14
M03309,V0296,L043,2026-04-27 06:44
M03310,V0069,L055,2026-06-02 19:00
M03311,V0061,L023,2026-02-17 09:41
M03312,V0274,L079,2026-04-21 12:19
M03313,V0171,L077,2026-01-08 21:03
M03314,V0030,L050,2026-08-26 18:37
M03315,V0035,L026,2026-05-14 17:47
M03316,V0021,L049,2026-01-13 11:25
M03317,V0034,L019,2026-02-22 15:53
M03318,V0160,L061,2026-03-14 15:11
M03319,V0109,L039,2026-01-14 17:34
M03320,V0226,L064,2026-03-16 10:58
M03321,V0328,L026,2026-07-13 17:38
M03322,V0249,L008,2026-08-07 23:19
M03323,V0332,L017,2026-02-18 00:46
M03324,V0262,L079,2026-04-04 12:58
M03325,V0310,L065,2026-03-28 06:46
M03326,V0256,L074,2026-06-08 22:19
M03327,V0069,L004,2026-06-14 12:32
M03328,V0012,L059,2026-04-12 05:25
M03329,V0231,L041,2026-07-12 05:39
M03330,V0348,L070,2026-01-12 07:41
M03331,V0020,L025,2026-07-04 00:52
M03332,V0009,L035,2026-07-21 00:52
M03333,V0171,L014,2026-01-01 03:57
M03334,V0289,L080,2026-06-01 01:39
M03335,V0286,L061,2026-03-13 08:55
M03336,V0215,L019,2026-08-04 13:57
M03337,V0234,L045,2026-03-28 00:23
M03338,V0294,L032,2026-06-27 08:05
M03339,V0190,L064,2026-03-08 18:31
M03340,V0134,L024,2026-05-26 14:18
M03341,V0077,L042,2026-02-20 18:45
M03342,V0162,L079,2026-08-25 09:27
M03343,V0167,L012,2026-05-14 21:52
M03344,V0192,L049,2026-04-24 03:50
M03345,V0203,L004,2026-04-06 20:35
M03346,V0339,L071,2026-05-22 17:36
M03347,V0248,L072,2026-05-04 22:55
M03348,V0253,L017,2026-07-25 07:44
M03349,V0183,L018,2026-03-17 00:43
M03350,V0272,L021,2026-04-04 09:12
M03351,V0340,L005,2026-03-12 04:02
M03352,V0006,L017,2026-01-10 05:42
M03353,V0213,L074,2026-01-18 15:34
M03354,V0089,L041,2026-04-09 12:31
M03355,V0337,L001,2026-08-22 16:47
M03356,V0169,L005,2026-07-03 12:04
M03357,V0128,L016,2026-03-04 14:59
M03358,V0271,L069,2026-02-14 20:11
M03359,V0201,L055,2026-07-20 16:30
M03360,V0138,L018,2026-03-08 07:58
M03361,V0272,L037,2026-05-10 12:04
M03362,V0047,L059,2026-06-10 19:46
M03363,V0189,L059,2026-02-22 02:28
M03364,V0006,L038,2026-05-21 22:19
M03365,V0333,L010,2026-06-07 12:07
M03366,V0132,L043,2026-02-22 21:41
M03367,V0278,L028,2026-02-27 07:09
M03368,V0049,L068,2026-02-23 12:51
M03369,V0243,L006,2026-05-27 18:06
M03370,V0185,L051,2026-02-01 01:59
M03371,V0250,L017,2026-07-02 14:24
M03372,V0263,L046,2026-02-14 09:47
M03373,V0030,L055,2026-05-02 01:21
M03374,V0283,L037,2026-05-12 03:46
M03375,V0069,L065,2026-03-16 04:39
M03376,V0134,L021,2026-02-04 13:58
M03377,V0222,L037,2026-08-06 21:17
M03378,V0269,L032,2026-03-11 19:20
M03379,V0254,L039,2026-06-20 03:48
M03380,V0113,L027,2026-08-12 18:37
M03381,V0102,L029,2026-05-12 17:11
M03382,V0107,L071,2026-02-17 15:07
M03383,V0204,L076,2026-05-13 23:28
M03384,V0177,L056,2026-03-25 19:40
M03385,V0094,L040,2026-08-14 16:02
M03386,V0242,L018,2026-06-16 21:36
M03387,V0227,L046,2026-02-07 02:20
M03388,V0143,L054,2026-04-14 15:41
M03389,V0217,L020,2026-02-07 21:27
M03390,V0007,L056,2026-03-20 09:52
M03391,V0303,L036,2026-05-15 20:11
M03392,V0256,L018,2026-05-12 10:42
M03393,V0250,L050,2026-08-11 02:06
M03394,V0320,L037,2026-04-22 06:45
M03395,V0114,L051,2026-04-20 18:52
M03396,V0221,L004,2026-02-10 08:31
M03397,V0059,L047,2026-08-16 21:52
M03398,V0039,L074,2026-05-21 08:21
M03399,V0319,L047,2026-07-03 08:02
M03400,V0315,L059,2026-08-27 09:05
M03401,V0261,L037,2026-02-27 04:58
M03402,V0195,L033,2026-01-11 07:23
M03403,V0070,L077,2026-04-27 05:08
M03404,V0237,L052,2026-08-07 22:42
M03405,V0031,L042,2026-08-06 03:32
M03406,V0221,L036,2026-06-27 21:14
M03407,V0067,L056,2026-02-27 12:39
M03408,V0040,L060,2026-05-19 18:14
M03409,V0328,L079,2026-05-12 20:10
M03410,V0086,L058,2026-02-17 00:22
M03411,V0161,L034,2026-08-02 01:45
M03412,V0213,L072,2026-08-08 22:00
M03413,V0321,L018,2026-07-21 04:01
M03414,V0177,L053,2026-04-08 12:54
M03415,V0133,L007,2026-08-14 04:48
M03416,V0279,L021,2026-08-03 21:10
M03417,V0286,L071,2026-03-25 13:15
M03418,V0063,L003,2026-07-25 17:29
M03419,V0089,L048,2026-05-02 14:31
M03420,V0130,L069,2026-02-14 16:09
M03421,V0006,L036,2026-04-06 16:05
M03422,V0070,L060,2026-08-07 03:48
M03423,V0234,L060,2026-05-22 05:43
M03424,V0247,L069,2026-05-07 15:34
M03425,V0349,L072,2026-08-06 08:08
M03426,V0237,L045,2026-02-09 00:44
M03427,V0196,L042,2026-01-24 10:34
M03428,V0005,L074,2026-06-07 03:27
M03429,V0153,L057,2026-01-12 19:57
M03430,V0325,L034,2026-08-11 06:44
M03431,V0139,L005,2026-08-21 20:40
M03432,V0111,L024,2026-05-12 12:52
M03433,V0279,L066,2026-04-05 04:53
M03434,V0269,L009,2026-08-03 01:35
M03435,V0096,L019,2026-02-19 08:03
M03436,V0110,L026,2026-05-19 22:30
M03437,V0235,L046,2026-04-07 12:28
M03438,V0278,L030,2026-06-17 17:54
M03439,V0145,L044,2026-05-19 01:43
M03440,V0279,L053,2026-08-21 16:06
M03441,V0108,L065,2026-03-25 07:44
M03442,V0054,L013,2026-07-26 22:31
M03443,V0204,L036,2026-08-11 21:33
M03444,V0128,L032,2026-06-13 12:15
M03445,V0266,L067,2026-03-17 05:11
M03446,V0229,L002,2026-07-22 20:37
M03447,V0242,L064,2026-08-16 07:02
M03448,V0273,L040,2026-03-19 16:20
M03449,V0031,L058,2026-08-02 20:08
M03450,V0109,L056,2026-02-22 01:46
M03451,V0341,L034,2026-07-26 07:24
M03452,V0342,L032,2026-03-24 00:05
M03453,V0177,L039,2026-07-03 04:04
M03454,V0132,L076,2026-02-24 05:40
M03455,V0094,L069,2026-07-22 14:12
M03456,V0054,L076,2026-05-24 03:53
M03457,V0328,L074,2026-05-27 18:09
M03458,V0331,L054,2026-06-22 03:07
M03459,V0273,L043,2026-01-27 05:00
M03460,V0093,L028,2026-02-11 20:49
M03461,V0331,L022,2026-02-22 22:47
M03462,V0330,L070,2026-01-19 13:04
M03463,V0080,L040,2026-03-02 03:35
M03464,V0153,L030,2026-06-24 23:38
M03465,V0243,L029,2026-01-25 19:33
M03466,V0028,L053,2026-06-16 04:30
M03467,V0097,L067,2026-01-04 13:44
M03468,V0174,L071,2026-05-28 11:26
M03469,V0100,L024,2026-05-27 11:18
M03470,V0004,L047,2026-04-14 00:25
M03471,V0168,L055,2026-02-25 10:16
M03472,V0321,L002,2026-06-22 05:06
M03473,V0231,L061,2026-03-21 18:27
M03474,V0067,L020,2026-03-08 23:43
M03475,V0145,L053,2026-08-04 17:19
M03476,V0140,L054,2026-02-22 14:12
M03477,V0072,L058,2026-05-08 00:42
M03478,V0228,L051,2026-07-15 20:16
M03479,V0323,L001,2026-01-04 20:33
M03480,V0154,L060,2026-07-13 18:38
M03481,V0188,L025,2026-06-19 12:01
M03482,V0228,L012,2026-03-09 01:35
M03483,V0129,L061,2026-07-12 22:09
M03484,V0015,L045,2026-07-06 05:43
M03485,V0153,L059,2026-02-18 01:12
M03486,V0327,L067,2026-02-26 20:53
M03487,V0149,L031,2026-08-04 01:57
M03488,V0147,L041,2026-03-13 01:37
M03489,V0206,L005,2026-01-24 14:20
M03490,V0029,L059,2026-08-11 04:10
M03491,V0038,L059,2026-01-14 13:31
M03492,V0228,L039,2026-02-17 18:12
M03493,V0006,L009,2026-07-07 22:42
M03494,V0221,L065,2026-05-05 13:56
M03495,V0124,L028,2026-07-03 17:54
M03496,V0301,L013,2026-04-11 10:57
M03497,V0306,L056,2026-06-15 05:29
M03498,V0075,L071,2026-08-27 17:07
M03499,V0337,L065,2026-05-22 03:46
M03500,V0156,L060,2026-07-06 21:15
M03501,V0261,L005,2026-03-13 15:03
M03502,V0305,L038,2026-07-03 17:27
M03503,V0237,L062,2026-02-24 13:56
M03504,V0143,L010,2026-02-09 13:03
M03505,V0131,L074,2026-02-05 18:42
M03506,V0114,L055,2026-04-25 04:09
M03507,V0266,L004,2026-03-20 14:38
M03508,V0262,L001,2026-02-07 09:31
M03509,V0078,L006,2026-07-16 07:34
M03510,V0217,L050,2026-08-12 02:39
M03511,V0221,L048,2026-04-15 12:29
M03512,V0013,L032,2026-03-16 09:39
M03513,V0305,L011,2026-05-08 17:15
M03514,V0316,L057,2026-06-27 00:21
M03515,V0113,L002,2026-04-07 12:48
M03516,V0019,L014,2026-05-14 15:58
M03517,V0058,L045,2026-02-03 20:34
M03518,V0347,L072,2026-03-16 01:15
M03519,V0082,L022,2026-05-24 16:39
M03520,V0033,L031,2026-07-02 09:56
M03521,V0100,L058,2026-05-12 11:28
M03522,V0331,L051,2026-07-25 23:15
M03523,V0292,L039,2026-01-18 02:36
M03524,V0067,L064,2026-06-17 08:45
M03525,V0267,L021,2026-08-15 11:37
M03526,V0156,L058,2026-03-28 05:29
M03527,V0344,L007,2026-02-19 04:16
M03528,V0335,L049,2026-08-12 19:20
M03529,V0248,L079,2026-07-07 07:30
M03530,V0062,L010,2026-04-11 03:55
M03531,V0238,L004,2026-08-04 13:20
M03532,V0028,L068,2026-02-15 01:13
M03533,V0349,L057,2026-07-03 06:20
M03534,V0084,L037,2026-03-18 03:27
M03535,V0298,L036,2026-06-08 22:45
M03536,V0279,L034,2026-06-11 09:10
M03537,V0326,L060,2026-03-09 08:40
M03538,V0225,L045,2026-04-26 19:53
M03539,V0322,L071,2026-08-21 20:37
M03540,V0069,L005,2026-02-10 16:09
M03541,V0314,L022,2026-04-16 19:53
M03542,V0093,L047,2026-07-18 13:42
M03543,V0165,L002,2026-07-14 00:07
M03544,V0044,L052,2026-06-11 16:59
M03545,V0205,L046,2026-02-03 11:58
M03546,V0015,L031,2026-06-12 11:35
M03547,V0053,L070,2026-01-22 21:43
M03548,V0027,L054,2026-07-21 00:22
M03549,V0217,L062,2026-08-22 05:40
M03550,V0054,L025,2026-07-01 01:34
M03551,V0140,L028,2026-01-01 23:27
M03552,V0126,L078,2026-04-16 16:08
M03553,V0125,L055,2026-02-01 19:43
M03554,V0318,L064,2026-08-06 02:36
M03555,V0051,L050,2026-04-22 00:44
M03556,V0339,L079,2026-02-14 10:05
M03557,V0215,L070,2026-01-01 08:52
M03558,V0247,L024,2026-02-11 06:21
M03559,V0242,L005,2026-01-20 06:21
M03560,V0261,L058,2026-02-16 01:57
M03561,V0096,L002,2026-01-22 23:22
M03562,V0168,L047,2026-01-21 03:47
M03563,V0279,L058,2026-01-02 20:20
M03564,V0096,L076,2026-05-05 07:08
M03565,V0182,L045,2026-05-26 06:41
M03566,V0101,L033,2026-03-22 06:11
M03567,V0331,L011,2026-03-22 09:12
M03568,V0004,L019,2026-06-17 21:40
M03569,V0104,L032,2026-01-07 12:40
M03570,V0038,L031,2026-03-05 15:57
M03571,V0217,L075,2026-01-09 20:43
M03572,V0248,L034,2026-05-16 20:55
M03573,V0118,L002,2026-02-04 00:53
M03574,V0228,L072,2026-01-26 23:53
M03575,V0286,L063,2026-07-27 12:30
M03576,V0271,L040,2026-06-07 06:18
M03577,V0327,L025,2026-04-12 21:49
M03578,V0236,L066,2026-05-08 14:02
M03579,V0036,L010,2026-01-07 06:47
M03580,V0205,L011,2026-04-13 06:30
M03581,V0168,L004,2026-07-01 10:03
M03582,V0113,L032,2026-06-04 03:25
M03583,V0121,L062,2026-05-28 11:43
M03584,V0231,L031,2026-07-26 05:22
M03585,V0124,L002,2026-04-09 21:41
M03586,V0065,L056,2026-01-06 14:53
M03587,V0121,L024,2026-03-13 19:38
M03588,V0067,L058,2026-03-21 16:29
M03589,V0014,L017,2026-03-20 09:47
M03590,V0008,L003,2026-08-11 02:54
M03591,V0036,L001,2026-03-19 07:38
M03592,V0323,L034,2026-01-19 18:26
M03593,V0181,L054,2026-08-28 17:36
M03594,V0184,L049,2026-05-24 11:38
M03595,V0346,L068,2026-02-25 14:04
M03596,V0108,L005,2026-04-06 18:09
M03597,V0288,L038,2026-05-06 23:10
M03598,V0055,L028,2026-05-24 06:13
M03599,V0066,L012,2026-04-27 07:48
M03600,V0020,L008,2026-01-10 23:58
M03601,V0085,L080,2026-06-13 00:12
M03602,V0015,L017,2026-04-22 00:37
M03603,V0174,L065,2026-08-21 05:01
M03604,V0087,L004,2026-08-12 04:03
M03605,V0011,L023,2026-06-12 12:38
M03606,V0109,L011,2026-07-01 13:45
M03607,V0083,L029,2026-02-09 07:33
M03608,V0246,L037,2026-05-08 15:54
M03609,V0126,L001,2026-06-08 11:39
M03610,V0215,L017,2026-08-14 07:00
M03611,V0018,L076,2026-08-13 07:59
M03612,V0325,L024,2026-06-05 14:42
M03613,V0126,L078,2026-08-13 15:49
M03614,V0133,L071,2026-02-08 18:06
M03615,V0141,L019,2026-01-08 15:23
M03616,V0202,L079,2026-05-03 09:15
M03617,V0036,L039,2026-01-04 07:37
M03618,V0271,L072,2026-08-23 17:19
M03619,V0083,L079,2026-06-08 22:49
M03620,V0104,L060,2026-02-17 18:16
M03621,V0096,L069,2026-05-01 17:44
M03622,V0322,L069,2026-06-14 21:14
M03623,V0257,L002,2026-03-22 17:49
M03624,V0172,L020,2026-02-05 01:03
M03625,V0147,L012,2026-07-09 17:56
M03626,V0185,L012,2026-06-12 18:54
M03627,V0208,L034,2026-08-27 01:12
M03628,V0070,L016,2026-08-01 07:39
M03629,V0188,L006,2026-05-06 07:42
M03630,V0186,L080,2026-05-01 04:46
M03631,V0036,L053,2026-01-14 17:04
M03632,V0117,L044,2026-07-07 21:45
M03633,V0197,L019,2026-03-09 21:18
M03634,V0222,L024,2026-07-11 11:26
M03635,V0063,L047,2026-08-22 14:08
M03636,V0118,L044,2026-06-28 02:30
M03637,V0068,L060,2026-05-23 17:18
M03638,V0234,L077,2026-03-15 01:56
M03639,V0181,L075,2026-05-09 12:06
M03640,V0231,L029,2026-06-08 12:03
M03641,V0215,L065,2026-05-10 15:46
M03642,V0349,L001,2026-07-24 22:31
M03643,V0158,L001,2026-02-22 05:24
M03644,V0016,L020,2026-08-21 01:01
M03645,V0230,L009,2026-02-01 13:18
M03646,V0261,L007,2026-03-25 06:09
M03647,V0183,L066,2026-07-19 19:51
M03648,V0322,L066,2026-01-02 17:34
M03649,V0051,L037,2026-05-18 20:38
M03650,V0160,L050,2026-06-09 02:44
M03651,V0035,L024,2026-05-23 05:09
M03652,V0307,L053,2026-01-14 19:05
M03653,V0128,L072,2026-03-26 23:07
M03654,V0243,L021,2026-06-27 04:44
M03655,V0040,L072,2026-07-14 14:33
M03656,V0074,L028,2026-07-16 10:27
M03657,V0233,L053,2026-06-19 09:43
M03658,V0285,L051,2026-04-15 17:30
M03659,V0329,L068,2026-06-11 18:46
M03660,V0228,L015,2026-02-25 16:39
M03661,V0247,L017,2026-05-23 16:57
M03662,V0059,L068,2026-08-01 13:12
M03663,V0112,L062,2026-08-09 14:09
M03664,V0211,L057,2026-04-06 12:47
M03665,V0266,L015,2026-04-14 02:21
M03666,V0337,L079,2026-04-13 09:03
M03667,V0248,L051,2026-03-02 22:40
M03668,V0091,L069,2026-03-27 22:01
M03669,V0247,L040,2026-06-23 19:26
M03670,V0093,L036,2026-02-21 07:58
M03671,V0074,L036,2026-06-20 23:06
M03672,V0067,L031,2026-02-10 21:43
M03673,V0043,L035,2026-03-03 11:33
M03674,V0076,L044,2026-05-25 10:47
M03675,V0061,L033,2026-04-10 06:34
M03676,V0076,L045,2026-01-02 16:59
M03677,V0196,L078,2026-03-02 11:04
M03678,V0031,L025,2026-05-23 02:23
M03679,V0304,L039,2026-03-23 17:12
M03680,V0145,L075,2026-05-05 16:15
M03681,V0181,L018,2026-08-02 13:00
M03682,V0229,L062,2026-02-09 19:53
M03683,V0246,L051,2026-05-05 07:25
M03684,V0314,L014,2026-08-27 20:02
M03685,V0121,L017,2026-05-06 05:14
M03686,V0145,L009,2026-08-21 14:37
M03687,V0078,L011,2026-02-15 01:02
M03688,V0187,L021,2026-05-11 19:25
M03689,V0007,L080,2026-01-04 05:48
M03690,V0242,L016,2026-08-06 01:36
M03691,V0345,L069,2026-05-01 05:28
M03692,V0018,L074,2026-05-07 02:22
M03693,V0088,L015,2026-02-25 19:52
M03694,V0317,L063,2026-02-16 16:52
M03695,V0214,L024,2026-06-21 12:44
M03696,V0047,L048,2026-07-08 13:35
M03697,V0278,L052,2026-05-22 12:40
M03698,V0341,L044,2026-01-10 10:24
M03699,V0295,L050,2026-01-25 23:26
M03700,V0082,L067,2026-06-08 12:52
M03701,V0324,L063,2026-05-20 05:35
M03702,V0323,L009,2026-08-03 02:52
M03703,V0104,L053,2026-04-12 09:12
M03704,V0061,L030,2026-04-04 02:44
M03705,V0073,L063,2026-01-14 23:50
M03706,V0147,L041,2026-05-16 16:50
M03707,V0105,L074,2026-01-09 18:30
M03708,V0311,L012,2026-01-08 01:46
M03709,V0108,L029,2026-08-19 19:07
M03710,V0208,L010,2026-06-23 00:10
M03711,V0316,L060,2026-07-15 01:49
M03712,V0220,L033,2026-05-28 00:38
M03713,V0108,L004,2026-06-16 14:27
M03714,V0333,L012,2026-05-01 12:37
M03715,V0079,L051,2026-01-02 11:18
M03716,V0080,L072,2026-07-07 11:31
M03717,V0144,L005,2026-06-04 14:19
M03718,V0136,L039,2026-05-03 07:48
M03719,V0270,L070,2026-03-11 17:41
M03720,V0093,L032,2026-06-11 04:25
M03721,V0117,L059,2026-04-08 17:49
M03722,V0031,L050,2026-02-16 15:39
M03723,V0308,L066,2026-01-10 06:34
M03724,V0045,L007,2026-01-13 06:06
M03725,V0002,L041,2026-06-01 14:50
M03726,V0207,L016,2026-05-01 21:16
M03727,V0264,L055,2026-08-04 21:27
M03728,V0306,L008,2026-08-26 07:54
M03729,V0116,L072,2026-03-26 03:03
M03730,V0308,L024,2026-01-02 19:06
M03731,V0060,L036,2026-03-04 21:24
M03732,V0285,L045,2026-01-19 16:53
M03733,V0309,L036,2026-08-20 06:39
M03734,V0267,L029,2026-07-09 12:38
M03735,V0006,L054,2026-02-01 19:27
M03736,V0019,L029,2026-04-17 23:09
M03737,V0076,L027,2026-03-06 07:23
M03738,V0109,L059,2026-06-11 21:31
M03739,V0070,L060,2026-01-11 19:08
M03740,V0327,L041,2026-01-21 02:34
M03741,V0323,L069,2026-08-05 01:26
M03742,V0316,L052,2026-06-28 14:31
M03743,V0208,L063,2026-08-18 16:30
M03744,V0063,L025,2026-01-17 20:16
M03745,V0258,L027,2026-08-05 00:58
M03746,V0021,L051,2026-07-07 04:39
M03747,V0172,L055,2026-07-12 14:19
M03748,V0257,L076,2026-04-13 14:54
M03749,V0328,L003,2026-07-24 02:36
M03750,V0254,L046,2026-01-01 06:33
M03751,V0040,L039,2026-01-09 06:56
M03752,V0286,L070,2026-01-03 11:54
M03753,V0105,L009,2026-06-01 00:48
M03754,V0185,L069,2026-04-12 21:12
M03755,V0155,L070,2026-06-21 17:18
M03756,V0095,L043,2026-06-13 02:17
M03757,V0033,L057,2026-05-07 14:24
M03758,V0015,L013,2026-04-06 11:30
M03759,V0348,L074,2026-02-23 12:38
M03760,V0182,L030,2026-06-05 08:43
M03761,V0209,L076,2026-04-25 21:27
M03762,V0027,L034,2026-03-11 18:59
M03763,V0298,L003,2026-05-24 21:43
M03764,V0004,L009,2026-04-19 10:46
M03765,V0287,L074,2026-02-23 23:32
M03766,V0149,L031,2026-03-09 09:56
M03767,V0186,L064,2026-05-27 07:19
M03768,V0333,L024,2026-06-19 11:40
M03769,V0039,L021,2026-03-18 12:48
M03770,V0299,L043,2026-03-19 22:14
M03771,V0323,L065,2026-03-04 01:27
M03772,V0079,L069,2026-07-18 11:08
M03773,V0051,L006,2026-01-23 14:14
M03774,V0173,L077,2026-01-03 06:11
M03775,V0328,L046,2026-08-01 20:48
M03776,V0156,L037,2026-02-26 08:32
M03777,V0074,L020,2026-05-25 06:50
M03778,V0010,L024,2026-06-20 10:32
M03779,V0268,L072,2026-06-27 10:57
M03780,V0228,L027,2026-04-20 15:17
M03781,V0087,L052,2026-01-18 11:22
M03782,V0023,L018,2026-07-06 11:50
M03783,V0301,L079,2026-02-09 21:48
M03784,V0122,L041,2026-04-26 18:52
M03785,V0185,L077,2026-06-14 19:53
M03786,V0063,L060,2026-03-01 15:03
M03787,V0127,L056,2026-08-20 17:52
M03788,V0258,L077,2026-04-16 06:24
M03789,V0113,L007,2026-02-12 20:11
M03790,V0242,L062,2026-04-15 09:45
M03791,V0278,L012,2026-02-18 09:17
M03792,V0280,L064,2026-01-12 04:36
M03793,V0052,L070,2026-05-10 01:36
M03794,V0012,L008,2026-03-11 10:59
M03795,V0265,L059,2026-03-11 14:12
M03796,V0057,L028,2026-01-06 05:55
M03797,V0016,L030,2026-08-25 07:59
M03798,V0323,L045,2026-05-02 11:40
M03799,V0120,L026,2026-05-25 00:51
M03800,V0050,L054,2026-05-26 21:29
M03801,V0279,L047,2026-01-27 22:26
M03802,V0017,L080,2026-04-07 15:04
M03803,V0318,L069,2026-07-12 16:58
M03804,V0164,L010,2026-01-05 22:56
M03805,V0036,L037,2026-07-11 08:34
M03806,V0054,L073,2026-04-06 05:55
M03807,V0012,L051,2026-02-12 05:43
M03808,V0163,L004,2026-02-20 02:28
M03809,V0247,L078,2026-08-19 10:01
M03810,V0154,L060,2026-01-01 12:11
M03811,V0072,L042,2026-01-03 14:52
M03812,V0253,L043,2026-02-15 21:18
M03813,V0280,L076,2026-01-20 05:12
M03814,V0289,L029,2026-07-01 22:19
M03815,V0329,L036,2026-08-01 14:46
M03816,V0323,L003,2026-07-14 01:46
M03817,V0184,L064,2026-07-11 04:30
M03818,V0106,L074,2026-04-03 23:06
M03819,V0082,L042,2026-03-05 02:32
M03820,V0307,L069,2026-08-26 00:07
M03821,V0222,L020,2026-05-22 08:17
M03822,V0177,L010,2026-07-20 13:05
M03823,V0111,L063,2026-01-08 08:01
M03824,V0278,L037,2026-08-17 10:14
M03825,V0063,L041,2026-01-26 04:40
M03826,V0234,L038,2026-04-19 07:38
M03827,V0060,L073,2026-02-22 23:24
M03828,V0181,L036,2026-06-19 08:58
M03829,V0277,L004,2026-07-05 01:36
M03830,V0344,L041,2026-03-24 15:39
M03831,V0172,L065,2026-07-02 14:10
M03832,V0182,L008,2026-04-07 20:42
M03833,V0113,L003,2026-03-02 13:49
M03834,V0281,L024,2026-03-01 10:13
M03835,V0262,L037,2026-06-26 05:35
M03836,V0058,L027,2026-05-19 14:32
M03837,V0163,L058,2026-06-28 04:53
M03838,V0115,L019,2026-07-13 02:02
M03839,V0108,L071,2026-03-04 03:33
M03840,V0212,L023,2026-01-25 10:50
M03841,V0023,L017,2026-06-26 10:04
M03842,V0125,L007,2026-07-27 05:38
M03843,V0153,L024,2026-07-10 20:39
M03844,V0256,L063,2026-01-16 00:13
M03845,V0150,L044,2026-07-06 02:22
M03846,V0184,L043,2026-03-16 08:09
M03847,V0057,L052,2026-02-19 11:48
M03848,V0249,L046,2026-05-04 21:36
M03849,V0008,L033,2026-06-09 18:03
M03850,V0223,L042,2026-05-24 15:33
M03851,V0076,L078,2026-03-10 01:41
M03852,V0315,L065,2026-07-26 13:25
M03853,V0038,L014,2026-08-28 01:54
M03854,V0007,L057,2026-05-20 17:38
M03855,V0007,L002,2026-07-03 17:02
M03856,V0079,L005,2026-04-04 11:23
M03857,V0222,L060,2026-08-28 10:11
M03858,V0059,L053,2026-04-12 19:51
M03859,V0081,L033,2026-05-10 11:57
M03860,V0015,L058,2026-07-11 09:29
M03861,V0271,L066,2026-02-26 10:50
M03862,V0191,L080,2026-04-20 17:37
M03863,V0239,L063,2026-06-22 21:07
M03864,V0158,L018,2026-06-23 16:01
M03865,V0255,L038,2026-03-06 03:10
M03866,V0001,L025,2026-08-24 06:51
M03867,V0212,L002,2026-01-04 09:20
M03868,V0096,L031,2026-03-08 04:48
M03869,V0320,L014,2026-05-05 20:57
M03870,V0018,L034,2026-02-16 18:13
M03871,V0294,L042,2026-04-17 09:12
M03872,V0008,L062,2026-02-23 16:19
M03873,V0211,L056,2026-01-20 00:15
M03874,V0170,L015,2026-05-20 01:41
M03875,V0107,L028,2026-04-04 07:36
M03876,V0100,L049,2026-01-26 11:44
M03877,V0243,L019,2026-01-22 14:12
M03878,V0046,L010,2026-06-27 21:48
M03879,V0212,L063,2026-07-22 05:59
M03880,V0122,L065,2026-07-12 17:08
M03881,V0208,L030,2026-01-26 03:45
M03882,V0193,L010,2026-01-07 01:50
M03883,V0344,L028,2026-08-26 18:48
M03884,V0141,L021,2026-07-07 21:59
M03885,V0145,L001,2026-06-10 15:22
M03886,V0191,L010,2026-06-27 21:25
M03887,V0319,L067,2026-04-06 05:38
M03888,V0297,L010,2026-02-06 16:56
M03889,V0322,L001,2026-02-26 18:05
M03890,V0240,L061,2026-01-03 18:53
M03891,V0270,L024,2026-08-15 20:50
M03892,V0060,L059,2026-06-13 15:33
M03893,V0169,L072,2026-08-27 12:27
M03894,V0063,L020,2026-02-23 14:31
M03895,V0145,L034,2026-05-04 11:53
M03896,V0194,L047,2026-08-10 06:56
M03897,V0247,L043,2026-03-10 17:04
M03898,V0111,L019,2026-02-17 00:50
M03899,V0049,L024,2026-06-12 16:17
M03900,V0342,L036,2026-06-15 06:20
M03901,V0086,L050,2026-05-02 14:06
M03902,V0156,L074,2026-02-07 03:02
M03903,V0136,L056,2026-06-05 15:19
M03904,V0029,L034,2026-06-14 08:20
M03905,V0144,L028,2026-02-21 05:36
M03906,V0029,L031,2026-03-14 10:06
M03907,V0079,L076,2026-05-15 05:36
M03908,V0299,L017,2026-07-25 07:12
M03909,V0231,L005,2026-01-20 11:07
M03910,V0036,L028,2026-02-22 05:53
M03911,V0075,L020,2026-08-24 13:06
M03912,V0180,L071,2026-05-25 04:22
M03913,V0044,L012,2026-08-23 09:59
M03914,V0093,L021,2026-04-04 17:21
M03915,V0260,L028,2026-02-23 06:10
M03916,V0320,L062,2026-06-16 00:12
M03917,V0150,L004,2026-08-28 03:46
M03918,V0275,L012,2026-05-27 17:23
M03919,V0158,L030,2026-07-05 20:49
M03920,V0226,L035,2026-02-18 14:12
M03921,V0060,L062,2026-06-05 18:30
M03922,V0222,L038,2026-03-27 16:16
M03923,V0336,L050,2026-06-04 18:09
M03924,V0207,L009,2026-08-23 21:49
M03925,V0181,L070,2026-07-27 19:09
M03926,V0231,L037,2026-03-22 19:03
M03927,V0330,L007,2026-04-20 03:25
M03928,V0063,L006,2026-03-17 02:06
M03929,V0055,L013,2026-08-02 09:01
M03930,V0149,L064,2026-08-08 15:19
M03931,V0262,L007,2026-06-05 03:46
M03932,V0238,L001,2026-03-02 15:58
M03933,V0124,L073,2026-08-25 01:40
M03934,V0041,L054,2026-04-04 13:08
M03935,V0297,L041,2026-02-02 14:30
M03936,V0058,L075,2026-07-22 15:27
M03937,V0251,L033,2026-02-22 12:24
M03938,V0027,L052,2026-05-18 10:55
M03939,V0282,L068,2026-05-26 20:51
M03940,V0160,L035,2026-03-10 10:03
M03941,V0140,L079,2026-07-10 11:14
M03942,V0258,L055,2026-05-11 03:11
M03943,V0214,L043,2026-03-16 13:26
M03944,V0228,L031,2026-02-11 11:11
M03945,V0162,L035,2026-02-23 14:53
M03946,V0277,L028,2026-03-03 02:09
M03947,V0195,L069,2026-02-18 13:33
M03948,V0190,L004,2026-07-07 09:20
M03949,V0270,L044,2026-07-24 22:37
M03950,V0252,L063,2026-02-01 09:23
M03951,V0335,L049,2026-03-14 22:15
M03952,V0155,L023,2026-05-06 06:23
M03953,V0316,L024,2026-08-01 00:21
M03954,V0070,L045,2026-02-26 06:25
M03955,V0094,L061,2026-03-11 17:55
M03956,V0207,L016,2026-03-04 02:40
M03957,V0132,L002,2026-05-24 16:29
M03958,V0133,L020,2026-07-04 11:40
M03959,V0160,L060,2026-02-26 05:04
M03960,V0193,L017,2026-08-12 14:40
M03961,V0099,L031,2026-03-02 00:26
M03962,V0049,L015,2026-04-14 17:39
M03963,V0177,L020,2026-08-25 09:51
M03964,V0277,L002,2026-03-28 22:12
M03965,V0119,L046,2026-03-08 10:55
M03966,V0265,L033,2026-06-20 13:15
M03967,V0286,L028,2026-05-13 01:28
M03968,V0148,L075,2026-02-13 23:39
M03969,V0268,L016,2026-06-11 10:27
M03970,V0053,L025,2026-07-25 22:03
M03971,V0344,L040,2026-08-21 10:58
M03972,V0060,L001,2026-05-06 08:50
M03973,V0071,L042,2026-05-13 11:33
M03974,V0304,L075,2026-04-07 07:50
M03975,V0174,L062,2026-02-15 13:35
M03976,V0185,L025,2026-05-19 19:50
M03977,V0139,L003,2026-05-24 14:29
M03978,V0076,L061,2026-08-05 16:01
M03979,V0318,L018,2026-08-15 23:04
M03980,V0153,L001,2026-01-28 21:18
M03981,V0193,L033,2026-01-17 15:38
M03982,V0278,L013,2026-08-08 13:07
M03983,V0261,L068,2026-06-15 23:21
M03984,V0077,L035,2026-06-06 03:24
M03985,V0150,L022,2026-01-23 02:07
M03986,V0265,L007,2026-03-25 21:53
M03987,V0336,L078,2026-06-09 20:35
M03988,V0333,L041,2026-03-03 23:58
M03989,V0042,L018,2026-02-26 22:23
M03990,V0296,L040,2026-07-08 06:15
M03991,V0288,L014,2026-08-19 21:34
M03992,V0130,L019,2026-08-14 18:58
M03993,V0024,L013,2026-08-15 00:56
M03994,V0193,L080,2026-01-23 10:59
M03995,V0118,L026,2026-08-02 21:07
M03996,V0307,L031,2026-07-08 19:49
M03997,V0313,L067,2026-07-24 10:58
M03998,V0033,L034,2026-04-14 08:27
M03999,V0095,L073,2026-07-23 22:36
M04000,V0029,L045,2026-05-23 10:11
M04001,V0039,L076,2026-01-26 18:10
M04002,V0203,L061,2026-02-06 10:34
M04003,V0141,L002,2026-05-26 15:26
M04004,V0030,L065,2026-04-26 23:01
M04005,V0225,L032,2026-06-09 13:03
M04006,V0008,L063,2026-08-23 08:03
M04007,V0325,L061,2026-07-17 11:48
M04008,V0196,L035,2026-05-27 19:44
M04009,V0078,L041,2026-06-19 07:15
M04010,V0130,L069,2026-07-19 10:19
M04011,V0209,L070,2026-01-01 04:11
M04012,V0008,L079,2026-08-14 08:24
M04013,V0186,L026,2026-02-23 23:31
M04014,V0341,L048,2026-06-19 13:08
M04015,V0344,L061,2026-05-05 06:14
M04016,V0154,L016,2026-03-18 22:15
M04017,V0148,L031,2026-08-01 07:29
M04018,V0175,L024,2026-07-28 19:51
M04019,V0214,L066,2026-06-16 11:14
M04020,V0306,L009,2026-07-21 19:06
M04021,V0097,L080,2026-05-13 17:50
M04022,V0312,L030,2026-04-05 15:25
M04023,V0204,L012,2026-07-07 19:32
M04024,V0144,L068,2026-02-26 03:29
M04025,V0078,L020,2026-06-04 05:51
M04026,V0167,L062,2026-05-17 03:55
M04027,V0179,L027,2026-03-10 13:40
M04028,V0027,L049,2026-04-20 16:06
M04029,V0321,L068,2026-01-17 10:22
M04030,V0140,L023,2026-01-25 12:00
M04031,V0313,L078,2026-04-20 20:55
M04032,V0203,L007,2026-01-23 15:35
M04033,V0294,L034,2026-04-11 00:25
M04034,V0051,L063,2026-08-06 06:57
M04035,V0262,L018,2026-01-15 11:04
M04036,V0058,L031,2026-05-18 13:21
M04037,V0231,L076,2026-07-23 17:07
M04038,V0007,L032,2026-03-02 04:10
M04039,V0133,L001,2026-02-16 07:43
M04040,V0083,L072,2026-02-11 19:44
M04041,V0322,L042,2026-05-07 02:09
M04042,V0134,L053,2026-08-09 00:44
M04043,V0003,L080,2026-05-01 09:15
M04044,V0230,L071,2026-02-28 09:04
M04045,V0060,L075,2026-06-17 14:45
M04046,V0115,L054,2026-01-14 22:55
M04047,V0119,L034,2026-01-12 02:56
M04048,V0104,L005,2026-01-12 14:11
M04049,V0120,L073,2026-06-07 05:28
M04050,V0290,L015,2026-03-08 07:52
M04051,V0064,L053,2026-08-04 13:08
M04052,V0307,L075,2026-07-24 22:35
M04053,V0034,L060,2026-06-10 17:05
M04054,V0148,L038,2026-03-21 22:15
M04055,V0113,L045,2026-03-22 03:20
M04056,V0208,L007,2026-03-07 21:40
M04057,V0087,L039,2026-08-10 12:58
M04058,V0270,L062,2026-03-16 02:35
M04059,V0180,L046,2026-02-08 14:03
M04060,V0107,L045,2026-08-28 19:29
M04061,V0278,L003,2026-08-17 20:56
M04062,V0149,L013,2026-08-17 13:57
M04063,V0242,L080,2026-04-20 06:27
M04064,V0306,L029,2026-05-24 23:56
M04065,V0305,L076,2026-06-26 15:11
M04066,V0016,L017,2026-01-07 10:10
M04067,V0063,L008,2026-05-18 03:07
M04068,V0133,L054,2026-02-08 17:54
M04069,V0301,L030,2026-04-03 06:33
M04070,V0221,L026,2026-05-19 04:13
M04071,V0166,L018,2026-05-20 06:31
M04072,V0058,L006,2026-05-04 14:25
M04073,V0096,L072,2026-06-27 22:57
M04074,V0054,L001,2026-04-21 00:59
M04075,V0037,L053,2026-05-27 01:47
M04076,V0137,L004,2026-04-20 22:29
M04077,V0337,L052,2026-03-04 03:33
M04078,V0285,L003,2026-07-20 01:17
M04079,V0126,L065,2026-02-04 09:41
M04080,V0263,L019,2026-02-20 18:51
M04081,V0058,L022,2026-01-13 04:52
M04082,V0130,L037,2026-02-17 10:48
M04083,V0011,L009,2026-07-25 13:46
M04084,V0150,L011,2026-06-27 00:38
M04085,V0314,L048,2026-08-24 10:24
M04086,V0270,L012,2026-02-21 07:16
M04087,V0114,L010,2026-06-08 05:38
M04088,V0114,L013,2026-05-19 07:38
M04089,V0069,L067,2026-03-25 05:13
M04090,V0188,L079,2026-07-08 08:57
M04091,V0245,L022,2026-07-06 23:17
M04092,V0228,L014,2026-04-19 03:26
M04093,V0163,L022,2026-08-22 14:54
M04094,V0102,L001,2026-08-23 04:43
M04095,V0130,L002,2026-04-13 09:33
M04096,V0021,L002,2026-03-22 11:52
M04097,V0339,L037,2026-01-14 22:17
M04098,V0322,L049,2026-08-14 11:04
M04099,V0252,L019,2026-08-24 15:58
M04100,V0161,L029,2026-03-19 03:08
M04101,V0105,L050,2026-06-24 10:27
M04102,V0150,L034,2026-02-09 18:12
M04103,V0003,L004,2026-02-24 11:39
M04104,V0001,L028,2026-03-09 00:15
M04105,V0025,L075,2026-03-05 21:32
M04106,V0115,L040,2026-04-13 08:19
M04107,V0190,L050,2026-07-07 00:37
M04108,V0333,L006,2026-07-14 18:20
M04109,V0282,L007,2026-05-25 19:17
M04110,V0010,L051,2026-07-27 09:19
M04111,V0209,L048,2026-02-11 14:06
M04112,V0249,L074,2026-03-23 07:03
M04113,V0007,L018,2026-04-26 08:36
M04114,V0337,L017,2026-05-26 09:21
M04115,V0168,L006,2026-08-10 20:52
M04116,V0088,L080,2026-03-28 17:01
M04117,V0101,L063,2026-05-09 00:03
M04118,V0006,L009,2026-01-11 13:33
M04119,V0296,L062,2026-08-20 01:14
M04120,V0222,L033,2026-07-10 09:08
M04121,V0343,L020,2026-02-27 12:37
M04122,V0209,L067,2026-03-23 16:27
M04123,V0289,L063,2026-08-27 18:14
M04124,V0151,L065,2026-06-20 13:56
M04125,V0097,L047,2026-08-05 04:51
M04126,V0341,L026,2026-02-11 04:49
M04127,V0345,L052,2026-01-12 22:29
M04128,V0304,L037,2026-02-11 14:20
M04129,V0272,L016,2026-01-02 02:47
M04130,V0189,L040,2026-05-15 11:04
M04131,V0092,L034,2026-06-16 07:30
M04132,V0348,L073,2026-05-17 01:45
M04133,V0030,L019,2026-01-26 21:14
M04134,V0087,L067,2026-08-28 20:48
M04135,V0027,L057,2026-07-23 02:30
M04136,V0270,L031,2026-03-22 04:23
M04137,V0341,L008,2026-02-26 11:46
M04138,V0185,L058,2026-04-06 05:09
M04139,V0095,L032,2026-03-13 01:05
M04140,V0233,L046,2026-05-05 12:39
M04141,V0272,L067,2026-04-06 01:58
M04142,V0315,L074,2026-02-05 08:09
M04143,V0107,L040,2026-04-21 19:41
M04144,V0020,L054,2026-02-23 16:17
M04145,V0170,L052,2026-08-05 14:32
M04146,V0180,L062,2026-04-01 04:45
M04147,V0108,L076,2026-05-18 09:30
M04148,V0227,L011,2026-05-13 15:14
M04149,V0106,L076,2026-01-20 04:07
M04150,V0125,L057,2026-01-04 16:13
M04151,V0081,L063,2026-05-01 06:07
M04152,V0224,L076,2026-05-21 23:30
M04153,V0138,L031,2026-05-03 17:33
M04154,V0057,L047,2026-08-21 13:53
M04155,V0346,L048,2026-02-12 01:09
M04156,V0050,L066,2026-07-09 10:38
M04157,V0287,L018,2026-02-19 09:07
M04158,V0187,L011,2026-08-14 07:32
M04159,V0210,L012,2026-01-18 11:19
M04160,V0005,L029,2026-01-07 04:22
M04161,V0114,L048,2026-06-11 18:38
M04162,V0185,L026,2026-08-06 00:49
M04163,V0167,L053,2026-01-01 20:26
M04164,V0151,L018,2026-01-20 05:54
M04165,V0073,L047,2026-08-26 07:39
M04166,V0213,L060,2026-01-15 02:02
M04167,V0200,L003,2026-02-24 02:45
M04168,V0120,L001,2026-04-05 05:13
M04169,V0342,L021,2026-04-12 22:19
M04170,V0115,L026,2026-08-24 08:20
M04171,V0107,L056,2026-06-13 01:50
M04172,V0071,L050,2026-08-23 09:56
M04173,V0052,L023,2026-02-28 12:14
M04174,V0261,L022,2026-05-11 18:58
M04175,V0196,L024,2026-03-08 19:40
M04176,V0250,L019,2026-05-23 17:52
M04177,V0135,L028,2026-07-24 23:44
M04178,V0026,L077,2026-07-23 01:50
M04179,V0235,L075,2026-04-19 02:00
M04180,V0180,L013,2026-06-21 00:47
M04181,V0236,L009,2026-01-17 02:26
M04182,V0190,L026,2026-06-19 22:42
M04183,V0273,L047,2026-02-25 11:41
M04184,V0103,L020,2026-01-23 19:10
M04185,V0286,L030,2026-06-08 08:09
M04186,V0334,L036,2026-06-01 22:05
M04187,V0164,L022,2026-01-02 23:51
M04188,V0214,L034,2026-07-04 20:20
M04189,V0229,L059,2026-04-28 21:11
M04190,V0138,L052,2026-07-23 08:38
M04191,V0088,L067,2026-07-07 16:39
M04192,V0333,L073,2026-07-17 00:06
M04193,V0095,L054,2026-07-19 23:39
M04194,V0099,L007,2026-01-11 09:28
M04195,V0207,L036,2026-03-24 09:39
M04196,V0140,L040,2026-03-24 17:11
M04197,V0277,L012,2026-04-05 10:23
M04198,V0043,L021,2026-07-13 23:38
M04199,V0034,L062,2026-03-27 14:10
M04200,V0311,L059,2026-03-04 07:27
M04201,V0316,L003,2026-07-14 00:10
M04202,V0067,L076,2026-07-08 02:26
M04203,V0183,L007,2026-02-23 05:17
M04204,V0031,L038,2026-01-24 21:13
M04205,V0160,L013,2026-08-14 00:42
M04206,V0345,L079,2026-08-04 06:58
M04207,V0256,L062,2026-08-27 19:13
M04208,V0267,L049,2026-05-01 08:29
M04209,V0016,L035,2026-03-02 21:34
M04210,V0217,L052,2026-05-16 23:33
M04211,V0215,L025,2026-06-23 18:43
M04212,V0138,L032,2026-01-23 22:04
M04213,V0077,L017,2026-07-20 09:07
M04214,V0167,L032,2026-06-09 06:07
M04215,V0259,L061,2026-01-21 20:22
M04216,V0021,L080,2026-03-05 02:48
M04217,V0209,L018,2026-06-20 07:11
M04218,V0093,L036,2026-01-23 16:53
M04219,V0151,L003,2026-08-10 18:12
M04220,V0272,L032,2026-05-03 13:08
M04221,V0125,L019,2026-06-21 04:32
M04222,V0256,L036,2026-05-01 04:36
M04223,V0058,L026,2026-04-05 04:30
M04224,V0217,L003,2026-04-19 05:50
M04225,V0064,L073,2026-02-14 10:32
M04226,V0020,L050,2026-05-07 20:32
M04227,V0191,L043,2026-02-05 19:37
M04228,V0260,L055,2026-07-23 07:54
M04229,V0058,L067,2026-01-11 16:15
M04230,V0005,L079,2026-08-13 18:01
M04231,V0338,L038,2026-07-07 10:01
M04232,V0255,L061,2026-04-24 03:35
M04233,V0275,L044,2026-04-28 14:29
M04234,V0186,L031,2026-04-12 19:42
M04235,V0132,L006,2026-06-21 20:15
M04236,V0099,L022,2026-05-22 20:47
M04237,V0127,L026,2026-06-28 00:25
M04238,V0295,L068,2026-05-28 09:15
M04239,V0112,L067,2026-01-06 10:57
M04240,V0137,L064,2026-02-22 05:30
M04241,V0279,L001,2026-07-13 08:48
M04242,V0159,L071,2026-06-21 13:51
M04243,V0248,L071,2026-07-17 19:10
M04244,V0204,L065,2026-06-23 10:07
M04245,V0076,L062,2026-01-24 03:06
M04246,V0271,L027,2026-07-02 12:14
M04247,V0255,L002,2026-06-11 09:22
M04248,V0210,L044,2026-02-11 08:40
M04249,V0046,L036,2026-03-08 22:34
M04250,V0215,L010,2026-05-11 00:38
M04251,V0157,L016,2026-04-21 20:35
M04252,V0088,L020,2026-06-25 16:04
M04253,V0137,L005,2026-02-21 00:06
M04254,V0344,L016,2026-01-12 01:42
M04255,V0155,L040,2026-03-22 17:06
M04256,V0215,L040,2026-06-17 22:46
M04257,V0018,L068,2026-02-02 20:46
M04258,V0204,L029,2026-06-12 03:37
M04259,V0252,L019,2026-07-07 09:45
M04260,V0140,L046,2026-06-14 11:53
M04261,V0283,L021,2026-05-16 13:35
M04262,V0070,L041,2026-05-12 18:31
M04263,V0069,L020,2026-01-12 01:07
M04264,V0044,L050,2026-01-01 04:27
M04265,V0266,L039,2026-07-16 14:56
M04266,V0254,L056,2026-02-19 05:03
M04267,V0068,L075,2026-08-13 07:28
M04268,V0229,L044,2026-06-27 11:42
M04269,V0227,L080,2026-05-24 07:06
M04270,V0349,L077,2026-04-28 12:24
M04271,V0228,L012,2026-02-13 05:51
M04272,V0184,L026,2026-06-06 04:38
M04273,V0117,L072,2026-07-06 18:41
M04274,V0042,L069,2026-08-21 18:12
M04275,V0338,L060,2026-06-20 07:40
M04276,V0233,L017,2026-08-12 03:13
M04277,V0040,L042,2026-07-05 00:30
M04278,V0038,L027,2026-05-16 21:29
M04279,V0343,L071,2026-06-10 20:40
M04280,V0027,L057,2026-05-12 07:39
M04281,V0109,L036,2026-02-04 05:13
M04282,V0209,L039,2026-07-23 05:41
M04283,V0279,L042,2026-01-13 18:25
M04284,V0234,L020,2026-01-13 08:29
M04285,V0158,L001,2026-06-12 22:01
M04286,V0115,L061,2026-06-01 03:57
M04287,V0210,L001,2026-06-12 15:47
M04288,V0023,L036,2026-08-17 14:42
M04289,V0033,L017,2026-04-16 23:47
M04290,V0091,L072,2026-08-23 07:23
M04291,V0251,L052,2026-06-14 08:09
M04292,V0320,L053,2026-06-07 19:54
M04293,V0297,L076,2026-01-20 10:18
M04294,V0242,L011,2026-08-23 14:51
M04295,V0130,L013,2026-07-17 13:31
M04296,V0145,L036,2026-07-04 22:59
M04297,V0173,L014,2026-07-01 00:35
M04298,V0007,L033,2026-05-07 11:47
M04299,V0275,L030,2026-06-24 03:00
M04300,V0025,L054,2026-08-02 23:28
M04301,V0322,L056,2026-01-08 22:43
M04302,V0136,L047,2026-04-01 01:41
M04303,V0235,L025,2026-05-03 11:09
M04304,V0246,L036,2026-03-24 02:09
M04305,V0276,L016,2026-04-07 01:38
M04306,V0152,L031,2026-01-04 17:55
M04307,V0029,L070,2026-08-28 22:22
M04308,V0097,L059,2026-05-04 05:46
M04309,V0214,L003,2026-01-06 13:40
M04310,V0225,L035,2026-06-22 16:24
M04311,V0038,L067,2026-05-05 00:24
M04312,V0078,L038,2026-08-17 04:56
M04313,V0342,L004,2026-03-25 17:09
M04314,V0179,L025,2026-07-12 10:09
M04315,V0080,L003,2026-06-07 17:18
M04316,V0269,L008,2026-04-01 05:22
M04317,V0053,L045,2026-08-25 03:25
M04318,V0033,L078,2026-06-23 09:26
M04319,V0235,L020,2026-04-20 00:48
M04320,V0337,L037,2026-05-04 17:23
M04321,V0020,L057,2026-02-27 02:13
M04322,V0258,L026,2026-06-03 08:27
M04323,V0127,L047,2026-05-15 12:23
M04324,V0275,L036,2026-06-10 22:46
M04325,V0235,L053,2026-03-01 13:36
M04326,V0119,L037,2026-07-16 06:29
M04327,V0009,L024,2026-02-23 19:30
M04328,V0201,L016,2026-08-27 08:12
M04329,V0071,L054,2026-05-24 02:30
M04330,V0082,L024,2026-06-12 03:18
M04331,V0179,L071,2026-06-01 03:34
M04332,V0093,L075,2026-01-20 02:00
M04333,V0056,L008,2026-03-13 07:55
M04334,V0299,L006,2026-01-22 03:38
M04335,V0299,L004,2026-08-24 07:36
M04336,V0140,L072,2026-04-10 00:55
M04337,V0109,L077,2026-01-14 21:00
M04338,V0232,L061,2026-02-18 14:11
M04339,V0305,L063,2026-01-07 08:20
M04340,V0029,L048,2026-03-22 01:10
M04341,V0129,L033,2026-07-22 18:18
M04342,V0322,L027,2026-08-10 05:09
M04343,V0167,L063,2026-08-19 23:32
M04344,V0114,L002,2026-05-28 20:08
M04345,V0054,L036,2026-06-07 16:10
M04346,V0101,L031,2026-03-03 06:45
M04347,V0019,L009,2026-04-18 12:57
M04348,V0326,L066,2026-03-05 12:29
M04349,V0089,L032,2026-06-14 03:04
M04350,V0306,L037,2026-04-14 03:18
M04351,V0252,L042,2026-07-05 18:28
M04352,V0286,L070,2026-03-08 11:21
M04353,V0108,L010,2026-05-10 09:45
M04354,V0200,L077,2026-01-10 16:33
M04355,V0103,L043,2026-07-07 09:31
M04356,V0051,L056,2026-01-04 15:29
M04357,V0045,L008,2026-07-20 12:23
M04358,V0134,L006,2026-07-12 00:03
M04359,V0075,L026,2026-06-13 23:19
M04360,V0043,L039,2026-01-16 14:07
M04361,V0130,L019,2026-02-23 00:20
M04362,V0158,L032,2026-06-24 02:12
M04363,V0227,L013,2026-04-23 08:57
M04364,V0303,L063,2026-03-26 04:39
M04365,V0053,L008,2026-01-15 14:34
M04366,V0191,L065,2026-06-20 20:38
M04367,V0044,L079,2026-03-17 18:43
M04368,V0347,L020,2026-02-25 14:27
M04369,V0301,L055,2026-01-08 17:55
M04370,V0121,L034,2026-08-27 16:27
M04371,V0077,L053,2026-05-14 02:46
M04372,V0203,L016,2026-06-21 20:03
M04373,V0035,L069,2026-07-01 10:00
M04374,V0122,L042,2026-01-27 23:48
M04375,V0320,L002,2026-08-18 12:04
M04376,V0050,L033,2026-01-22 14:27
M04377,V0232,L003,2026-04-10 21:29
M04378,V0011,L005,2026-03-13 06:30
M04379,V0154,L053,2026-05-13 04:08
M04380,V0340,L045,2026-01-21 14:16
M04381,V0235,L056,2026-03-03 18:35
M04382,V0294,L032,2026-04-24 21:20
M04383,V0293,L030,2026-01-03 12:32
M04384,V0131,L073,2026-08-02 14:04
M04385,V0303,L076,2026-03-12 15:20
M04386,V0062,L014,2026-08-03 08:18
M04387,V0013,L025,2026-05-06 17:52
M04388,V0234,L041,2026-07-15 06:57
M04389,V0058,L014,2026-01-04 14:24
M04390,V0198,L001,2026-03-15 19:05
M04391,V0349,L017,2026-07-03 11:17
M04392,V0019,L080,2026-06-13 19:55
M04393,V0043,L001,2026-04-19 06:19
M04394,V0287,L016,2026-01-02 07:12
M04395,V0160,L044,2026-04-25 18:12
M04396,V0057,L061,2026-05-24 04:09
M04397,V0048,L056,2026-06-19 16:06
M04398,V0044,L047,2026-08-25 18:48
M04399,V0047,L026,2026-07-27 21:28
M04400,V0341,L067,2026-06-08 14:38
M04401,V0075,L070,2026-01-13 07:39
M04402,V0196,L070,2026-03-09 16:04
M04403,V0253,L024,2026-08-04 06:04
M04404,V0048,L042,2026-03-11 01:34
M04405,V0150,L028,2026-05-22 05:05
M04406,V0061,L021,2026-02-23 17:55
M04407,V0094,L069,2026-03-19 03:16
M04408,V0180,L040,2026-08-02 20:42
M04409,V0164,L037,2026-04-07 05:05
M04410,V0079,L042,2026-06-21 09:12
M04411,V0073,L036,2026-05-23 06:47
M04412,V0313,L024,2026-03-02 14:32
M04413,V0334,L015,2026-01-11 23:57
M04414,V0016,L071,2026-05-24 23:03
M04415,V0277,L011,2026-07-21 14:10
M04416,V0125,L028,2026-07-19 07:23
M04417,V0052,L006,2026-08-07 16:23
M04418,V0033,L041,2026-04-10 20:13
M04419,V0186,L055,2026-08-26 18:18
M04420,V0037,L045,2026-05-22 00:56
M04421,V0316,L039,2026-07-04 14:17
M04422,V0189,L041,2026-07-07 15:35
M04423,V0020,L016,2026-08-04 22:20
M04424,V0046,L030,2026-01-01 12:12
M04425,V0152,L005,2026-07-26 03:11
M04426,V0331,L076,2026-03-13 04:43
M04427,V0117,L050,2026-02-18 03:23
M04428,V0225,L076,2026-08-15 13:18
M04429,V0068,L026,2026-08-17 22:32
M04430,V0162,L005,2026-08-19 22:01
M04431,V0329,L040,2026-08-12 11:10
M04432,V0101,L002,2026-04-27 06:44
M04433,V0161,L003,2026-02-06 07:10
M04434,V0292,L001,2026-01-26 03:48
M04435,V0060,L021,2026-05-20 07:17
M04436,V0055,L046,2026-03-05 02:55
M04437,V0086,L011,2026-06-03 03:02
M04438,V0283,L070,2026-01-23 19:34
M04439,V0290,L044,2026-01-13 13:51
M04440,V0191,L077,2026-04-11 12:53
M04441,V0049,L035,2026-01-01 17:46
M04442,V0051,L039,2026-06-05 20:56
M04443,V0283,L051,2026-01-13 17:37
M04444,V0080,L012,2026-08-24 09:16
M04445,V0252,L003,2026-08-09 19:42
M04446,V0171,L023,2026-03-10 19:59
M04447,V0317,L034,2026-08-13 07:36
M04448,V0062,L049,2026-01-02 14:25
M04449,V0292,L037,2026-02-23 13:20
M04450,V0348,L072,2026-08-01 23:57
M04451,V0038,L045,2026-03-20 11:03
M04452,V0214,L032,2026-06-10 03:40
M04453,V0222,L057,2026-06-08 00:17
M04454,V0156,L041,2026-07-15 11:41
M04455,V0297,L066,2026-02-18 20:52
M04456,V0207,L032,2026-03-21 09:48
M04457,V0108,L026,2026-06-01 17:59
M04458,V0336,L046,2026-02-28 03:08
M04459,V0238,L034,2026-02-13 04:26
M04460,V0320,L068,2026-06-06 00:21
M04461,V0219,L053,2026-01-11 22:36
M04462,V0289,L074,2026-04-05 20:04
M04463,V0296,L060,2026-05-13 11:25
M04464,V0106,L068,2026-03-12 13:38
M04465,V0024,L021,2026-08-21 12:05
M04466,V0319,L057,2026-07-26 17:05
M04467,V0114,L065,2026-02-01 04:41
M04468,V0021,L070,2026-08-23 09:02
M04469,V0090,L069,2026-04-27 13:21
M04470,V0331,L003,2026-01-24 21:59
M04471,V0128,L009,2026-01-18 10:29
M04472,V0285,L072,2026-03-11 16:17
M04473,V0073,L024,2026-01-17 20:24
M04474,V0183,L017,2026-01-15 15:18
M04475,V0268,L050,2026-01-06 11:48
M04476,V0209,L030,2026-08-27 16:05
M04477,V0046,L050,2026-01-22 19:28
M04478,V0077,L057,2026-04-06 20:32
M04479,V0190,L048,2026-08-25 14:37
M04480,V0244,L035,2026-05-24 00:33
M04481,V0185,L022,2026-03-17 13:05
M04482,V0308,L068,2026-03-15 04:26
M04483,V0004,L049,2026-06-16 13:32
M04484,V0082,L080,2026-07-16 04:33
M04485,V0092,L040,2026-02-27 23:44
M04486,V0320,L060,2026-07-17 01:16
M04487,V0087,L068,2026-08-17 21:38
M04488,V0083,L042,2026-07-15 22:09
M04489,V0152,L016,2026-06-10 03:40
M04490,V0187,L061,2026-02-16 13:10
M04491,V0207,L073,2026-07-15 05:51
M04492,V0274,L073,2026-03-12 15:27
M04493,V0179,L043,2026-06-03 08:27
M04494,V0185,L078,2026-04-03 08:12
M04495,V0030,L077,2026-06-08 05:06
M04496,V0278,L074,2026-04-04 20:23
M04497,V0128,L006,2026-06-22 16:46
M04498,V0195,L048,2026-05-18 06:52
M04499,V0119,L065,2026-01-14 15:06
M04500,V0310,L014,2026-08-10 05:23
