relationship_id,source_entity,target_entity,relationship_type,evidence_id
R000001,P0152,P0136,CALLED,C00001
R000002,P0437,P0149,CALLED,C00002
R000003,P0049,P0436,CALLED,C00003
R000004,P0390,P0368,CALLED,C00004
R000005,P0368,P0375,CALLED,C00005
R000006,P0011,P0007,CALLED,C00006
R000007,P0140,P0125,CALLED,C00007
R000008,P0358,P0377,CALLED,C00008
R000009,P0450,P0448,CALLED,C00009
R000010,P0457,P0478,CALLED,C00010
R000011,P0440,P0404,CALLED,C00011
R000012,P0446,P0085,CALLED,C00012
R000013,P0204,P0233,CALLED,C00013
R000014,P0041,P0236,CALLED,C00014
R000015,P0229,P0162,CALLED,C00015
R000016,P0303,P0336,CALLED,C00016
R000017,P0288,P0106,CALLED,C00017
R000018,P0433,P0233,CALLED,C00018
R000019,P0296,P0279,CALLED,C00019
R000020,P0236,P0234,CALLED,C00020
R000021,P0307,P0317,CALLED,C00021
R000022,P0196,P0172,CALLED,C00022
R000023,P0231,P0235,CALLED,C00023
R000024,P0338,P0331,CALLED,C00024
R000025,P0489,P0471,CALLED,C00025
R000026,P0269,P0279,CALLED,C00026
R000027,P0421,P0446,CALLED,C00027
R000028,P0146,P0142,CALLED,C00028
R000029,P0286,P0281,CALLED,C00029
R000030,P0301,P0334,CALLED,C00030
R000031,P0168,P0199,CALLED,C00031
R000032,P0354,P0402,CALLED,C00032
R000033,P0053,P0316,CALLED,C00033
R000034,P0245,P0243,CALLED,C00034
R000035,P0028,P0007,CALLED,C00035
R000036,P0467,P0325,CALLED,C00036
R000037,P0494,P0100,CALLED,C00037
R000038,P0148,P0133,CALLED,C00038
R000039,P0111,P0138,CALLED,C00039
R000040,P0289,P0254,CALLED,C00040
R000041,P0284,P0265,CALLED,C00041
R000042,P0435,P0426,CALLED,C00042
R000043,P0274,P0269,CALLED,C00043
R000044,P0422,P0386,CALLED,C00044
R000045,P0490,P0466,CALLED,C00045
R000046,P0447,P0419,CALLED,C00046
R000047,P0019,P0042,CALLED,C00047
R000048,P0435,P0401,CALLED,C00048
R000049,P0218,P0428,CALLED,C00049
R000050,P0098,P0094,CALLED,C00050
R000051,P0054,P0062,CALLED,C00051
R000052,P0209,P0199,CALLED,C00052
R000053,P0085,P0051,CALLED,C00053
R000054,P0073,P0083,CALLED,C00054
R000055,P0375,P0376,CALLED,C00055
R000056,P0335,P0319,CALLED,C00056
R000057,P0006,P0284,CALLED,C00057
R000058,P0436,P0406,CALLED,C00058
R000059,P0410,P0411,CALLED,C00059
R000060,P0143,P0137,CALLED,C00060
R000061,P0067,P0057,CALLED,C00061
R000062,P0157,P0169,CALLED,C00062
R000063,P0245,P0238,CALLED,C00063
R000064,P0087,P0003,CALLED,C00064
R000065,P0259,P0294,CALLED,C00065
R000066,P0250,P0283,CALLED,C00066
R000067,P0440,P0424,CALLED,C00067
R000068,P0457,P0010,CALLED,C00068
R000069,P0109,P0465,CALLED,C00069
R000070,P0124,P0126,CALLED,C00070
R000071,P0433,P0406,CALLED,C00071
R000072,P0413,P0315,CALLED,C00072
R000073,P0487,P0493,CALLED,C00073
R000074,P0365,P0355,CALLED,C00074
R000075,P0275,P0281,CALLED,C00075
R000076,P0441,P0418,CALLED,C00076
R000077,P0324,P0338,CALLED,C00077
R000078,P0273,P0282,CALLED,C00078
R000079,P0155,P0183,CALLED,C00079
R000080,P0093,P0065,CALLED,C00080
R000081,P0381,P0364,CALLED,C00081
R000082,P0488,P0461,CALLED,C00082
R000083,P0117,P0112,CALLED,C00083
R000084,P0373,P0339,CALLED,C00084
R000085,P0088,P0113,CALLED,C00085
R000086,P0417,P0411,CALLED,C00086
R000087,P0309,P0307,CALLED,C00087
R000088,P0139,P0107,CALLED,C00088
R000089,P0273,P0258,CALLED,C00089
R000090,P0277,P0424,CALLED,C00090
R000091,P0253,P0295,CALLED,C00091
R000092,P0457,P0478,CALLED,C00092
R000093,P0043,P0146,CALLED,C00093
R000094,P0084,P0051,CALLED,C00094
R000095,P0060,P0078,CALLED,C00095
R000096,P0244,P0226,CALLED,C00096
R000097,P0286,P0281,CALLED,C00097
R000098,P0438,P0443,CALLED,C00098
R000099,P0426,P0422,CALLED,C00099
R000100,P0422,P0075,CALLED,C00100
R000101,P0256,P0289,CALLED,C00101
R000102,P0419,P0446,CALLED,C00102
R000103,P0193,P0184,CALLED,C00103
R000104,P0190,P0161,CALLED,C00104
R000105,P0045,P0142,CALLED,C00105
R000106,P0401,P0448,CALLED,C00106
R000107,P0179,P0178,CALLED,C00107
R000108,P0295,P0003,CALLED,C00108
R000109,P0419,P0422,CALLED,C00109
R000110,P0295,P0129,CALLED,C00110
R000111,P0493,P0398,CALLED,C00111
R000112,P0205,P0225,CALLED,C00112
R000113,P0284,P0285,CALLED,C00113
R000114,P0255,P0286,CALLED,C00114
R000115,P0138,P0094,CALLED,C00115
R000116,P0447,P0136,CALLED,C00116
R000117,P0183,P0080,CALLED,C00117
R000118,P0403,P0431,CALLED,C00118
R000119,P0252,P0094,CALLED,C00119
R000120,P0331,P0335,CALLED,C00120
R000121,P0095,P0084,CALLED,C00121
R000122,P0338,P0307,CALLED,C00122
R000123,P0216,P0218,CALLED,C00123
R000124,P0177,P0195,CALLED,C00124
R000125,P0137,P0144,CALLED,C00125
R000126,P0285,P0222,CALLED,C00126
R000127,P0012,P0027,CALLED,C00127
R000128,P0403,P0250,CALLED,C00128
R000129,P0095,P0061,CALLED,C00129
R000130,P0267,P0274,CALLED,C00130
R000131,P0308,P0323,CALLED,C00131
R000132,P0223,P0221,CALLED,C00132
R000133,P0230,P0241,CALLED,C00133
R000134,P0487,P0476,CALLED,C00134
R000135,P0246,P0218,CALLED,C00135
R000136,P0267,P0495,CALLED,C00136
R000137,P0193,P0167,CALLED,C00137
R000138,P0386,P0354,CALLED,C00138
R000139,P0460,P0456,CALLED,C00139
R000140,P0109,P0134,CALLED,C00140
R000141,P0167,P0443,CALLED,C00141
R000142,P0145,P0135,CALLED,C00142
R000143,P0420,P0423,CALLED,C00143
R000144,P0277,P0267,CALLED,C00144
R000145,P0435,P0070,CALLED,C00145
R000146,P0399,P0381,CALLED,C00146
R000147,P0036,P0024,CALLED,C00147
R000148,P0325,P0315,CALLED,C00148
R000149,P0495,P0494,CALLED,C00149
R000150,P0212,P0097,CALLED,C00150
R000151,P0479,P0468,CALLED,C00151
R000152,P0402,P0412,CALLED,C00152
R000153,P0120,P0047,CALLED,C00153
R000154,P0374,P0380,CALLED,C00154
R000155,P0305,P0335,CALLED,C00155
R000156,P0425,P0007,CALLED,C00156
R000157,P0227,P0127,CALLED,C00157
R000158,P0181,P0175,CALLED,C00158
R000159,P0282,P0267,CALLED,C00159
R000160,P0043,P0014,CALLED,C00160
R000161,P0238,P0208,CALLED,C00161
R000162,P0395,P0389,CALLED,C00162
R000163,P0472,P0499,CALLED,C00163
R000164,P0059,P0082,CALLED,C00164
R000165,P0225,P0376,CALLED,C00165
R000166,P0129,P0461,CALLED,C00166
R000167,P0363,P0387,CALLED,C00167
R000168,P0486,P0461,CALLED,C00168
R000169,P0278,P0188,CALLED,C00169
R000170,P0453,P0010,CALLED,C00170
R000171,P0338,P0496,CALLED,C00171
R000172,P0079,P0314,CALLED,C00172
R000173,P0443,P0405,CALLED,C00173
R000174,P0363,P0357,CALLED,C00174
R000175,P0440,P0445,CALLED,C00175
R000176,P0192,P0182,CALLED,C00176
R000177,P0324,P0346,CALLED,C00177
R000178,P0070,P0055,CALLED,C00178
R000179,P0163,P0184,CALLED,C00179
R000180,P0213,P0383,CALLED,C00180
R000181,P0307,P0311,CALLED,C00181
R000182,P0439,P0429,CALLED,C00182
R000183,P0347,P0321,CALLED,C00183
R000184,P0475,P0382,CALLED,C00184
R000185,P0019,P0039,CALLED,C00185
R000186,P0164,P0171,CALLED,C00186
R000187,P0262,P0285,CALLED,C00187
R000188,P0224,P0238,CALLED,C00188
R000189,P0337,P0314,CALLED,C00189
R000190,P0457,P0489,CALLED,C00190
R000191,P0050,P0022,CALLED,C00191
R000192,P0117,P0383,CALLED,C00192
R000193,P0021,P0035,CALLED,C00193
R000194,P0329,P0349,CALLED,C00194
R000195,P0256,P0281,CALLED,C00195
R000196,P0350,P0345,CALLED,C00196
R000197,P0342,P0337,CALLED,C00197
R000198,P0068,P0100,CALLED,C00198
R000199,P0328,P0324,CALLED,C00199
R000200,P0087,P0180,CALLED,C00200
R000201,P0120,P0103,CALLED,C00201
R000202,P0016,P0040,CALLED,C00202
R000203,P0070,P0079,CALLED,C00203
R000204,P0434,P0449,CALLED,C00204
R000205,P0025,P0038,CALLED,C00205
R000206,P0468,P0454,CALLED,C00206
R000207,P0257,P0252,CALLED,C00207
R000208,P0261,P0364,CALLED,C00208
R000209,P0183,P0180,CALLED,C00209
R000210,P0376,P0398,CALLED,C00210
R000211,P0216,P0233,CALLED,C00211
R000212,P0456,P0418,CALLED,C00212
R000213,P0343,P0309,CALLED,C00213
R000214,P0460,P0478,CALLED,C00214
R000215,P0138,P0135,CALLED,C00215
R000216,P0221,P0466,CALLED,C00216
R000217,P0435,P0447,CALLED,C00217
R000218,P0392,P0164,CALLED,C00218
R000219,P0157,P0159,CALLED,C00219
R000220,P0465,P0489,CALLED,C00220
R000221,P0359,P0383,CALLED,C00221
R000222,P0252,P0243,CALLED,C00222
R000223,P0018,P0027,CALLED,C00223
R000224,P0390,P0382,CALLED,C00224
R000225,P0039,P0048,CALLED,C00225
R000226,P0442,P0446,CALLED,C00226
R000227,P0022,P0450,CALLED,C00227
R000228,P0449,P0441,CALLED,C00228
R000229,P0397,P0424,CALLED,C00229
R000230,P0045,P0034,CALLED,C00230
R000231,P0058,P0093,CALLED,C00231
R000232,P0388,P0396,CALLED,C00232
R000233,P0146,P0147,CALLED,C00233
R000234,P0084,P0096,CALLED,C00234
R000235,P0303,P0350,CALLED,C00235
R000236,P0112,P0150,CALLED,C00236
R000237,P0108,P0109,CALLED,C00237
R000238,P0382,P0385,CALLED,C00238
R000239,P0380,P0377,CALLED,C00239
R000240,P0418,P0440,CALLED,C00240
R000241,P0010,P0003,CALLED,C00241
R000242,P0111,P0144,CALLED,C00242
R000243,P0091,P0495,CALLED,C00243
R000244,P0221,P0224,CALLED,C00244
R000245,P0034,P0150,CALLED,C00245
R000246,P0334,P0314,CALLED,C00246
R000247,P0323,P0271,CALLED,C00247
R000248,P0267,P0284,CALLED,C00248
R000249,P0382,P0362,CALLED,C00249
R000250,P0391,P0358,CALLED,C00250
R000251,P0286,P0291,CALLED,C00251
R000252,P0070,P0083,CALLED,C00252
R000253,P0490,P0452,CALLED,C00253
R000254,P0246,P0470,CALLED,C00254
R000255,P0385,P0372,CALLED,C00255
R000256,P0154,P0290,CALLED,C00256
R000257,P0273,P0255,CALLED,C00257
R000258,P0137,P0139,CALLED,C00258
R000259,P0296,P0253,CALLED,C00259
R000260,P0214,P0234,CALLED,C00260
R000261,P0468,P0048,CALLED,C00261
R000262,P0079,P0098,CALLED,C00262
R000263,P0260,P0300,CALLED,C00263
R000264,P0030,P0025,CALLED,C00264
R000265,P0456,P0472,CALLED,C00265
R000266,P0241,P0214,CALLED,C00266
R000267,P0393,P0358,CALLED,C00267
R000268,P0486,P0483,CALLED,C00268
R000269,P0146,P0119,CALLED,C00269
R000270,P0009,P0002,CALLED,C00270
R000271,P0326,P0312,CALLED,C00271
R000272,P0366,P0389,CALLED,C00272
R000273,P0357,P0380,CALLED,C00273
R000274,P0160,P0190,CALLED,C00274
R000275,P0452,P0167,CALLED,C00275
R000276,P0380,P0361,CALLED,C00276
R000277,P0076,P0096,CALLED,C00277
R000278,P0273,P0237,CALLED,C00278
R000279,P0375,P0355,CALLED,C00279
R000280,P0223,P0291,CALLED,C00280
R000281,P0098,P0096,CALLED,C00281
R000282,P0079,P0062,CALLED,C00282
R000283,P0500,P0475,CALLED,C00283
R000284,P0138,P0149,CALLED,C00284
R000285,P0225,P0240,CALLED,C00285
R000286,P0228,P0246,CALLED,C00286
R000287,P0119,P0104,CALLED,C00287
R000288,P0184,P0057,CALLED,C00288
R000289,P0341,P0321,CALLED,C00289
R000290,P0131,P0109,CALLED,C00290
R000291,P0079,P0148,CALLED,C00291
R000292,P0393,P0378,CALLED,C00292
R000293,P0458,P0404,CALLED,C00293
R000294,P0375,P0373,CALLED,C00294
R000295,P0196,P0183,CALLED,C00295
R000296,P0037,P0031,CALLED,C00296
R000297,P0449,P0450,CALLED,C00297
R000298,P0046,P0126,CALLED,C00298
R000299,P0438,P0420,CALLED,C00299
R000300,P0431,P0437,CALLED,C00300
R000301,P0045,P0039,CALLED,C00301
R000302,P0461,P0487,CALLED,C00302
R000303,P0059,P0083,CALLED,C00303
R000304,P0217,P0201,CALLED,C00304
R000305,P0262,P0267,CALLED,C00305
R000306,P0176,P0044,CALLED,C00306
R000307,P0212,P0395,CALLED,C00307
R000308,P0254,P0292,CALLED,C00308
R000309,P0370,P0381,CALLED,C00309
R000310,P0134,P0128,CALLED,C00310
R000311,P0350,P0490,CALLED,C00311
R000312,P0222,P0313,CALLED,C00312
R000313,P0476,P0480,CALLED,C00313
R000314,P0121,P0136,CALLED,C00314
R000315,P0084,P0057,CALLED,C00315
R000316,P0002,P0040,CALLED,C00316
R000317,P0327,P0063,CALLED,C00317
R000318,P0462,P0458,CALLED,C00318
R000319,P0250,P0228,CALLED,C00319
R000320,P0025,P0022,CALLED,C00320
R000321,P0190,P0176,CALLED,C00321
R000322,P0314,P0340,CALLED,C00322
R000323,P0087,P0097,CALLED,C00323
R000324,P0003,P0043,CALLED,C00324
R000325,P0295,P0002,CALLED,C00325
R000326,P0025,P0045,CALLED,C00326
R000327,P0226,P0204,CALLED,C00327
R000328,P0399,P0400,CALLED,C00328
R000329,P0343,P0313,CALLED,C00329
R000330,P0282,P0256,CALLED,C00330
R000331,P0466,P0482,CALLED,C00331
R000332,P0352,P0353,CALLED,C00332
R000333,P0192,P0193,CALLED,C00333
R000334,P0019,P0377,CALLED,C00334
R000335,P0317,P0024,CALLED,C00335
R000336,P0020,P0007,CALLED,C00336
R000337,P0055,P0059,CALLED,C00337
R000338,P0219,P0173,CALLED,C00338
R000339,P0264,P0299,CALLED,C00339
R000340,P0149,P0127,CALLED,C00340
R000341,P0453,P0459,CALLED,C00341
R000342,P0009,P0451,CALLED,C00342
R000343,P0362,P0334,CALLED,C00343
R000344,P0160,P0191,CALLED,C00344
R000345,P0313,P0355,CALLED,C00345
R000346,P0091,P0070,CALLED,C00346
R000347,P0407,P0440,CALLED,C00347
R000348,P0168,P0154,CALLED,C00348
R000349,P0143,P0103,CALLED,C00349
R000350,P0290,P0299,CALLED,C00350
R000351,P0091,P0081,CALLED,C00351
R000352,P0370,P0228,CALLED,C00352
R000353,P0071,P0065,CALLED,C00353
R000354,P0155,P0181,CALLED,C00354
R000355,P0233,P0092,CALLED,C00355
R000356,P0213,P0222,CALLED,C00356
R000357,P0080,P0077,CALLED,C00357
R000358,P0461,P0487,CALLED,C00358
R000359,P0188,P0181,CALLED,C00359
R000360,P0127,P0168,CALLED,C00360
R000361,P0460,P0003,CALLED,C00361
R000362,P0426,P0431,CALLED,C00362
R000363,P0045,P0047,CALLED,C00363
R000364,P0052,P0081,CALLED,C00364
R000365,P0013,P0500,CALLED,C00365
R000366,P0291,P0280,CALLED,C00366
R000367,P0171,P0272,CALLED,C00367
R000368,P0485,P0487,CALLED,C00368
R000369,P0029,P0264,CALLED,C00369
R000370,P0024,P0012,CALLED,C00370
R000371,P0266,P0285,CALLED,C00371
R000372,P0390,P0116,CALLED,C00372
R000373,P0074,P0073,CALLED,C00373
R000374,P0444,P0435,CALLED,C00374
R000375,P0356,P0376,CALLED,C00375
R000376,P0132,P0110,CALLED,C00376
R000377,P0409,P0431,CALLED,C00377
R000378,P0052,P0065,CALLED,C00378
R000379,P0436,P0429,CALLED,C00379
R000380,P0215,P0231,CALLED,C00380
R000381,P0140,P0111,CALLED,C00381
R000382,P0053,P0071,CALLED,C00382
R000383,P0043,P0021,CALLED,C00383
R000384,P0274,P0155,CALLED,C00384
R000385,P0486,P0235,CALLED,C00385
R000386,P0170,P0332,CALLED,C00386
R000387,P0497,P0479,CALLED,C00387
R000388,P0072,P0348,CALLED,C00388
R000389,P0071,P0054,CALLED,C00389
R000390,P0085,P0079,CALLED,C00390
R000391,P0483,P0454,CALLED,C00391
R000392,P0251,P0269,CALLED,C00392
R000393,P0398,P0377,CALLED,C00393
R000394,P0213,P0072,CALLED,C00394
R000395,P0269,P0172,CALLED,C00395
R000396,P0227,P0212,CALLED,C00396
R000397,P0319,P0336,CALLED,C00397
R000398,P0365,P0352,CALLED,C00398
R000399,P0227,P0212,CALLED,C00399
R000400,P0232,P0205,CALLED,C00400
R000401,P0322,P0352,CALLED,C00401
R000402,P0009,P0433,CALLED,C00402
R000403,P0123,P0111,CALLED,C00403
R000404,P0234,P0241,CALLED,C00404
R000405,P0307,P0386,CALLED,C00405
R000406,P0351,P0410,CALLED,C00406
R000407,P0473,P0460,CALLED,C00407
R000408,P0211,P0175,CALLED,C00408
R000409,P0186,P0190,CALLED,C00409
R000410,P0102,P0131,CALLED,C00410
R000411,P0456,P0306,CALLED,C00411
R000412,P0061,P0114,CALLED,C00412
R000413,P0159,P0156,CALLED,C00413
R000414,P0388,P0221,CALLED,C00414
R000415,P0358,P0367,CALLED,C00415
R000416,P0401,P0064,CALLED,C00416
R000417,P0148,P0118,CALLED,C00417
R000418,P0314,P0124,CALLED,C00418
R000419,P0169,P0161,CALLED,C00419
R000420,P0436,P0363,CALLED,C00420
R000421,P0062,P0073,CALLED,C00421
R000422,P0258,P0280,CALLED,C00422
R000423,P0447,P0403,CALLED,C00423
R000424,P0498,P0470,CALLED,C00424
R000425,P0220,P0097,CALLED,C00425
R000426,P0394,P0357,CALLED,C00426
R000427,P0326,P0345,CALLED,C00427
R000428,P0174,P0103,CALLED,C00428
R000429,P0143,P0392,CALLED,C00429
R000430,P0476,P0482,CALLED,C00430
R000431,P0365,P0391,CALLED,C00431
R000432,P0256,P0348,CALLED,C00432
R000433,P0490,P0457,CALLED,C00433
R000434,P0104,P0151,CALLED,C00434
R000435,P0435,P0402,CALLED,C00435
R000436,P0329,P0330,CALLED,C00436
R000437,P0085,P0252,CALLED,C00437
R000438,P0087,P0094,CALLED,C00438
R000439,P0386,P0361,CALLED,C00439
R000440,P0300,P0269,CALLED,C00440
R000441,P0273,P0298,CALLED,C00441
R000442,P0273,P0277,CALLED,C00442
R000443,P0238,P0206,CALLED,C00443
R000444,P0421,P0403,CALLED,C00444
R000445,P0137,P0011,CALLED,C00445
R000446,P0287,P0257,CALLED,C00446
R000447,P0449,P0443,CALLED,C00447
R000448,P0104,P0255,CALLED,C00448
R000449,P0237,P0226,CALLED,C00449
R000450,P0205,P0237,CALLED,C00450
R000451,P0233,P0220,CALLED,C00451
R000452,P0240,P0233,CALLED,C00452
R000453,P0412,P0437,CALLED,C00453
R000454,P0440,P0450,CALLED,C00454
R000455,P0280,P0260,CALLED,C00455
R000456,P0211,P0164,CALLED,C00456
R000457,P0242,P0211,CALLED,C00457
R000458,P0113,P0102,CALLED,C00458
R000459,P0328,P0342,CALLED,C00459
R000460,P0243,P0236,CALLED,C00460
R000461,P0029,P0441,CALLED,C00461
R000462,P0209,P0460,CALLED,C00462
R000463,P0116,P0108,CALLED,C00463
R000464,P0066,P0089,CALLED,C00464
R000465,P0381,P0121,CALLED,C00465
R000466,P0229,P0227,CALLED,C00466
R000467,P0071,P0085,CALLED,C00467
R000468,P0480,P0075,CALLED,C00468
R000469,P0453,P0498,CALLED,C00469
R000470,P0241,P0245,CALLED,C00470
R000471,P0440,P0227,CALLED,C00471
R000472,P0170,P0164,CALLED,C00472
R000473,P0141,P0444,CALLED,C00473
R000474,P0171,P0368,CALLED,C00474
R000475,P0405,P0423,CALLED,C00475
R000476,P0233,P0356,CALLED,C00476
R000477,P0101,P0126,CALLED,C00477
R000478,P0116,P0134,CALLED,C00478
R000479,P0164,P0232,CALLED,C00479
R000480,P0471,P0469,CALLED,C00480
R000481,P0337,P0315,CALLED,C00481
R000482,P0499,P0237,CALLED,C00482
R000483,P0478,P0489,CALLED,C00483
R000484,P0061,P0008,CALLED,C00484
R000485,P0163,P0168,CALLED,C00485
R000486,P0189,P0164,CALLED,C00486
R000487,P0102,P0119,CALLED,C00487
R000488,P0356,P0351,CALLED,C00488
R000489,P0346,P0328,CALLED,C00489
R000490,P0181,P0173,CALLED,C00490
R000491,P0343,P0324,CALLED,C00491
R000492,P0432,P0422,CALLED,C00492
R000493,P0208,P0221,CALLED,C00493
R000494,P0475,P0221,CALLED,C00494
R000495,P0311,P0321,CALLED,C00495
R000496,P0104,P0115,CALLED,C00496
R000497,P0308,P0332,CALLED,C00497
R000498,P0358,P0397,CALLED,C00498
R000499,P0093,P0428,CALLED,C00499
R000500,P0464,P0488,CALLED,C00500
R000501,P0127,P0394,CALLED,C00501
R000502,P0076,P0074,CALLED,C00502
R000503,P0380,P0391,CALLED,C00503
R000504,P0336,P0319,CALLED,C00504
R000505,P0042,P0019,CALLED,C00505
R000506,P0475,P0456,CALLED,C00506
R000507,P0161,P0175,CALLED,C00507
R000508,P0378,P0398,CALLED,C00508
R000509,P0283,P0263,CALLED,C00509
R000510,P0306,P0349,CALLED,C00510
R000511,P0306,P0303,CALLED,C00511
R000512,P0270,P0323,CALLED,C00512
R000513,P0245,P0154,CALLED,C00513
R000514,P0268,P0219,CALLED,C00514
R000515,P0263,P0056,CALLED,C00515
R000516,P0182,P0131,CALLED,C00516
R000517,P0237,P0092,CALLED,C00517
R000518,P0221,P0238,CALLED,C00518
R000519,P0114,P0112,CALLED,C00519
R000520,P0001,P0026,CALLED,C00520
R000521,P0343,P0348,CALLED,C00521
R000522,P0320,P0306,CALLED,C00522
R000523,P0357,P0497,CALLED,C00523
R000524,P0178,P0191,CALLED,C00524
R000525,P0302,P0308,CALLED,C00525
R000526,P0242,P0011,CALLED,C00526
R000527,P0304,P0322,CALLED,C00527
R000528,P0435,P0254,CALLED,C00528
R000529,P0494,P0482,CALLED,C00529
R000530,P0286,P0255,CALLED,C00530
R000531,P0492,P0473,CALLED,C00531
R000532,P0181,P0173,CALLED,C00532
R000533,P0437,P0432,CALLED,C00533
R000534,P0427,P0482,CALLED,C00534
R000535,P0245,P0248,CALLED,C00535
R000536,P0482,P0457,CALLED,C00536
R000537,P0023,P0017,CALLED,C00537
R000538,P0072,P0078,CALLED,C00538
R000539,P0222,P0223,CALLED,C00539
R000540,P0448,P0264,CALLED,C00540
R000541,P0493,P0431,CALLED,C00541
R000542,P0022,P0260,CALLED,C00542
R000543,P0081,P0373,CALLED,C00543
R000544,P0060,P0092,CALLED,C00544
R000545,P0350,P0301,CALLED,C00545
R000546,P0068,P0074,CALLED,C00546
R000547,P0427,P0415,CALLED,C00547
R000548,P0488,P0437,CALLED,C00548
R000549,P0405,P0406,CALLED,C00549
R000550,P0349,P0303,CALLED,C00550
R000551,P0215,P0206,CALLED,C00551
R000552,P0234,P0240,CALLED,C00552
R000553,P0320,P0404,CALLED,C00553
R000554,P0452,P0155,CALLED,C00554
R000555,P0379,P0451,CALLED,C00555
R000556,P0420,P0434,CALLED,C00556
R000557,P0438,P0417,CALLED,C00557
R000558,P0057,P0375,CALLED,C00558
R000559,P0049,P0042,CALLED,C00559
R000560,P0198,P0188,CALLED,C00560
R000561,P0334,P0348,CALLED,C00561
R000562,P0185,P0233,CALLED,C00562
R000563,P0028,P0009,CALLED,C00563
R000564,P0338,P0336,CALLED,C00564
R000565,P0395,P0382,CALLED,C00565
R000566,P0359,P0396,CALLED,C00566
R000567,P0136,P0124,CALLED,C00567
R000568,P0203,P0234,CALLED,C00568
R000569,P0352,P0360,CALLED,C00569
R000570,P0157,P0456,CALLED,C00570
R000571,P0423,P0405,CALLED,C00571
R000572,P0275,P0281,CALLED,C00572
R000573,P0342,P0230,CALLED,C00573
R000574,P0341,P0320,CALLED,C00574
R000575,P0043,P0029,CALLED,C00575
R000576,P0491,P0500,CALLED,C00576
R000577,P0485,P0487,CALLED,C00577
R000578,P0008,P0043,CALLED,C00578
R000579,P0479,P0456,CALLED,C00579
R000580,P0012,P0175,CALLED,C00580
R000581,P0206,P0208,CALLED,C00581
R000582,P0060,P0070,CALLED,C00582
R000583,P0020,P0025,CALLED,C00583
R000584,P0054,P0063,CALLED,C00584
R000585,P0425,P0408,CALLED,C00585
R000586,P0352,P0377,CALLED,C00586
R000587,P0442,P0409,CALLED,C00587
R000588,P0257,P0105,CALLED,C00588
R000589,P0336,P0329,CALLED,C00589
R000590,P0101,P0104,CALLED,C00590
R000591,P0432,P0324,CALLED,C00591
R000592,P0437,P0405,CALLED,C00592
R000593,P0372,P0285,CALLED,C00593
R000594,P0163,P0453,CALLED,C00594
R000595,P0272,P0264,CALLED,C00595
R000596,P0039,P0031,CALLED,C00596
R000597,P0399,P0376,CALLED,C00597
R000598,P0394,P0358,CALLED,C00598
R000599,P0008,P0030,CALLED,C00599
R000600,P0389,P0144,CALLED,C00600
R000601,P0114,P0120,CALLED,C00601
R000602,P0362,P0311,CALLED,C00602
R000603,P0237,P0233,CALLED,C00603
R000604,P0487,P0462,CALLED,C00604
R000605,P0465,P0484,CALLED,C00605
R000606,P0430,P0401,CALLED,C00606
R000607,P0166,P0222,CALLED,C00607
R000608,P0284,P0299,CALLED,C00608
R000609,P0273,P0230,CALLED,C00609
R000610,P0452,P0498,CALLED,C00610
R000611,P0270,P0255,CALLED,C00611
R000612,P0267,P0266,CALLED,C00612
R000613,P0267,P0407,CALLED,C00613
R000614,P0321,P0229,CALLED,C00614
R000615,P0059,P0054,CALLED,C00615
R000616,P0036,P0004,CALLED,C00616
R000617,P0315,P0339,CALLED,C00617
R000618,P0318,P0052,CALLED,C00618
R000619,P0288,P0263,CALLED,C00619
R000620,P0187,P0159,CALLED,C00620
R000621,P0103,P0104,CALLED,C00621
R000622,P0387,P0184,CALLED,C00622
R000623,P0239,P0222,CALLED,C00623
R000624,P0436,P0404,CALLED,C00624
R000625,P0175,P0097,CALLED,C00625
R000626,P0290,P0494,CALLED,C00626
R000627,P0353,P0382,CALLED,C00627
R000628,P0166,P0181,CALLED,C00628
R000629,P0024,P0001,CALLED,C00629
R000630,P0363,P0391,CALLED,C00630
R000631,P0167,P0197,CALLED,C00631
R000632,P0117,P0107,CALLED,C00632
R000633,P0072,P0064,CALLED,C00633
R000634,P0440,P0428,CALLED,C00634
R000635,P0099,P0273,CALLED,C00635
R000636,P0126,P0472,CALLED,C00636
R000637,P0151,P0405,CALLED,C00637
R000638,P0436,P0261,CALLED,C00638
R000639,P0315,P0034,CALLED,C00639
R000640,P0430,P0412,CALLED,C00640
R000641,P0381,P0368,CALLED,C00641
R000642,P0179,P0166,CALLED,C00642
R000643,P0267,P0286,CALLED,C00643
R000644,P0188,P0153,CALLED,C00644
R000645,P0327,P0324,CALLED,C00645
R000646,P0167,P0192,CALLED,C00646
R000647,P0068,P0065,CALLED,C00647
R000648,P0263,P0294,CALLED,C00648
R000649,P0459,P0499,CALLED,C00649
R000650,P0207,P0485,CALLED,C00650
R000651,P0449,P0410,CALLED,C00651
R000652,P0438,P0436,CALLED,C00652
R000653,P0178,P0200,CALLED,C00653
R000654,P0137,P0109,CALLED,C00654
R000655,P0328,P0344,CALLED,C00655
R000656,P0037,P0003,CALLED,C00656
R000657,P0196,P0105,CALLED,C00657
R000658,P0287,P0279,CALLED,C00658
R000659,P0482,P0452,CALLED,C00659
R000660,P0169,P0193,CALLED,C00660
R000661,P0277,P0276,CALLED,C00661
R000662,P0075,P0064,CALLED,C00662
R000663,P0341,P0244,CALLED,C00663
R000664,P0368,P0363,CALLED,C00664
R000665,P0184,P0172,CALLED,C00665
R000666,P0148,P0331,CALLED,C00666
R000667,P0127,P0116,CALLED,C00667
R000668,P0145,P0137,CALLED,C00668
R000669,P0081,P0141,CALLED,C00669
R000670,P0211,P0391,CALLED,C00670
R000671,P0277,P0279,CALLED,C00671
R000672,P0091,P0095,CALLED,C00672
R000673,P0204,P0020,CALLED,C00673
R000674,P0382,P0380,CALLED,C00674
R000675,P0359,P0381,CALLED,C00675
R000676,P0119,P0108,CALLED,C00676
R000677,P0129,P0123,CALLED,C00677
R000678,P0041,P0034,CALLED,C00678
R000679,P0004,P0050,CALLED,C00679
R000680,P0163,P0156,CALLED,C00680
R000681,P0349,P0343,CALLED,C00681
R000682,P0023,P0213,CALLED,C00682
R000683,P0464,P0485,CALLED,C00683
R000684,P0262,P0251,CALLED,C00684
R000685,P0155,P0193,CALLED,C00685
R000686,P0177,P0170,CALLED,C00686
R000687,P0089,P0071,CALLED,C00687
R000688,P0293,P0281,CALLED,C00688
R000689,P0183,P0188,CALLED,C00689
R000690,P0349,P0316,CALLED,C00690
R000691,P0125,P0114,CALLED,C00691
R000692,P0169,P0069,CALLED,C00692
R000693,P0342,P0319,CALLED,C00693
R000694,P0404,P0443,CALLED,C00694
R000695,P0334,P0321,CALLED,C00695
R000696,P0036,P0489,CALLED,C00696
R000697,P0138,P0136,CALLED,C00697
R000698,P0160,P0085,CALLED,C00698
R000699,P0479,P0491,CALLED,C00699
R000700,P0131,P0129,CALLED,C00700
R000701,P0420,P0489,CALLED,C00701
R000702,P0472,P0154,CALLED,C00702
R000703,P0230,P0219,CALLED,C00703
R000704,P0363,P0360,CALLED,C00704
R000705,P0192,P0252,CALLED,C00705
R000706,P0242,P0238,CALLED,C00706
R000707,P0461,P0463,CALLED,C00707
R000708,P0295,P0254,CALLED,C00708
R000709,P0291,P0296,CALLED,C00709
R000710,P0394,P0360,CALLED,C00710
R000711,P0092,P0096,CALLED,C00711
R000712,P0178,P0161,CALLED,C00712
R000713,P0338,P0454,CALLED,C00713
R000714,P0474,P0373,CALLED,C00714
R000715,P0138,P0384,CALLED,C00715
R000716,P0132,P0101,CALLED,C00716
R000717,P0247,P0228,CALLED,C00717
R000718,P0133,P0108,CALLED,C00718
R000719,P0149,P0113,CALLED,C00719
R000720,P0086,P0041,CALLED,C00720
R000721,P0038,P0016,CALLED,C00721
R000722,P0249,P0201,CALLED,C00722
R000723,P0449,P0418,CALLED,C00723
R000724,P0271,P0266,CALLED,C00724
R000725,P0448,P0170,CALLED,C00725
R000726,P0455,P0474,CALLED,C00726
R000727,P0174,P0179,CALLED,C00727
R000728,P0252,P0291,CALLED,C00728
R000729,P0189,P0182,CALLED,C00729
R000730,P0393,P0395,CALLED,C00730
R000731,P0437,P0446,CALLED,C00731
R000732,P0430,P0411,CALLED,C00732
R000733,P0161,P0199,CALLED,C00733
R000734,P0275,P0300,CALLED,C00734
R000735,P0344,P0064,CALLED,C00735
R000736,P0265,P0287,CALLED,C00736
R000737,P0428,P0415,CALLED,C00737
R000738,P0298,P0288,CALLED,C00738
R000739,P0275,P0287,CALLED,C00739
R000740,P0328,P0321,CALLED,C00740
R000741,P0488,P0465,CALLED,C00741
R000742,P0215,P0232,CALLED,C00742
R000743,P0435,P0411,CALLED,C00743
R000744,P0064,P0141,CALLED,C00744
R000745,P0304,P0322,CALLED,C00745
R000746,P0050,P0012,CALLED,C00746
R000747,P0281,P0201,CALLED,C00747
R000748,P0201,P0037,CALLED,C00748
R000749,P0426,P0407,CALLED,C00749
R000750,P0364,P0156,CALLED,C00750
R000751,P0369,P0360,CALLED,C00751
R000752,P0457,P0494,CALLED,C00752
R000753,P0050,P0183,CALLED,C00753
R000754,P0478,P0460,CALLED,C00754
R000755,P0245,P0239,CALLED,C00755
R000756,P0443,P0419,CALLED,C00756
R000757,P0058,P0056,CALLED,C00757
R000758,P0487,P0481,CALLED,C00758
R000759,P0320,P0337,CALLED,C00759
R000760,P0026,P0036,CALLED,C00760
R000761,P0099,P0064,CALLED,C00761
R000762,P0371,P0358,CALLED,C00762
R000763,P0249,P0203,CALLED,C00763
R000764,P0088,P0217,CALLED,C00764
R000765,P0151,P0338,CALLED,C00765
R000766,P0289,P0285,CALLED,C00766
R000767,P0160,P0170,CALLED,C00767
R000768,P0209,P0247,CALLED,C00768
R000769,P0126,P0130,CALLED,C00769
R000770,P0091,P0097,CALLED,C00770
R000771,P0493,P0492,CALLED,C00771
R000772,P0466,P0455,CALLED,C00772
R000773,P0291,P0256,CALLED,C00773
R000774,P0075,P0065,CALLED,C00774
R000775,P0157,P0302,CALLED,C00775
R000776,P0283,P0139,CALLED,C00776
R000777,P0436,P0439,CALLED,C00777
R000778,P0446,P0410,CALLED,C00778
R000779,P0296,P0300,CALLED,C00779
R000780,P0280,P0283,CALLED,C00780
R000781,P0070,P0077,CALLED,C00781
R000782,P0156,P0161,CALLED,C00782
R000783,P0414,P0448,CALLED,C00783
R000784,P0444,P0435,CALLED,C00784
R000785,P0382,P0004,CALLED,C00785
R000786,P0444,P0439,CALLED,C00786
R000787,P0090,P0039,CALLED,C00787
R000788,P0217,P0254,CALLED,C00788
R000789,P0128,P0426,CALLED,C00789
R000790,P0048,P0041,CALLED,C00790
R000791,P0019,P0479,CALLED,C00791
R000792,P0372,P0370,CALLED,C00792
R000793,P0007,P0028,CALLED,C00793
R000794,P0211,P0064,CALLED,C00794
R000795,P0324,P0320,CALLED,C00795
R000796,P0393,P0379,CALLED,C00796
R000797,P0158,P0163,CALLED,C00797
R000798,P0462,P0017,CALLED,C00798
R000799,P0386,P0382,CALLED,C00799
R000800,P0052,P0059,CALLED,C00800
R000801,P0278,P0289,CALLED,C00801
R000802,P0316,P0340,CALLED,C00802
R000803,P0067,P0095,CALLED,C00803
R000804,P0095,P0097,CALLED,C00804
R000805,P0126,P0103,CALLED,C00805
R000806,P0054,P0075,CALLED,C00806
R000807,P0331,P0304,CALLED,C00807
R000808,P0223,P0246,CALLED,C00808
R000809,P0004,P0043,CALLED,C00809
R000810,P0052,P0221,CALLED,C00810
R000811,P0093,P0051,CALLED,C00811
R000812,P0302,P0271,CALLED,C00812
R000813,P0057,P0059,CALLED,C00813
R000814,P0357,P0355,CALLED,C00814
R000815,P0103,P0109,CALLED,C00815
R000816,P0389,P0437,CALLED,C00816
R000817,P0035,P0248,CALLED,C00817
R000818,P0245,P0209,CALLED,C00818
R000819,P0204,P0254,CALLED,C00819
R000820,P0326,P0339,CALLED,C00820
R000821,P0495,P0451,CALLED,C00821
R000822,P0169,P0196,CALLED,C00822
R000823,P0169,P0153,CALLED,C00823
R000824,P0164,P0185,CALLED,C00824
R000825,P0417,P0447,CALLED,C00825
R000826,P0321,P0418,CALLED,C00826
R000827,P0035,P0043,CALLED,C00827
R000828,P0132,P0446,CALLED,C00828
R000829,P0491,P0499,CALLED,C00829
R000830,P0356,P0382,CALLED,C00830
R000831,P0397,P0362,CALLED,C00831
R000832,P0352,P0312,CALLED,C00832
R000833,P0307,P0347,CALLED,C00833
R000834,P0008,P0001,CALLED,C00834
R000835,P0451,P0457,CALLED,C00835
R000836,P0479,P0461,CALLED,C00836
R000837,P0241,P0235,CALLED,C00837
R000838,P0427,P0410,CALLED,C00838
R000839,P0292,P0269,CALLED,C00839
R000840,P0065,P0057,CALLED,C00840
R000841,P0053,P0089,CALLED,C00841
R000842,P0310,P0343,CALLED,C00842
R000843,P0393,P0374,CALLED,C00843
R000844,P0442,P0478,CALLED,C00844
R000845,P0397,P0381,CALLED,C00845
R000846,P0259,P0262,CALLED,C00846
R000847,P0339,P0341,CALLED,C00847
R000848,P0432,P0435,CALLED,C00848
R000849,P0496,P0477,CALLED,C00849
R000850,P0024,P0036,CALLED,C00850
R000851,P0119,P0130,CALLED,C00851
R000852,P0154,P0198,CALLED,C00852
R000853,P0045,P0028,CALLED,C00853
R000854,P0461,P0452,CALLED,C00854
R000855,P0477,P0460,CALLED,C00855
R000856,P0231,P0227,CALLED,C00856
R000857,P0104,P0142,CALLED,C00857
R000858,P0344,P0330,CALLED,C00858
R000859,P0118,P0106,CALLED,C00859
R000860,P0176,P0162,CALLED,C00860
R000861,P0325,P0311,CALLED,C00861
R000862,P0057,P0055,CALLED,C00862
R000863,P0407,P0405,CALLED,C00863
R000864,P0191,P0153,CALLED,C00864
R000865,P0353,P0354,CALLED,C00865
R000866,P0491,P0204,CALLED,C00866
R000867,P0360,P0346,CALLED,C00867
R000868,P0102,P0138,CALLED,C00868
R000869,P0144,P0130,CALLED,C00869
R000870,P0414,P0349,CALLED,C00870
R000871,P0492,P0484,CALLED,C00871
R000872,P0303,P0346,CALLED,C00872
R000873,P0291,P0322,CALLED,C00873
R000874,P0082,P0057,CALLED,C00874
R000875,P0237,P0224,CALLED,C00875
R000876,P0367,P0399,CALLED,C00876
R000877,P0269,P0276,CALLED,C00877
R000878,P0440,P0421,CALLED,C00878
R000879,P0040,P0042,CALLED,C00879
R000880,P0069,P0075,CALLED,C00880
R000881,P0393,P0356,CALLED,C00881
R000882,P0239,P0056,CALLED,C00882
R000883,P0103,P0206,CALLED,C00883
R000884,P0358,P0368,CALLED,C00884
R000885,P0171,P0187,CALLED,C00885
R000886,P0243,P0110,CALLED,C00886
R000887,P0106,P0110,CALLED,C00887
R000888,P0232,P0447,CALLED,C00888
R000889,P0006,P0028,CALLED,C00889
R000890,P0331,P0335,CALLED,C00890
R000891,P0036,P0039,CALLED,C00891
R000892,P0251,P0260,CALLED,C00892
R000893,P0317,P0334,CALLED,C00893
R000894,P0457,P0453,CALLED,C00894
R000895,P0308,P0194,CALLED,C00895
R000896,P0252,P0270,CALLED,C00896
R000897,P0377,P0373,CALLED,C00897
R000898,P0172,P0059,CALLED,C00898
R000899,P0135,P0128,CALLED,C00899
R000900,P0457,P0456,CALLED,C00900
R000901,P0485,P0457,CALLED,C00901
R000902,P0314,P0315,CALLED,C00902
R000903,P0487,P0064,CALLED,C00903
R000904,P0265,P0283,CALLED,C00904
R000905,P0408,P0466,CALLED,C00905
R000906,P0010,P0024,CALLED,C00906
R000907,P0313,P0340,CALLED,C00907
R000908,P0347,P0312,CALLED,C00908
R000909,P0133,P0108,CALLED,C00909
R000910,P0082,P0486,CALLED,C00910
R000911,P0460,P0452,CALLED,C00911
R000912,P0325,P0324,CALLED,C00912
R000913,P0416,P0447,CALLED,C00913
R000914,P0141,P0102,CALLED,C00914
R000915,P0217,P0212,CALLED,C00915
R000916,P0107,P0201,CALLED,C00916
R000917,P0064,P0094,CALLED,C00917
R000918,P0093,P0153,CALLED,C00918
R000919,P0273,P0281,CALLED,C00919
R000920,P0099,P0311,CALLED,C00920
R000921,P0111,P0444,CALLED,C00921
R000922,P0097,P0095,CALLED,C00922
R000923,P0179,P0363,CALLED,C00923
R000924,P0313,P0317,CALLED,C00924
R000925,P0053,P0299,CALLED,C00925
R000926,P0378,P0389,CALLED,C00926
R000927,P0313,P0337,CALLED,C00927
R000928,P0033,P0017,CALLED,C00928
R000929,P0008,P0012,CALLED,C00929
R000930,P0274,P0260,CALLED,C00930
R000931,P0180,P0187,CALLED,C00931
R000932,P0184,P0164,CALLED,C00932
R000933,P0344,P0349,CALLED,C00933
R000934,P0382,P0353,CALLED,C00934
R000935,P0288,P0275,CALLED,C00935
R000936,P0451,P0480,CALLED,C00936
R000937,P0021,P0173,CALLED,C00937
R000938,P0141,P0163,CALLED,C00938
R000939,P0026,P0020,CALLED,C00939
R000940,P0481,P0317,CALLED,C00940
R000941,P0295,P0297,CALLED,C00941
R000942,P0416,P0189,CALLED,C00942
R000943,P0205,P0217,CALLED,C00943
R000944,P0109,P0138,CALLED,C00944
R000945,P0455,P0436,CALLED,C00945
R000946,P0187,P0181,CALLED,C00946
R000947,P0250,P0219,CALLED,C00947
R000948,P0195,P0155,CALLED,C00948
R000949,P0375,P0363,CALLED,C00949
R000950,P0299,P0270,CALLED,C00950
R000951,P0115,P0124,CALLED,C00951
R000952,P0097,P0036,CALLED,C00952
R000953,P0296,P0332,CALLED,C00953
R000954,P0124,P0009,CALLED,C00954
R000955,P0373,P0367,CALLED,C00955
R000956,P0333,P0328,CALLED,C00956
R000957,P0347,P0328,CALLED,C00957
R000958,P0439,P0432,CALLED,C00958
R000959,P0113,P0059,CALLED,C00959
R000960,P0068,P0065,CALLED,C00960
R000961,P0451,P0355,CALLED,C00961
R000962,P0246,P0239,CALLED,C00962
R000963,P0481,P0498,CALLED,C00963
R000964,P0061,P0062,CALLED,C00964
R000965,P0012,P0017,CALLED,C00965
R000966,P0388,P0351,CALLED,C00966
R000967,P0037,P0044,CALLED,C00967
R000968,P0150,P0107,CALLED,C00968
R000969,P0285,P0267,CALLED,C00969
R000970,P0155,P0364,CALLED,C00970
R000971,P0447,P0441,CALLED,C00971
R000972,P0123,P0132,CALLED,C00972
R000973,P0063,P0075,CALLED,C00973
R000974,P0231,P0491,CALLED,C00974
R000975,P0318,P0320,CALLED,C00975
R000976,P0063,P0222,CALLED,C00976
R000977,P0256,P0475,CALLED,C00977
R000978,P0320,P0286,CALLED,C00978
R000979,P0008,P0233,CALLED,C00979
R000980,P0201,P0228,CALLED,C00980
R000981,P0233,P0243,CALLED,C00981
R000982,P0101,P0222,CALLED,C00982
R000983,P0128,P0416,CALLED,C00983
R000984,P0472,P0155,CALLED,C00984
R000985,P0072,P0350,CALLED,C00985
R000986,P0206,P0220,CALLED,C00986
R000987,P0429,P0445,CALLED,C00987
R000988,P0330,P0327,CALLED,C00988
R000989,P0306,P0349,CALLED,C00989
R000990,P0259,P0290,CALLED,C00990
R000991,P0399,P0384,CALLED,C00991
R000992,P0072,P0089,CALLED,C00992
R000993,P0008,P0048,CALLED,C00993
R000994,P0359,P0365,CALLED,C00994
R000995,P0320,P0353,CALLED,C00995
R000996,P0084,P0057,CALLED,C00996
R000997,P0228,P0201,CALLED,C00997
R000998,P0420,P0121,CALLED,C00998
R000999,P0316,P0064,CALLED,C00999
R001000,P0161,P0183,CALLED,C01000
R001001,P0482,P0474,CALLED,C01001
R001002,P0310,P0302,CALLED,C01002
R001003,P0203,P0242,CALLED,C01003
R001004,P0235,P0142,CALLED,C01004
R001005,P0425,P0433,CALLED,C01005
R001006,P0472,P0480,CALLED,C01006
R001007,P0375,P0381,CALLED,C01007
R001008,P0270,P0133,CALLED,C01008
R001009,P0305,P0303,CALLED,C01009
R001010,P0082,P0094,CALLED,C01010
R001011,P0147,P0125,CALLED,C01011
R001012,P0079,P0099,CALLED,C01012
R001013,P0165,P0056,CALLED,C01013
R001014,P0167,P0182,CALLED,C01014
R001015,P0223,P0417,CALLED,C01015
R001016,P0101,P0124,CALLED,C01016
R001017,P0432,P0413,CALLED,C01017
R001018,P0409,P0405,CALLED,C01018
R001019,P0134,P0120,CALLED,C01019
R001020,P0252,P0265,CALLED,C01020
R001021,P0119,P0105,CALLED,C01021
R001022,P0454,P0485,CALLED,C01022
R001023,P0022,P0027,CALLED,C01023
R001024,P0447,P0422,CALLED,C01024
R001025,P0360,P0428,CALLED,C01025
R001026,P0246,P0485,CALLED,C01026
R001027,P0415,P0442,CALLED,C01027
R001028,P0002,P0050,CALLED,C01028
R001029,P0036,P0031,CALLED,C01029
R001030,P0336,P0309,CALLED,C01030
R001031,P0278,P0254,CALLED,C01031
R001032,P0437,P0403,CALLED,C01032
R001033,P0129,P0112,CALLED,C01033
R001034,P0067,P0311,CALLED,C01034
R001035,P0414,P0432,CALLED,C01035
R001036,P0400,P0283,CALLED,C01036
R001037,P0164,P0358,CALLED,C01037
R001038,P0482,P0468,CALLED,C01038
R001039,P0414,P0408,CALLED,C01039
R001040,P0358,P0352,CALLED,C01040
R001041,P0206,P0204,CALLED,C01041
R001042,P0325,P0329,CALLED,C01042
R001043,P0404,P0443,CALLED,C01043
R001044,P0466,P0312,CALLED,C01044
R001045,P0175,P0372,CALLED,C01045
R001046,P0284,P0199,CALLED,C01046
R001047,P0500,P0484,CALLED,C01047
R001048,P0018,P0044,CALLED,C01048
R001049,P0476,P0453,CALLED,C01049
R001050,P0415,P0396,CALLED,C01050
R001051,P0434,P0092,CALLED,C01051
R001052,P0281,P0291,CALLED,C01052
R001053,P0486,P0471,CALLED,C01053
R001054,P0359,P0365,CALLED,C01054
R001055,P0012,P0044,CALLED,C01055
R001056,P0046,P0017,CALLED,C01056
R001057,P0039,P0016,CALLED,C01057
R001058,P0066,P0064,CALLED,C01058
R001059,P0319,P0310,CALLED,C01059
R001060,P0342,P0324,CALLED,C01060
R001061,P0210,P0238,CALLED,C01061
R001062,P0438,P0446,CALLED,C01062
R001063,P0125,P0149,CALLED,C01063
R001064,P0323,P0281,CALLED,C01064
R001065,P0311,P0242,CALLED,C01065
R001066,P0172,P0166,CALLED,C01066
R001067,P0397,P0377,CALLED,C01067
R001068,P0292,P0281,CALLED,C01068
R001069,P0065,P0474,CALLED,C01069
R001070,P0222,P0221,CALLED,C01070
R001071,P0295,P0254,CALLED,C01071
R001072,P0249,P0236,CALLED,C01072
R001073,P0013,P0354,CALLED,C01073
R001074,P0463,P0217,CALLED,C01074
R001075,P0208,P0222,CALLED,C01075
R001076,P0024,P0038,CALLED,C01076
R001077,P0224,P0149,CALLED,C01077
R001078,P0302,P0470,CALLED,C01078
R001079,P0375,P0371,CALLED,C01079
R001080,P0050,P0119,CALLED,C01080
R001081,P0438,P0433,CALLED,C01081
R001082,P0489,P0074,CALLED,C01082
R001083,P0237,P0240,CALLED,C01083
R001084,P0232,P0229,CALLED,C01084
R001085,P0386,P0055,CALLED,C01085
R001086,P0449,P0411,CALLED,C01086
R001087,P0151,P0182,CALLED,C01087
R001088,P0384,P0359,CALLED,C01088
R001089,P0332,P0317,CALLED,C01089
R001090,P0412,P0041,CALLED,C01090
R001091,P0230,P0241,CALLED,C01091
R001092,P0421,P0413,CALLED,C01092
R001093,P0315,P0344,CALLED,C01093
R001094,P0376,P0255,CALLED,C01094
R001095,P0439,P0371,CALLED,C01095
R001096,P0196,P0162,CALLED,C01096
R001097,P0191,P0173,CALLED,C01097
R001098,P0449,P0150,CALLED,C01098
R001099,P0207,P0215,CALLED,C01099
R001100,P0308,P0312,CALLED,C01100
R001101,P0150,P0131,CALLED,C01101
R001102,P0233,P0214,CALLED,C01102
R001103,P0277,P0276,CALLED,C01103
R001104,P0172,P0191,CALLED,C01104
R001105,P0135,P0114,CALLED,C01105
R001106,P0047,P0002,CALLED,C01106
R001107,P0284,P0033,CALLED,C01107
R001108,P0135,P0126,CALLED,C01108
R001109,P0186,P0197,CALLED,C01109
R001110,P0270,P0053,CALLED,C01110
R001111,P0015,P0041,CALLED,C01111
R001112,P0194,P0336,CALLED,C01112
R001113,P0040,P0038,CALLED,C01113
R001114,P0107,P0148,CALLED,C01114
R001115,P0218,P0263,CALLED,C01115
R001116,P0481,P0475,CALLED,C01116
R001117,P0369,P0395,CALLED,C01117
R001118,P0391,P0280,CALLED,C01118
R001119,P0179,P0174,CALLED,C01119
R001120,P0057,P0086,CALLED,C01120
R001121,P0340,P0331,CALLED,C01121
R001122,P0260,P0253,CALLED,C01122
R001123,P0138,P0354,CALLED,C01123
R001124,P0292,P0266,CALLED,C01124
R001125,P0057,P0078,CALLED,C01125
R001126,P0061,P0063,CALLED,C01126
R001127,P0432,P0409,CALLED,C01127
R001128,P0247,P0244,CALLED,C01128
R001129,P0110,P0119,CALLED,C01129
R001130,P0231,P0230,CALLED,C01130
R001131,P0351,P0371,CALLED,C01131
R001132,P0003,P0160,CALLED,C01132
R001133,P0054,P0090,CALLED,C01133
R001134,P0173,P0191,CALLED,C01134
R001135,P0224,P0240,CALLED,C01135
R001136,P0107,P0147,CALLED,C01136
R001137,P0438,P0442,CALLED,C01137
R001138,P0378,P0447,CALLED,C01138
R001139,P0047,P0476,CALLED,C01139
R001140,P0009,P0033,CALLED,C01140
R001141,P0066,P0086,CALLED,C01141
R001142,P0421,P0434,CALLED,C01142
R001143,P0336,P0329,CALLED,C01143
R001144,P0342,P0323,CALLED,C01144
R001145,P0178,P0373,CALLED,C01145
R001146,P0148,P0101,CALLED,C01146
R001147,P0222,P0207,CALLED,C01147
R001148,P0042,P0018,CALLED,C01148
R001149,P0037,P0002,CALLED,C01149
R001150,P0407,P0403,CALLED,C01150
R001151,P0109,P0106,CALLED,C01151
R001152,P0021,P0007,CALLED,C01152
R001153,P0296,P0261,CALLED,C01153
R001154,P0005,P0013,CALLED,C01154
R001155,P0239,P0213,CALLED,C01155
R001156,P0423,P0408,CALLED,C01156
R001157,P0356,P0358,CALLED,C01157
R001158,P0050,P0011,CALLED,C01158
R001159,P0170,P0194,CALLED,C01159
R001160,P0212,P0218,CALLED,C01160
R001161,P0140,P0453,CALLED,C01161
R001162,P0373,P0388,CALLED,C01162
R001163,P0352,P0426,CALLED,C01163
R001164,P0195,P0178,CALLED,C01164
R001165,P0436,P0448,CALLED,C01165
R001166,P0367,P0353,CALLED,C01166
R001167,P0388,P0371,CALLED,C01167
R001168,P0091,P0073,CALLED,C01168
R001169,P0062,P0073,CALLED,C01169
R001170,P0225,P0415,CALLED,C01170
R001171,P0243,P0428,CALLED,C01171
R001172,P0320,P0303,CALLED,C01172
R001173,P0237,P0226,CALLED,C01173
R001174,P0495,P0358,CALLED,C01174
R001175,P0028,P0497,CALLED,C01175
R001176,P0130,P0101,CALLED,C01176
R001177,P0164,P0178,CALLED,C01177
R001178,P0192,P0003,CALLED,C01178
R001179,P0345,P0314,CALLED,C01179
R001180,P0075,P0059,CALLED,C01180
R001181,P0420,P0346,CALLED,C01181
R001182,P0452,P0465,CALLED,C01182
R001183,P0040,P0039,CALLED,C01183
R001184,P0014,P0020,CALLED,C01184
R001185,P0220,P0225,CALLED,C01185
R001186,P0407,P0430,CALLED,C01186
R001187,P0301,P0311,CALLED,C01187
R001188,P0032,P0042,CALLED,C01188
R001189,P0089,P0079,CALLED,C01189
R001190,P0498,P0187,CALLED,C01190
R001191,P0446,P0346,CALLED,C01191
R001192,P0497,P0480,CALLED,C01192
R001193,P0380,P0374,CALLED,C01193
R001194,P0250,P0202,CALLED,C01194
R001195,P0270,P0291,CALLED,C01195
R001196,P0316,P0312,CALLED,C01196
R001197,P0318,P0323,CALLED,C01197
R001198,P0005,P0021,CALLED,C01198
R001199,P0072,P0091,CALLED,C01199
R001200,P0132,P0370,CALLED,C01200
R001201,P0240,P0233,CALLED,C01201
R001202,P0318,P0348,CALLED,C01202
R001203,P0144,P0119,CALLED,C01203
R001204,P0337,P0067,CALLED,C01204
R001205,P0152,P0196,CALLED,C01205
R001206,P0312,P0424,CALLED,C01206
R001207,P0386,P0351,CALLED,C01207
R001208,P0364,P0385,CALLED,C01208
R001209,P0456,P0491,CALLED,C01209
R001210,P0272,P0190,CALLED,C01210
R001211,P0488,P0461,CALLED,C01211
R001212,P0146,P0285,CALLED,C01212
R001213,P0458,P0457,CALLED,C01213
R001214,P0150,P0148,CALLED,C01214
R001215,P0468,P0471,CALLED,C01215
R001216,P0426,P0415,CALLED,C01216
R001217,P0126,P0119,CALLED,C01217
R001218,P0075,P0088,CALLED,C01218
R001219,P0140,P0133,CALLED,C01219
R001220,P0167,P0313,CALLED,C01220
R001221,P0252,P0298,CALLED,C01221
R001222,P0083,P0235,CALLED,C01222
R001223,P0472,P0103,CALLED,C01223
R001224,P0380,P0366,CALLED,C01224
R001225,P0472,P0461,CALLED,C01225
R001226,P0350,P0347,CALLED,C01226
R001227,P0317,P0346,CALLED,C01227
R001228,P0381,P0397,CALLED,C01228
R001229,P0441,P0442,CALLED,C01229
R001230,P0389,P0423,CALLED,C01230
R001231,P0116,P0131,CALLED,C01231
R001232,P0399,P0366,CALLED,C01232
R001233,P0395,P0367,CALLED,C01233
R001234,P0202,P0215,CALLED,C01234
R001235,P0137,P0141,CALLED,C01235
R001236,P0110,P0139,CALLED,C01236
R001237,P0188,P0170,CALLED,C01237
R001238,P0382,P0446,CALLED,C01238
R001239,P0330,P0080,CALLED,C01239
R001240,P0431,P0412,CALLED,C01240
R001241,P0214,P0215,CALLED,C01241
R001242,P0282,P0280,CALLED,C01242
R001243,P0380,P0104,CALLED,C01243
R001244,P0260,P0035,CALLED,C01244
R001245,P0497,P0409,CALLED,C01245
R001246,P0145,P0142,CALLED,C01246
R001247,P0468,P0486,CALLED,C01247
R001248,P0068,P0268,CALLED,C01248
R001249,P0481,P0480,CALLED,C01249
R001250,P0079,P0056,CALLED,C01250
R001251,P0237,P0201,CALLED,C01251
R001252,P0100,P0302,CALLED,C01252
R001253,P0391,P0362,CALLED,C01253
R001254,P0154,P0136,CALLED,C01254
R001255,P0358,P0399,CALLED,C01255
R001256,P0112,P0105,CALLED,C01256
R001257,P0412,P0413,CALLED,C01257
R001258,P0300,P0284,CALLED,C01258
R001259,P0121,P0111,CALLED,C01259
R001260,P0313,P0340,CALLED,C01260
R001261,P0138,P0118,CALLED,C01261
R001262,P0298,P0271,CALLED,C01262
R001263,P0003,P0391,CALLED,C01263
R001264,P0393,P0141,CALLED,C01264
R001265,P0219,P0224,CALLED,C01265
R001266,P0448,P0413,CALLED,C01266
R001267,P0161,P0171,CALLED,C01267
R001268,P0200,P0353,CALLED,C01268
R001269,P0041,P0022,CALLED,C01269
R001270,P0148,P0105,CALLED,C01270
R001271,P0302,P0154,CALLED,C01271
R001272,P0449,P0443,CALLED,C01272
R001273,P0150,P0105,CALLED,C01273
R001274,P0110,P0095,CALLED,C01274
R001275,P0217,P0239,CALLED,C01275
R001276,P0354,P0384,CALLED,C01276
R001277,P0033,P0021,CALLED,C01277
R001278,P0290,P0048,CALLED,C01278
R001279,P0045,P0294,CALLED,C01279
R001280,P0221,P0419,CALLED,C01280
R001281,P0062,P0092,CALLED,C01281
R001282,P0206,P0295,CALLED,C01282
R001283,P0171,P0178,CALLED,C01283
R001284,P0200,P0187,CALLED,C01284
R001285,P0106,P0158,CALLED,C01285
R001286,P0277,P0179,CALLED,C01286
R001287,P0170,P0161,CALLED,C01287
R001288,P0014,P0071,CALLED,C01288
R001289,P0438,P0379,CALLED,C01289
R001290,P0200,P0175,CALLED,C01290
R001291,P0158,P0182,CALLED,C01291
R001292,P0083,P0074,CALLED,C01292
R001293,P0327,P0326,CALLED,C01293
R001294,P0215,P0245,CALLED,C01294
R001295,P0009,P0488,CALLED,C01295
R001296,P0162,P0187,CALLED,C01296
R001297,P0004,P0039,CALLED,C01297
R001298,P0311,P0327,CALLED,C01298
R001299,P0061,P0052,CALLED,C01299
R001300,P0136,P0319,CALLED,C01300
R001301,P0018,P0377,CALLED,C01301
R001302,P0370,P0269,CALLED,C01302
R001303,P0048,P0215,CALLED,C01303
R001304,P0275,P0226,CALLED,C01304
R001305,P0367,P0359,CALLED,C01305
R001306,P0463,P0459,CALLED,C01306
R001307,P0098,P0057,CALLED,C01307
R001308,P0147,P0143,CALLED,C01308
R001309,P0249,P0209,CALLED,C01309
R001310,P0048,P0025,CALLED,C01310
R001311,P0016,P0011,CALLED,C01311
R001312,P0263,P0291,CALLED,C01312
R001313,P0098,P0068,CALLED,C01313
R001314,P0250,P0396,CALLED,C01314
R001315,P0135,P0033,CALLED,C01315
R001316,P0180,P0158,CALLED,C01316
R001317,P0158,P0232,CALLED,C01317
R001318,P0413,P0410,CALLED,C01318
R001319,P0137,P0134,CALLED,C01319
R001320,P0411,P0424,CALLED,C01320
R001321,P0385,P0367,CALLED,C01321
R001322,P0319,P0325,CALLED,C01322
R001323,P0154,P0001,CALLED,C01323
R001324,P0489,P0455,CALLED,C01324
R001325,P0149,P0116,CALLED,C01325
R001326,P0166,P0173,CALLED,C01326
R001327,P0494,P0460,CALLED,C01327
R001328,P0006,P0327,CALLED,C01328
R001329,P0307,P0242,CALLED,C01329
R001330,P0480,P0460,CALLED,C01330
R001331,P0021,P0196,CALLED,C01331
R001332,P0399,P0369,CALLED,C01332
R001333,P0395,P0378,CALLED,C01333
R001334,P0376,P0142,CALLED,C01334
R001335,P0223,P0206,CALLED,C01335
R001336,P0365,P0388,CALLED,C01336
R001337,P0475,P0489,CALLED,C01337
R001338,P0099,P0066,CALLED,C01338
R001339,P0368,P0382,CALLED,C01339
R001340,P0294,P0443,CALLED,C01340
R001341,P0014,P0037,CALLED,C01341
R001342,P0302,P0347,CALLED,C01342
R001343,P0168,P0179,CALLED,C01343
R001344,P0083,P0108,CALLED,C01344
R001345,P0089,P0433,CALLED,C01345
R001346,P0171,P0170,CALLED,C01346
R001347,P0391,P0362,CALLED,C01347
R001348,P0374,P0399,CALLED,C01348
R001349,P0233,P0245,CALLED,C01349
R001350,P0063,P0056,CALLED,C01350
R001351,P0075,P0367,CALLED,C01351
R001352,P0054,P0433,CALLED,C01352
R001353,P0227,P0423,CALLED,C01353
R001354,P0195,P0165,CALLED,C01354
R001355,P0216,P0202,CALLED,C01355
R001356,P0463,P0477,CALLED,C01356
R001357,P0348,P0317,CALLED,C01357
R001358,P0171,P0185,CALLED,C01358
R001359,P0360,P0127,CALLED,C01359
R001360,P0089,P0065,CALLED,C01360
R001361,P0115,P0239,CALLED,C01361
R001362,P0305,P0311,CALLED,C01362
R001363,P0245,P0445,CALLED,C01363
R001364,P0142,P0292,CALLED,C01364
R001365,P0126,P0114,CALLED,C01365
R001366,P0483,P0477,CALLED,C01366
R001367,P0498,P0313,CALLED,C01367
R001368,P0037,P0315,CALLED,C01368
R001369,P0128,P0308,CALLED,C01369
R001370,P0170,P0046,CALLED,C01370
R001371,P0196,P0357,CALLED,C01371
R001372,P0146,P0128,CALLED,C01372
R001373,P0173,P0192,CALLED,C01373
R001374,P0039,P0004,CALLED,C01374
R001375,P0401,P0421,CALLED,C01375
R001376,P0062,P0063,CALLED,C01376
R001377,P0139,P0124,CALLED,C01377
R001378,P0352,P0390,CALLED,C01378
R001379,P0056,P0179,CALLED,C01379
R001380,P0460,P0490,CALLED,C01380
R001381,P0484,P0060,CALLED,C01381
R001382,P0363,P0376,CALLED,C01382
R001383,P0466,P0338,CALLED,C01383
R001384,P0289,P0295,CALLED,C01384
R001385,P0129,P0149,CALLED,C01385
R001386,P0082,P0052,CALLED,C01386
R001387,P0232,P0250,CALLED,C01387
R001388,P0013,P0006,CALLED,C01388
R001389,P0298,P0254,CALLED,C01389
R001390,P0404,P0444,CALLED,C01390
R001391,P0014,P0007,CALLED,C01391
R001392,P0182,P0164,CALLED,C01392
R001393,P0003,P0464,CALLED,C01393
R001394,P0191,P0470,CALLED,C01394
R001395,P0228,P0244,CALLED,C01395
R001396,P0027,P0025,CALLED,C01396
R001397,P0041,P0045,CALLED,C01397
R001398,P0155,P0191,CALLED,C01398
R001399,P0421,P0411,CALLED,C01399
R001400,P0219,P0237,CALLED,C01400
R001401,P0285,P0434,CALLED,C01401
R001402,P0058,P0065,CALLED,C01402
R001403,P0413,P0035,CALLED,C01403
R001404,P0227,P0306,CALLED,C01404
R001405,P0372,P0163,CALLED,C01405
R001406,P0129,P0472,CALLED,C01406
R001407,P0119,P0133,CALLED,C01407
R001408,P0352,P0379,CALLED,C01408
R001409,P0110,P0136,CALLED,C01409
R001410,P0402,P0440,CALLED,C01410
R001411,P0094,P0065,CALLED,C01411
R001412,P0394,P0291,CALLED,C01412
R001413,P0052,P0092,CALLED,C01413
R001414,P0329,P0348,CALLED,C01414
R001415,P0381,P0360,CALLED,C01415
R001416,P0125,P0117,CALLED,C01416
R001417,P0074,P0022,CALLED,C01417
R001418,P0206,P0065,CALLED,C01418
R001419,P0379,P0375,CALLED,C01419
R001420,P0414,P0416,CALLED,C01420
R001421,P0374,P0338,CALLED,C01421
R001422,P0214,P0226,CALLED,C01422
R001423,P0477,P0454,CALLED,C01423
R001424,P0428,P0412,CALLED,C01424
R001425,P0118,P0148,CALLED,C01425
R001426,P0280,P0266,CALLED,C01426
R001427,P0449,P0019,CALLED,C01427
R001428,P0022,P0006,CALLED,C01428
R001429,P0158,P0431,CALLED,C01429
R001430,P0381,P0372,CALLED,C01430
R001431,P0111,P0127,CALLED,C01431
R001432,P0395,P0368,CALLED,C01432
R001433,P0009,P0025,CALLED,C01433
R001434,P0279,P0288,CALLED,C01434
R001435,P0256,P0274,CALLED,C01435
R001436,P0108,P0143,CALLED,C01436
R001437,P0352,P0390,CALLED,C01437
R001438,P0234,P0202,CALLED,C01438
R001439,P0229,P0228,CALLED,C01439
R001440,P0286,P0253,CALLED,C01440
R001441,P0313,P0331,CALLED,C01441
R001442,P0274,P0283,CALLED,C01442
R001443,P0369,P0134,CALLED,C01443
R001444,P0471,P0344,CALLED,C01444
R001445,P0459,P0059,CALLED,C01445
R001446,P0124,P0105,CALLED,C01446
R001447,P0005,P0371,CALLED,C01447
R001448,P0391,P0372,CALLED,C01448
R001449,P0062,P0056,CALLED,C01449
R001450,P0075,P0071,CALLED,C01450
R001451,P0131,P0119,CALLED,C01451
R001452,P0167,P0160,CALLED,C01452
R001453,P0299,P0265,CALLED,C01453
R001454,P0441,P0419,CALLED,C01454
R001455,P0272,P0004,CALLED,C01455
R001456,P0297,P0254,CALLED,C01456
R001457,P0071,P0088,CALLED,C01457
R001458,P0279,P0273,CALLED,C01458
R001459,P0165,P0188,CALLED,C01459
R001460,P0371,P0376,CALLED,C01460
R001461,P0327,P0302,CALLED,C01461
R001462,P0028,P0043,CALLED,C01462
R001463,P0331,P0310,CALLED,C01463
R001464,P0236,P0218,CALLED,C01464
R001465,P0132,P0143,CALLED,C01465
R001466,P0469,P0460,CALLED,C01466
R001467,P0020,P0041,CALLED,C01467
R001468,P0459,P0484,CALLED,C01468
R001469,P0355,P0352,CALLED,C01469
R001470,P0353,P0120,CALLED,C01470
R001471,P0472,P0495,CALLED,C01471
R001472,P0118,P0363,CALLED,C01472
R001473,P0021,P0033,CALLED,C01473
R001474,P0380,P0389,CALLED,C01474
R001475,P0142,P0365,CALLED,C01475
R001476,P0021,P0023,CALLED,C01476
R001477,P0249,P0161,CALLED,C01477
R001478,P0048,P0013,CALLED,C01478
R001479,P0160,P0169,CALLED,C01479
R001480,P0400,P0360,CALLED,C01480
R001481,P0257,P0268,CALLED,C01481
R001482,P0459,P0471,CALLED,C01482
R001483,P0260,P0271,CALLED,C01483
R001484,P0312,P0321,CALLED,C01484
R001485,P0021,P0453,CALLED,C01485
R001486,P0059,P0060,CALLED,C01486
R001487,P0273,P0272,CALLED,C01487
R001488,P0404,P0434,CALLED,C01488
R001489,P0064,P0079,CALLED,C01489
R001490,P0402,P0404,CALLED,C01490
R001491,P0487,P0079,CALLED,C01491
R001492,P0344,P0203,CALLED,C01492
R001493,P0336,P0305,CALLED,C01493
R001494,P0351,P0373,CALLED,C01494
R001495,P0135,P0101,CALLED,C01495
R001496,P0199,P0189,CALLED,C01496
R001497,P0229,P0202,CALLED,C01497
R001498,P0105,P0095,CALLED,C01498
R001499,P0448,P0106,CALLED,C01499
R001500,P0346,P0110,CALLED,C01500
R001501,P0214,P0233,CALLED,C01501
R001502,P0106,P0256,CALLED,C01502
R001503,P0132,P0131,CALLED,C01503
R001504,P0051,P0052,CALLED,C01504
R001505,P0347,P0337,CALLED,C01505
R001506,P0348,P0324,CALLED,C01506
R001507,P0008,P0020,CALLED,C01507
R001508,P0031,P0012,CALLED,C01508
R001509,P0495,P0486,CALLED,C01509
R001510,P0114,P0105,CALLED,C01510
R001511,P0377,P0362,CALLED,C01511
R001512,P0449,P0144,CALLED,C01512
R001513,P0213,P0216,CALLED,C01513
R001514,P0428,P0439,CALLED,C01514
R001515,P0019,P0024,CALLED,C01515
R001516,P0293,P0274,CALLED,C01516
R001517,P0476,P0474,CALLED,C01517
R001518,P0324,P0328,CALLED,C01518
R001519,P0292,P0280,CALLED,C01519
R001520,P0176,P0260,CALLED,C01520
R001521,P0294,P0072,CALLED,C01521
R001522,P0451,P0058,CALLED,C01522
R001523,P0443,P0411,CALLED,C01523
R001524,P0297,P0274,CALLED,C01524
R001525,P0298,P0277,CALLED,C01525
R001526,P0196,P0151,CALLED,C01526
R001527,P0216,P0249,CALLED,C01527
R001528,P0098,P0013,CALLED,C01528
R001529,P0055,P0067,CALLED,C01529
R001530,P0470,P0472,CALLED,C01530
R001531,P0391,P0390,CALLED,C01531
R001532,P0017,P0045,CALLED,C01532
R001533,P0217,P0353,CALLED,C01533
R001534,P0399,P0356,CALLED,C01534
R001535,P0080,P0075,CALLED,C01535
R001536,P0450,P0446,CALLED,C01536
R001537,P0138,P0144,CALLED,C01537
R001538,P0245,P0237,CALLED,C01538
R001539,P0095,P0084,CALLED,C01539
R001540,P0472,P0478,CALLED,C01540
R001541,P0366,P0351,CALLED,C01541
R001542,P0023,P0155,CALLED,C01542
R001543,P0395,P0358,CALLED,C01543
R001544,P0374,P0395,CALLED,C01544
R001545,P0077,P0081,CALLED,C01545
R001546,P0067,P0093,CALLED,C01546
R001547,P0449,P0071,CALLED,C01547
R001548,P0179,P0193,CALLED,C01548
R001549,P0337,P0095,CALLED,C01549
R001550,P0209,P0248,CALLED,C01550
R001551,P0058,P0269,CALLED,C01551
R001552,P0071,P0164,CALLED,C01552
R001553,P0381,P0364,CALLED,C01553
R001554,P0037,P0075,CALLED,C01554
R001555,P0087,P0061,CALLED,C01555
R001556,P0424,P0135,CALLED,C01556
R001557,P0015,P0099,CALLED,C01557
R001558,P0066,P0246,CALLED,C01558
R001559,P0232,P0250,CALLED,C01559
R001560,P0096,P0100,CALLED,C01560
R001561,P0230,P0242,CALLED,C01561
R001562,P0438,P0486,CALLED,C01562
R001563,P0310,P0307,CALLED,C01563
R001564,P0273,P0265,CALLED,C01564
R001565,P0305,P0263,CALLED,C01565
R001566,P0270,P0263,CALLED,C01566
R001567,P0343,P0313,CALLED,C01567
R001568,P0296,P0285,CALLED,C01568
R001569,P0241,P0216,CALLED,C01569
R001570,P0374,P0366,CALLED,C01570
R001571,P0260,P0267,CALLED,C01571
R001572,P0002,P0035,CALLED,C01572
R001573,P0438,P0418,CALLED,C01573
R001574,P0389,P0357,CALLED,C01574
R001575,P0074,P0099,CALLED,C01575
R001576,P0209,P0207,CALLED,C01576
R001577,P0072,P0090,CALLED,C01577
R001578,P0487,P0499,CALLED,C01578
R001579,P0438,P0421,CALLED,C01579
R001580,P0106,P0137,CALLED,C01580
R001581,P0315,P0316,CALLED,C01581
R001582,P0144,P0055,CALLED,C01582
R001583,P0475,P0479,CALLED,C01583
R001584,P0379,P0360,CALLED,C01584
R001585,P0214,P0244,CALLED,C01585
R001586,P0440,P0425,CALLED,C01586
R001587,P0495,P0494,CALLED,C01587
R001588,P0318,P0316,CALLED,C01588
R001589,P0352,P0479,CALLED,C01589
R001590,P0025,P0037,CALLED,C01590
R001591,P0378,P0356,CALLED,C01591
R001592,P0231,P0211,CALLED,C01592
R001593,P0153,P0175,CALLED,C01593
R001594,P0404,P0417,CALLED,C01594
R001595,P0318,P0312,CALLED,C01595
R001596,P0090,P0054,CALLED,C01596
R001597,P0121,P0009,CALLED,C01597
R001598,P0138,P0419,CALLED,C01598
R001599,P0297,P0262,CALLED,C01599
R001600,P0150,P0118,CALLED,C01600
R001601,P0104,P0131,CALLED,C01601
R001602,P0230,P0216,CALLED,C01602
R001603,P0499,P0453,CALLED,C01603
R001604,P0394,P0399,CALLED,C01604
R001605,P0239,P0493,CALLED,C01605
R001606,P0269,P0480,CALLED,C01606
R001607,P0014,P0005,CALLED,C01607
R001608,P0224,P0202,CALLED,C01608
R001609,P0129,P0138,CALLED,C01609
R001610,P0179,P0167,CALLED,C01610
R001611,P0180,P0159,CALLED,C01611
R001612,P0023,P0030,CALLED,C01612
R001613,P0436,P0431,CALLED,C01613
R001614,P0233,P0211,CALLED,C01614
R001615,P0033,P0014,CALLED,C01615
R001616,P0236,P0178,CALLED,C01616
R001617,P0399,P0382,CALLED,C01617
R001618,P0290,P0260,CALLED,C01618
R001619,P0326,P0137,CALLED,C01619
R001620,P0153,P0170,CALLED,C01620
R001621,P0128,P0136,CALLED,C01621
R001622,P0136,P0373,CALLED,C01622
R001623,P0085,P0474,CALLED,C01623
R001624,P0176,P0316,CALLED,C01624
R001625,P0291,P0293,CALLED,C01625
R001626,P0500,P0466,CALLED,C01626
R001627,P0420,P0432,CALLED,C01627
R001628,P0136,P0115,CALLED,C01628
R001629,P0358,P0278,CALLED,C01629
R001630,P0206,P0216,CALLED,C01630
R001631,P0475,P0456,CALLED,C01631
R001632,P0352,P0372,CALLED,C01632
R001633,P0252,P0476,CALLED,C01633
R001634,P0147,P0125,CALLED,C01634
R001635,P0057,P0056,CALLED,C01635
R001636,P0356,P0395,CALLED,C01636
R001637,P0224,P0244,CALLED,C01637
R001638,P0222,P0207,CALLED,C01638
R001639,P0099,P0405,CALLED,C01639
R001640,P0484,P0455,CALLED,C01640
R001641,P0407,P0432,CALLED,C01641
R001642,P0341,P0084,CALLED,C01642
R001643,P0327,P0316,CALLED,C01643
R001644,P0103,P0106,CALLED,C01644
R001645,P0065,P0077,CALLED,C01645
R001646,P0378,P0377,CALLED,C01646
R001647,P0155,P0480,CALLED,C01647
R001648,P0173,P0155,CALLED,C01648
R001649,P0238,P0338,CALLED,C01649
R001650,P0298,P0296,CALLED,C01650
R001651,P0095,P0004,CALLED,C01651
R001652,P0172,P0076,CALLED,C01652
R001653,P0465,P0104,CALLED,C01653
R001654,P0290,P0274,CALLED,C01654
R001655,P0122,P0144,CALLED,C01655
R001656,P0314,P0475,CALLED,C01656
R001657,P0486,P0469,CALLED,C01657
R001658,P0081,P0077,CALLED,C01658
R001659,P0115,P0231,CALLED,C01659
R001660,P0343,P0464,CALLED,C01660
R001661,P0179,P0166,CALLED,C01661
R001662,P0141,P0275,CALLED,C01662
R001663,P0340,P0027,CALLED,C01663
R001664,P0066,P0075,CALLED,C01664
R001665,P0306,P0322,CALLED,C01665
R001666,P0375,P0133,CALLED,C01666
R001667,P0314,P0347,CALLED,C01667
R001668,P0445,P0436,CALLED,C01668
R001669,P0002,P0489,CALLED,C01669
R001670,P0173,P0063,CALLED,C01670
R001671,P0183,P0404,CALLED,C01671
R001672,P0247,P0202,CALLED,C01672
R001673,P0413,P0431,CALLED,C01673
R001674,P0222,P0054,CALLED,C01674
R001675,P0383,P0358,CALLED,C01675
R001676,P0375,P0371,CALLED,C01676
R001677,P0473,P0452,CALLED,C01677
R001678,P0442,P0238,CALLED,C01678
R001679,P0088,P0059,CALLED,C01679
R001680,P0041,P0021,CALLED,C01680
R001681,P0054,P0070,CALLED,C01681
R001682,P0144,P0175,CALLED,C01682
R001683,P0227,P0202,CALLED,C01683
R001684,P0477,P0269,CALLED,C01684
R001685,P0163,P0455,CALLED,C01685
R001686,P0220,P0249,CALLED,C01686
R001687,P0443,P0420,CALLED,C01687
R001688,P0268,P0298,CALLED,C01688
R001689,P0353,P0381,CALLED,C01689
R001690,P0416,P0406,CALLED,C01690
R001691,P0091,P0052,CALLED,C01691
R001692,P0416,P0427,CALLED,C01692
R001693,P0182,P0186,CALLED,C01693
R001694,P0419,P0423,CALLED,C01694
R001695,P0458,P0496,CALLED,C01695
R001696,P0076,P0088,CALLED,C01696
R001697,P0458,P0493,CALLED,C01697
R001698,P0382,P0024,CALLED,C01698
R001699,P0087,P0051,CALLED,C01699
R001700,P0264,P0279,CALLED,C01700
R001701,P0167,P0211,CALLED,C01701
R001702,P0191,P0160,CALLED,C01702
R001703,P0228,P0204,CALLED,C01703
R001704,P0048,P0030,CALLED,C01704
R001705,P0212,P0228,CALLED,C01705
R001706,P0179,P0163,CALLED,C01706
R001707,P0179,P0159,CALLED,C01707
R001708,P0433,P0442,CALLED,C01708
R001709,P0068,P0093,CALLED,C01709
R001710,P0066,P0069,CALLED,C01710
R001711,P0295,P0410,CALLED,C01711
R001712,P0021,P0050,CALLED,C01712
R001713,P0097,P0070,CALLED,C01713
R001714,P0343,P0339,CALLED,C01714
R001715,P0167,P0024,CALLED,C01715
R001716,P0365,P0378,CALLED,C01716
R001717,P0119,P0211,CALLED,C01717
R001718,P0038,P0053,CALLED,C01718
R001719,P0053,P0067,CALLED,C01719
R001720,P0364,P0356,CALLED,C01720
R001721,P0406,P0307,CALLED,C01721
R001722,P0032,P0014,CALLED,C01722
R001723,P0468,P0451,CALLED,C01723
R001724,P0285,P0357,CALLED,C01724
R001725,P0213,P0212,CALLED,C01725
R001726,P0163,P0159,CALLED,C01726
R001727,P0103,P0108,CALLED,C01727
R001728,P0222,P0079,CALLED,C01728
R001729,P0253,P0285,CALLED,C01729
R001730,P0109,P0038,CALLED,C01730
R001731,P0118,P0146,CALLED,C01731
R001732,P0179,P0178,CALLED,C01732
R001733,P0197,P0200,CALLED,C01733
R001734,P0239,P0475,CALLED,C01734
R001735,P0118,P0378,CALLED,C01735
R001736,P0135,P0115,CALLED,C01736
R001737,P0124,P0276,CALLED,C01737
R001738,P0286,P0259,CALLED,C01738
R001739,P0195,P0191,CALLED,C01739
R001740,P0406,P0448,CALLED,C01740
R001741,P0173,P0016,CALLED,C01741
R001742,P0354,P0013,CALLED,C01742
R001743,P0181,P0157,CALLED,C01743
R001744,P0452,P0497,CALLED,C01744
R001745,P0259,P0331,CALLED,C01745
R001746,P0139,P0143,CALLED,C01746
R001747,P0233,P0240,CALLED,C01747
R001748,P0352,P0353,CALLED,C01748
R001749,P0256,P0274,CALLED,C01749
R001750,P0177,P0160,CALLED,C01750
R001751,P0270,P0261,CALLED,C01751
R001752,P0027,P0014,CALLED,C01752
R001753,P0252,P0300,CALLED,C01753
R001754,P0476,P0063,CALLED,C01754
R001755,P0379,P0003,CALLED,C01755
R001756,P0382,P0366,CALLED,C01756
R001757,P0076,P0068,CALLED,C01757
R001758,P0494,P0469,CALLED,C01758
R001759,P0102,P0116,CALLED,C01759
R001760,P0433,P0271,CALLED,C01760
R001761,P0025,P0019,CALLED,C01761
R001762,P0444,P0448,CALLED,C01762
R001763,P0189,P0175,CALLED,C01763
R001764,P0375,P0370,CALLED,C01764
R001765,P0433,P0402,CALLED,C01765
R001766,P0434,P0412,CALLED,C01766
R001767,P0044,P0045,CALLED,C01767
R001768,P0150,P0123,CALLED,C01768
R001769,P0417,P0438,CALLED,C01769
R001770,P0413,P0053,CALLED,C01770
R001771,P0085,P0054,CALLED,C01771
R001772,P0126,P0142,CALLED,C01772
R001773,P0371,P0040,CALLED,C01773
R001774,P0275,P0257,CALLED,C01774
R001775,P0269,P0457,CALLED,C01775
R001776,P0016,P0301,CALLED,C01776
R001777,P0484,P0451,CALLED,C01777
R001778,P0367,P0397,CALLED,C01778
R001779,P0452,P0318,CALLED,C01779
R001780,P0005,P0020,CALLED,C01780
R001781,P0469,P0457,CALLED,C01781
R001782,P0038,P0009,CALLED,C01782
R001783,P0311,P0309,CALLED,C01783
R001784,P0305,P0306,CALLED,C01784
R001785,P0427,P0448,CALLED,C01785
R001786,P0173,P0122,CALLED,C01786
R001787,P0058,P0098,CALLED,C01787
R001788,P0029,P0267,CALLED,C01788
R001789,P0391,P0014,CALLED,C01789
R001790,P0157,P0162,CALLED,C01790
R001791,P0261,P0282,CALLED,C01791
R001792,P0378,P0399,CALLED,C01792
R001793,P0008,P0016,CALLED,C01793
R001794,P0400,P0100,CALLED,C01794
R001795,P0271,P0070,CALLED,C01795
R001796,P0054,P0057,CALLED,C01796
R001797,P0033,P0024,CALLED,C01797
R001798,P0046,P0029,CALLED,C01798
R001799,P0350,P0340,CALLED,C01799
R001800,P0498,P0497,CALLED,C01800
R001801,P0288,P0275,CALLED,C01801
R001802,P0420,P0437,CALLED,C01802
R001803,P0414,P0420,CALLED,C01803
R001804,P0404,P0427,CALLED,C01804
R001805,P0399,P0377,CALLED,C01805
R001806,P0184,P0189,CALLED,C01806
R001807,P0409,P0443,CALLED,C01807
R001808,P0492,P0209,CALLED,C01808
R001809,P0410,P0426,CALLED,C01809
R001810,P0086,P0075,CALLED,C01810
R001811,P0111,P0008,CALLED,C01811
R001812,P0414,P0271,CALLED,C01812
R001813,P0200,P0168,CALLED,C01813
R001814,P0140,P0321,CALLED,C01814
R001815,P0151,P0193,CALLED,C01815
R001816,P0008,P0049,CALLED,C01816
R001817,P0472,P0452,CALLED,C01817
R001818,P0206,P0219,CALLED,C01818
R001819,P0141,P0134,CALLED,C01819
R001820,P0047,P0024,CALLED,C01820
R001821,P0226,P0227,CALLED,C01821
R001822,P0372,P0207,CALLED,C01822
R001823,P0406,P0448,CALLED,C01823
R001824,P0473,P0025,CALLED,C01824
R001825,P0135,P0012,CALLED,C01825
R001826,P0163,P0180,CALLED,C01826
R001827,P0113,P0123,CALLED,C01827
R001828,P0161,P0194,CALLED,C01828
R001829,P0199,P0178,CALLED,C01829
R001830,P0385,P0387,CALLED,C01830
R001831,P0419,P0420,CALLED,C01831
R001832,P0166,P0025,CALLED,C01832
R001833,P0078,P0068,CALLED,C01833
R001834,P0076,P0081,CALLED,C01834
R001835,P0112,P0105,CALLED,C01835
R001836,P0458,P0421,CALLED,C01836
R001837,P0311,P0337,CALLED,C01837
R001838,P0315,P0335,CALLED,C01838
R001839,P0277,P0252,CALLED,C01839
R001840,P0012,P0253,CALLED,C01840
R001841,P0026,P0032,CALLED,C01841
R001842,P0008,P0187,CALLED,C01842
R001843,P0112,P0115,CALLED,C01843
R001844,P0348,P0448,CALLED,C01844
R001845,P0352,P0136,CALLED,C01845
R001846,P0105,P0137,CALLED,C01846
R001847,P0489,P0021,CALLED,C01847
R001848,P0402,P0411,CALLED,C01848
R001849,P0355,P0374,CALLED,C01849
R001850,P0242,P0209,CALLED,C01850
R001851,P0092,P0056,CALLED,C01851
R001852,P0045,P0042,CALLED,C01852
R001853,P0426,P0429,CALLED,C01853
R001854,P0479,P0468,CALLED,C01854
R001855,P0382,P0390,CALLED,C01855
R001856,P0259,P0255,CALLED,C01856
R001857,P0398,P0353,CALLED,C01857
R001858,P0174,P0154,CALLED,C01858
R001859,P0200,P0196,CALLED,C01859
R001860,P0061,P0068,CALLED,C01860
R001861,P0134,P0126,CALLED,C01861
R001862,P0469,P0462,CALLED,C01862
R001863,P0434,P0138,CALLED,C01863
R001864,P0457,P0472,CALLED,C01864
R001865,P0297,P0281,CALLED,C01865
R001866,P0465,P0495,CALLED,C01866
R001867,P0407,P0436,CALLED,C01867
R001868,P0336,P0321,CALLED,C01868
R001869,P0148,P0423,CALLED,C01869
R001870,P0094,P0083,CALLED,C01870
R001871,P0104,P0113,CALLED,C01871
R001872,P0264,P0276,CALLED,C01872
R001873,P0263,P0257,CALLED,C01873
R001874,P0244,P0373,CALLED,C01874
R001875,P0468,P0460,CALLED,C01875
R001876,P0340,P0334,CALLED,C01876
R001877,P0497,P0459,CALLED,C01877
R001878,P0434,P0436,CALLED,C01878
R001879,P0286,P0415,CALLED,C01879
R001880,P0385,P0379,CALLED,C01880
R001881,P0422,P0448,CALLED,C01881
R001882,P0408,P0444,CALLED,C01882
R001883,P0120,P0140,CALLED,C01883
R001884,P0003,P0010,CALLED,C01884
R001885,P0159,P0192,CALLED,C01885
R001886,P0021,P0022,CALLED,C01886
R001887,P0144,P0107,CALLED,C01887
R001888,P0325,P0338,CALLED,C01888
R001889,P0397,P0369,CALLED,C01889
R001890,P0448,P0446,CALLED,C01890
R001891,P0146,P0135,CALLED,C01891
R001892,P0460,P0492,CALLED,C01892
R001893,P0006,P0034,CALLED,C01893
R001894,P0430,P0423,CALLED,C01894
R001895,P0093,P0080,CALLED,C01895
R001896,P0267,P0298,CALLED,C01896
R001897,P0137,P0103,CALLED,C01897
R001898,P0438,P0343,CALLED,C01898
R001899,P0201,P0028,CALLED,C01899
R001900,P0394,P0364,CALLED,C01900
R001901,P0336,P0299,CALLED,C01901
R001902,P0487,P0490,CALLED,C01902
R001903,P0376,P0219,CALLED,C01903
R001904,P0410,P0416,CALLED,C01904
R001905,P0439,P0458,CALLED,C01905
R001906,P0397,P0392,CALLED,C01906
R001907,P0319,P0316,CALLED,C01907
R001908,P0390,P0396,CALLED,C01908
R001909,P0462,P0479,CALLED,C01909
R001910,P0480,P0499,CALLED,C01910
R001911,P0259,P0288,CALLED,C01911
R001912,P0276,P0297,CALLED,C01912
R001913,P0136,P0390,CALLED,C01913
R001914,P0437,P0429,CALLED,C01914
R001915,P0262,P0266,CALLED,C01915
R001916,P0216,P0225,CALLED,C01916
R001917,P0355,P0373,CALLED,C01917
R001918,P0142,P0137,CALLED,C01918
R001919,P0070,P0063,CALLED,C01919
R001920,P0463,P0451,CALLED,C01920
R001921,P0060,P0076,CALLED,C01921
R001922,P0108,P0144,CALLED,C01922
R001923,P0500,P0498,CALLED,C01923
R001924,P0103,P0108,CALLED,C01924
R001925,P0449,P0429,CALLED,C01925
R001926,P0463,P0478,CALLED,C01926
R001927,P0392,P0393,CALLED,C01927
R001928,P0145,P0091,CALLED,C01928
R001929,P0409,P0422,CALLED,C01929
R001930,P0225,P0209,CALLED,C01930
R001931,P0180,P0370,CALLED,C01931
R001932,P0110,P0367,CALLED,C01932
R001933,P0398,P0050,CALLED,C01933
R001934,P0286,P0271,CALLED,C01934
R001935,P0017,P0005,CALLED,C01935
R001936,P0290,P0261,CALLED,C01936
R001937,P0490,P0454,CALLED,C01937
R001938,P0452,P0477,CALLED,C01938
R001939,P0072,P0071,CALLED,C01939
R001940,P0203,P0216,CALLED,C01940
R001941,P0208,P0490,CALLED,C01941
R001942,P0240,P0205,CALLED,C01942
R001943,P0312,P0316,CALLED,C01943
R001944,P0008,P0003,CALLED,C01944
R001945,P0152,P0198,CALLED,C01945
R001946,P0082,P0061,CALLED,C01946
R001947,P0279,P0257,CALLED,C01947
R001948,P0361,P0032,CALLED,C01948
R001949,P0066,P0054,CALLED,C01949
R001950,P0417,P0446,CALLED,C01950
R001951,P0312,P0308,CALLED,C01951
R001952,P0434,P0444,CALLED,C01952
R001953,P0352,P0364,CALLED,C01953
R001954,P0412,P0447,CALLED,C01954
R001955,P0430,P0224,CALLED,C01955
R001956,P0416,P0409,CALLED,C01956
R001957,P0307,P0320,CALLED,C01957
R001958,P0026,P0229,CALLED,C01958
R001959,P0238,P0216,CALLED,C01959
R001960,P0266,P0293,CALLED,C01960
R001961,P0403,P0438,CALLED,C01961
R001962,P0203,P0402,CALLED,C01962
R001963,P0479,P0494,CALLED,C01963
R001964,P0053,P0211,CALLED,C01964
R001965,P0032,P0031,CALLED,C01965
R001966,P0224,P0094,CALLED,C01966
R001967,P0090,P0079,CALLED,C01967
R001968,P0343,P0309,CALLED,C01968
R001969,P0411,P0407,CALLED,C01969
R001970,P0041,P0043,CALLED,C01970
R001971,P0487,P0483,CALLED,C01971
R001972,P0375,P0429,CALLED,C01972
R001973,P0476,P0205,CALLED,C01973
R001974,P0232,P0485,CALLED,C01974
R001975,P0383,P0374,CALLED,C01975
R001976,P0133,P0277,CALLED,C01976
R001977,P0113,P0125,CALLED,C01977
R001978,P0343,P0044,CALLED,C01978
R001979,P0308,P0344,CALLED,C01979
R001980,P0201,P0297,CALLED,C01980
R001981,P0265,P0296,CALLED,C01981
R001982,P0303,P0332,CALLED,C01982
R001983,P0297,P0275,CALLED,C01983
R001984,P0039,P0027,CALLED,C01984
R001985,P0240,P0228,CALLED,C01985
R001986,P0351,P0360,CALLED,C01986
R001987,P0183,P0297,CALLED,C01987
R001988,P0101,P0133,CALLED,C01988
R001989,P0190,P0153,CALLED,C01989
R001990,P0429,P0439,CALLED,C01990
R001991,P0064,P0058,CALLED,C01991
R001992,P0448,P0105,CALLED,C01992
R001993,P0022,P0012,CALLED,C01993
R001994,P0322,P0350,CALLED,C01994
R001995,P0254,P0075,CALLED,C01995
R001996,P0013,P0045,CALLED,C01996
R001997,P0081,P0099,CALLED,C01997
R001998,P0239,P0235,CALLED,C01998
R001999,P0237,P0427,CALLED,C01999
R002000,P0407,P0415,CALLED,C02000
R002001,P0235,P0228,CALLED,C02001
R002002,P0425,P0437,CALLED,C02002
R002003,P0293,P0254,CALLED,C02003
R002004,P0374,P0366,CALLED,C02004
R002005,P0078,P0094,CALLED,C02005
R002006,P0107,P0216,CALLED,C02006
R002007,P0467,P0471,CALLED,C02007
R002008,P0039,P0042,CALLED,C02008
R002009,P0129,P0092,CALLED,C02009
R002010,P0380,P0442,CALLED,C02010
R002011,P0317,P0311,CALLED,C02011
R002012,P0251,P0388,CALLED,C02012
R002013,P0250,P0221,CALLED,C02013
R002014,P0174,P0167,CALLED,C02014
R002015,P0173,P0359,CALLED,C02015
R002016,P0265,P0254,CALLED,C02016
R002017,P0061,P0090,CALLED,C02017
R002018,P0395,P0393,CALLED,C02018
R002019,P0302,P0307,CALLED,C02019
R002020,P0417,P0435,CALLED,C02020
R002021,P0388,P0384,CALLED,C02021
R002022,P0062,P0087,CALLED,C02022
R002023,P0317,P0311,CALLED,C02023
R002024,P0028,P0105,CALLED,C02024
R002025,P0323,P0345,CALLED,C02025
R002026,P0124,P0117,CALLED,C02026
R002027,P0183,P0171,CALLED,C02027
R002028,P0317,P0320,CALLED,C02028
R002029,P0446,P0101,CALLED,C02029
R002030,P0230,P0147,CALLED,C02030
R002031,P0349,P0314,CALLED,C02031
R002032,P0013,P0036,CALLED,C02032
R002033,P0182,P0366,CALLED,C02033
R002034,P0316,P0303,CALLED,C02034
R002035,P0465,P0471,CALLED,C02035
R002036,P0170,P0151,CALLED,C02036
R002037,P0329,P0331,CALLED,C02037
R002038,P0118,P0117,CALLED,C02038
R002039,P0414,P0435,CALLED,C02039
R002040,P0407,P0401,CALLED,C02040
R002041,P0383,P0393,CALLED,C02041
R002042,P0291,P0297,CALLED,C02042
R002043,P0392,P0354,CALLED,C02043
R002044,P0054,P0141,CALLED,C02044
R002045,P0097,P0089,CALLED,C02045
R002046,P0186,P0192,CALLED,C02046
R002047,P0457,P0460,CALLED,C02047
R002048,P0137,P0114,CALLED,C02048
R002049,P0414,P0411,CALLED,C02049
R002050,P0162,P0151,CALLED,C02050
R002051,P0308,P0303,CALLED,C02051
R002052,P0347,P0247,CALLED,C02052
R002053,P0097,P0191,CALLED,C02053
R002054,P0121,P0460,CALLED,C02054
R002055,P0031,P0018,CALLED,C02055
R002056,P0227,P0238,CALLED,C02056
R002057,P0197,P0200,CALLED,C02057
R002058,P0222,P0248,CALLED,C02058
R002059,P0024,P0224,CALLED,C02059
R002060,P0042,P0026,CALLED,C02060
R002061,P0169,P0151,CALLED,C02061
R002062,P0468,P0500,CALLED,C02062
R002063,P0449,P0413,CALLED,C02063
R002064,P0335,P0347,CALLED,C02064
R002065,P0271,P0120,CALLED,C02065
R002066,P0444,P0443,CALLED,C02066
R002067,P0478,P0462,CALLED,C02067
R002068,P0012,P0355,CALLED,C02068
R002069,P0280,P0291,CALLED,C02069
R002070,P0049,P0037,CALLED,C02070
R002071,P0421,P0408,CALLED,C02071
R002072,P0132,P0119,CALLED,C02072
R002073,P0410,P0418,CALLED,C02073
R002074,P0224,P0137,CALLED,C02074
R002075,P0455,P0479,CALLED,C02075
R002076,P0188,P0137,CALLED,C02076
R002077,P0021,P0028,CALLED,C02077
R002078,P0188,P0255,CALLED,C02078
R002079,P0315,P0346,CALLED,C02079
R002080,P0118,P0131,CALLED,C02080
R002081,P0201,P0204,CALLED,C02081
R002082,P0246,P0229,CALLED,C02082
R002083,P0450,P0424,CALLED,C02083
R002084,P0329,P0358,CALLED,C02084
R002085,P0313,P0092,CALLED,C02085
R002086,P0306,P0348,CALLED,C02086
R002087,P0459,P0463,CALLED,C02087
R002088,P0001,P0031,CALLED,C02088
R002089,P0236,P0246,CALLED,C02089
R002090,P0268,P0240,CALLED,C02090
R002091,P0212,P0177,CALLED,C02091
R002092,P0212,P0429,CALLED,C02092
R002093,P0104,P0413,CALLED,C02093
R002094,P0372,P0397,CALLED,C02094
R002095,P0443,P0440,CALLED,C02095
R002096,P0214,P0247,CALLED,C02096
R002097,P0127,P0134,CALLED,C02097
R002098,P0329,P0313,CALLED,C02098
R002099,P0258,P0100,CALLED,C02099
R002100,P0226,P0209,CALLED,C02100
R002101,P0475,P0142,CALLED,C02101
R002102,P0276,P0261,CALLED,C02102
R002103,P0422,P0450,CALLED,C02103
R002104,P0342,P0308,CALLED,C02104
R002105,P0425,P0407,CALLED,C02105
R002106,P0394,P0375,CALLED,C02106
R002107,P0346,P0340,CALLED,C02107
R002108,P0094,P0062,CALLED,C02108
R002109,P0287,P0273,CALLED,C02109
R002110,P0359,P0471,CALLED,C02110
R002111,P0123,P0142,CALLED,C02111
R002112,P0203,P0232,CALLED,C02112
R002113,P0238,P0305,CALLED,C02113
R002114,P0193,P0199,CALLED,C02114
R002115,P0319,P0111,CALLED,C02115
R002116,P0458,P0451,CALLED,C02116
R002117,P0440,P0445,CALLED,C02117
R002118,P0065,P0092,CALLED,C02118
R002119,P0184,P0178,CALLED,C02119
R002120,P0275,P0255,CALLED,C02120
R002121,P0007,P0330,CALLED,C02121
R002122,P0425,P0446,CALLED,C02122
R002123,P0257,P0137,CALLED,C02123
R002124,P0220,P0238,CALLED,C02124
R002125,P0375,P0399,CALLED,C02125
R002126,P0251,P0255,CALLED,C02126
R002127,P0312,P0319,CALLED,C02127
R002128,P0143,P0137,CALLED,C02128
R002129,P0036,P0008,CALLED,C02129
R002130,P0024,P0183,CALLED,C02130
R002131,P0333,P0317,CALLED,C02131
R002132,P0329,P0315,CALLED,C02132
R002133,P0473,P0467,CALLED,C02133
R002134,P0462,P0456,CALLED,C02134
R002135,P0303,P0315,CALLED,C02135
R002136,P0453,P0356,CALLED,C02136
R002137,P0230,P0202,CALLED,C02137
R002138,P0432,P0083,CALLED,C02138
R002139,P0107,P0142,CALLED,C02139
R002140,P0268,P0294,CALLED,C02140
R002141,P0307,P0350,CALLED,C02141
R002142,P0436,P0406,CALLED,C02142
R002143,P0075,P0086,CALLED,C02143
R002144,P0246,P0274,CALLED,C02144
R002145,P0481,P0462,CALLED,C02145
R002146,P0409,P0411,CALLED,C02146
R002147,P0469,P0485,CALLED,C02147
R002148,P0068,P0082,CALLED,C02148
R002149,P0441,P0269,CALLED,C02149
R002150,P0148,P0141,CALLED,C02150
R002151,P0142,P0480,CALLED,C02151
R002152,P0145,P0107,CALLED,C02152
R002153,P0389,P0067,CALLED,C02153
R002154,P0313,P0301,CALLED,C02154
R002155,P0226,P0234,CALLED,C02155
R002156,P0159,P0200,CALLED,C02156
R002157,P0046,P0213,CALLED,C02157
R002158,P0082,P0299,CALLED,C02158
R002159,P0380,P0278,CALLED,C02159
R002160,P0456,P0463,CALLED,C02160
R002161,P0336,P0324,CALLED,C02161
R002162,P0310,P0306,CALLED,C02162
R002163,P0220,P0242,CALLED,C02163
R002164,P0500,P0463,CALLED,C02164
R002165,P0475,P0461,CALLED,C02165
R002166,P0308,P0306,CALLED,C02166
R002167,P0292,P0286,CALLED,C02167
R002168,P0441,P0403,CALLED,C02168
R002169,P0477,P0209,CALLED,C02169
R002170,P0365,P0044,CALLED,C02170
R002171,P0159,P0197,CALLED,C02171
R002172,P0285,P0266,CALLED,C02172
R002173,P0124,P0040,CALLED,C02173
R002174,P0024,P0047,CALLED,C02174
R002175,P0289,P0346,CALLED,C02175
R002176,P0247,P0250,CALLED,C02176
R002177,P0368,P0376,CALLED,C02177
R002178,P0078,P0064,CALLED,C02178
R002179,P0035,P0045,CALLED,C02179
R002180,P0262,P0299,CALLED,C02180
R002181,P0320,P0329,CALLED,C02181
R002182,P0142,P0070,CALLED,C02182
R002183,P0308,P0319,CALLED,C02183
R002184,P0161,P0177,CALLED,C02184
R002185,P0029,P0037,CALLED,C02185
R002186,P0002,P0035,CALLED,C02186
R002187,P0073,P0478,CALLED,C02187
R002188,P0418,P0421,CALLED,C02188
R002189,P0091,P0222,CALLED,C02189
R002190,P0363,P0392,CALLED,C02190
R002191,P0322,P0348,CALLED,C02191
R002192,P0326,P0344,CALLED,C02192
R002193,P0204,P0242,CALLED,C02193
R002194,P0417,P0225,CALLED,C02194
R002195,P0003,P0002,CALLED,C02195
R002196,P0121,P0130,CALLED,C02196
R002197,P0495,P0458,CALLED,C02197
R002198,P0103,P0113,CALLED,C02198
R002199,P0134,P0150,CALLED,C02199
R002200,P0366,P0373,CALLED,C02200
R002201,P0441,P0338,CALLED,C02201
R002202,P0365,P0395,CALLED,C02202
R002203,P0281,P0295,CALLED,C02203
R002204,P0306,P0333,CALLED,C02204
R002205,P0283,P0500,CALLED,C02205
R002206,P0099,P0083,CALLED,C02206
R002207,P0358,P0360,CALLED,C02207
R002208,P0444,P0436,CALLED,C02208
R002209,P0346,P0349,CALLED,C02209
R002210,P0279,P0299,CALLED,C02210
R002211,P0079,P0073,CALLED,C02211
R002212,P0150,P0130,CALLED,C02212
R002213,P0112,P0147,CALLED,C02213
R002214,P0317,P0173,CALLED,C02214
R002215,P0366,P0355,CALLED,C02215
R002216,P0368,P0357,CALLED,C02216
R002217,P0420,P0450,CALLED,C02217
R002218,P0065,P0100,CALLED,C02218
R002219,P0243,P0226,CALLED,C02219
R002220,P0297,P0268,CALLED,C02220
R002221,P0141,P0143,CALLED,C02221
R002222,P0500,P0494,CALLED,C02222
R002223,P0087,P0097,CALLED,C02223
R002224,P0373,P0362,CALLED,C02224
R002225,P0128,P0111,CALLED,C02225
R002226,P0060,P0070,CALLED,C02226
R002227,P0318,P0207,CALLED,C02227
R002228,P0484,P0481,CALLED,C02228
R002229,P0119,P0041,CALLED,C02229
R002230,P0030,P0022,CALLED,C02230
R002231,P0191,P0194,CALLED,C02231
R002232,P0322,P0320,CALLED,C02232
R002233,P0060,P0053,CALLED,C02233
R002234,P0397,P0179,CALLED,C02234
R002235,P0369,P0381,CALLED,C02235
R002236,P0430,P0426,CALLED,C02236
R002237,P0237,P0229,CALLED,C02237
R002238,P0278,P0295,CALLED,C02238
R002239,P0271,P0295,CALLED,C02239
R002240,P0290,P0219,CALLED,C02240
R002241,P0290,P0333,CALLED,C02241
R002242,P0154,P0195,CALLED,C02242
R002243,P0258,P0261,CALLED,C02243
R002244,P0156,P0171,CALLED,C02244
R002245,P0391,P0172,CALLED,C02245
R002246,P0299,P0267,CALLED,C02246
R002247,P0406,P0460,CALLED,C02247
R002248,P0302,P0126,CALLED,C02248
R002249,P0369,P0365,CALLED,C02249
R002250,P0429,P0337,CALLED,C02250
R002251,P0139,P0147,CALLED,C02251
R002252,P0438,P0418,CALLED,C02252
R002253,P0390,P0293,CALLED,C02253
R002254,P0399,P0353,CALLED,C02254
R002255,P0241,P0246,CALLED,C02255
R002256,P0065,P0020,CALLED,C02256
R002257,P0225,P0205,CALLED,C02257
R002258,P0010,P0048,CALLED,C02258
R002259,P0372,P0376,CALLED,C02259
R002260,P0472,P0491,CALLED,C02260
R002261,P0313,P0112,CALLED,C02261
R002262,P0245,P0221,CALLED,C02262
R002263,P0436,P0424,CALLED,C02263
R002264,P0311,P0343,CALLED,C02264
R002265,P0117,P0127,CALLED,C02265
R002266,P0396,P0388,CALLED,C02266
R002267,P0277,P0426,CALLED,C02267
R002268,P0137,P0118,CALLED,C02268
R002269,P0335,P0046,CALLED,C02269
R002270,P0020,P0014,CALLED,C02270
R002271,P0428,P0188,CALLED,C02271
R002272,P0228,P0226,CALLED,C02272
R002273,P0386,P0473,CALLED,C02273
R002274,P0320,P0407,CALLED,C02274
R002275,P0457,P0464,CALLED,C02275
R002276,P0330,P0329,CALLED,C02276
R002277,P0187,P0478,CALLED,C02277
R002278,P0299,P0271,CALLED,C02278
R002279,P0154,P0156,CALLED,C02279
R002280,P0418,P0250,CALLED,C02280
R002281,P0103,P0109,CALLED,C02281
R002282,P0111,P0143,CALLED,C02282
R002283,P0317,P0343,CALLED,C02283
R002284,P0371,P0367,CALLED,C02284
R002285,P0026,P0198,CALLED,C02285
R002286,P0226,P0079,CALLED,C02286
R002287,P0033,P0093,CALLED,C02287
R002288,P0419,P0446,CALLED,C02288
R002289,P0249,P0128,CALLED,C02289
R002290,P0052,P0067,CALLED,C02290
R002291,P0403,P0416,CALLED,C02291
R002292,P0080,P0054,CALLED,C02292
R002293,P0257,P0288,CALLED,C02293
R002294,P0460,P0392,CALLED,C02294
R002295,P0375,P0398,CALLED,C02295
R002296,P0024,P0019,CALLED,C02296
R002297,P0294,P0267,CALLED,C02297
R002298,P0001,P0355,CALLED,C02298
R002299,P0020,P0033,CALLED,C02299
R002300,P0352,P0361,CALLED,C02300
R002301,P0351,P0179,CALLED,C02301
R002302,P0495,P0462,CALLED,C02302
R002303,P0498,P0471,CALLED,C02303
R002304,P0243,P0164,CALLED,C02304
R002305,P0076,P0073,CALLED,C02305
R002306,P0497,P0461,CALLED,C02306
R002307,P0314,P0303,CALLED,C02307
R002308,P0180,P0193,CALLED,C02308
R002309,P0103,P0128,CALLED,C02309
R002310,P0042,P0043,CALLED,C02310
R002311,P0449,P0403,CALLED,C02311
R002312,P0105,P0142,CALLED,C02312
R002313,P0191,P0384,CALLED,C02313
R002314,P0410,P0428,CALLED,C02314
R002315,P0054,P0391,CALLED,C02315
R002316,P0320,P0349,CALLED,C02316
R002317,P0091,P0292,CALLED,C02317
R002318,P0284,P0271,CALLED,C02318
R002319,P0397,P0382,CALLED,C02319
R002320,P0108,P0140,CALLED,C02320
R002321,P0162,P0152,CALLED,C02321
R002322,P0235,P0214,CALLED,C02322
R002323,P0291,P0396,CALLED,C02323
R002324,P0338,P0340,CALLED,C02324
R002325,P0445,P0413,CALLED,C02325
R002326,P0328,P0327,CALLED,C02326
R002327,P0001,P0023,CALLED,C02327
R002328,P0313,P0307,CALLED,C02328
R002329,P0139,P0126,CALLED,C02329
R002330,P0127,P0140,CALLED,C02330
R002331,P0335,P0345,CALLED,C02331
R002332,P0440,P0117,CALLED,C02332
R002333,P0257,P0313,CALLED,C02333
R002334,P0083,P0072,CALLED,C02334
R002335,P0357,P0366,CALLED,C02335
R002336,P0063,P0060,CALLED,C02336
R002337,P0433,P0447,CALLED,C02337
R002338,P0296,P0299,CALLED,C02338
R002339,P0028,P0049,CALLED,C02339
R002340,P0434,P0407,CALLED,C02340
R002341,P0377,P0358,CALLED,C02341
R002342,P0215,P0297,CALLED,C02342
R002343,P0148,P0144,CALLED,C02343
R002344,P0335,P0325,CALLED,C02344
R002345,P0364,P0370,CALLED,C02345
R002346,P0049,P0029,CALLED,C02346
R002347,P0360,P0399,CALLED,C02347
R002348,P0294,P0317,CALLED,C02348
R002349,P0480,P0470,CALLED,C02349
R002350,P0205,P0233,CALLED,C02350
R002351,P0058,P0211,CALLED,C02351
R002352,P0264,P0276,CALLED,C02352
R002353,P0221,P0201,CALLED,C02353
R002354,P0168,P0495,CALLED,C02354
R002355,P0353,P0376,CALLED,C02355
R002356,P0412,P0418,CALLED,C02356
R002357,P0437,P0436,CALLED,C02357
R002358,P0243,P0235,CALLED,C02358
R002359,P0086,P0073,CALLED,C02359
R002360,P0229,P0404,CALLED,C02360
R002361,P0297,P0275,CALLED,C02361
R002362,P0023,P0025,CALLED,C02362
R002363,P0385,P0393,CALLED,C02363
R002364,P0397,P0352,CALLED,C02364
R002365,P0412,P0018,CALLED,C02365
R002366,P0054,P0065,CALLED,C02366
R002367,P0026,P0031,CALLED,C02367
R002368,P0206,P0420,CALLED,C02368
R002369,P0108,P0121,CALLED,C02369
R002370,P0350,P0312,CALLED,C02370
R002371,P0191,P0192,CALLED,C02371
R002372,P0320,P0335,CALLED,C02372
R002373,P0261,P0257,CALLED,C02373
R002374,P0059,P0069,CALLED,C02374
R002375,P0454,P0451,CALLED,C02375
R002376,P0477,P0445,CALLED,C02376
R002377,P0382,P0361,CALLED,C02377
R002378,P0317,P0178,CALLED,C02378
R002379,P0138,P0143,CALLED,C02379
R002380,P0257,P0276,CALLED,C02380
R002381,P0355,P0354,CALLED,C02381
R002382,P0456,P0467,CALLED,C02382
R002383,P0291,P0264,CALLED,C02383
R002384,P0375,P0381,CALLED,C02384
R002385,P0480,P0463,CALLED,C02385
R002386,P0383,P0385,CALLED,C02386
R002387,P0055,P0095,CALLED,C02387
R002388,P0033,P0031,CALLED,C02388
R002389,P0246,P0279,CALLED,C02389
R002390,P0294,P0255,CALLED,C02390
R002391,P0171,P0197,CALLED,C02391
R002392,P0073,P0078,CALLED,C02392
R002393,P0379,P0398,CALLED,C02393
R002394,P0070,P0065,CALLED,C02394
R002395,P0341,P0328,CALLED,C02395
R002396,P0045,P0003,CALLED,C02396
R002397,P0187,P0152,CALLED,C02397
R002398,P0085,P0089,CALLED,C02398
R002399,P0225,P0218,CALLED,C02399
R002400,P0361,P0386,CALLED,C02400
R002401,P0409,P0434,CALLED,C02401
R002402,P0398,P0388,CALLED,C02402
R002403,P0154,P0271,CALLED,C02403
R002404,P0237,P0008,CALLED,C02404
R002405,P0135,P0474,CALLED,C02405
R002406,P0106,P0218,CALLED,C02406
R002407,P0054,P0043,CALLED,C02407
R002408,P0422,P0449,CALLED,C02408
R002409,P0482,P0485,CALLED,C02409
R002410,P0012,P0378,CALLED,C02410
R002411,P0271,P0260,CALLED,C02411
R002412,P0192,P0046,CALLED,C02412
R002413,P0238,P0493,CALLED,C02413
R002414,P0302,P0348,CALLED,C02414
R002415,P0409,P0437,CALLED,C02415
R002416,P0197,P0178,CALLED,C02416
R002417,P0407,P0433,CALLED,C02417
R002418,P0154,P0109,CALLED,C02418
R002419,P0408,P0403,CALLED,C02419
R002420,P0356,P0364,CALLED,C02420
R002421,P0173,P0166,CALLED,C02421
R002422,P0306,P0324,CALLED,C02422
R002423,P0325,P0316,CALLED,C02423
R002424,P0060,P0052,CALLED,C02424
R002425,P0416,P0431,CALLED,C02425
R002426,P0350,P0342,CALLED,C02426
R002427,P0406,P0425,CALLED,C02427
R002428,P0090,P0095,CALLED,C02428
R002429,P0227,P0217,CALLED,C02429
R002430,P0401,P0409,CALLED,C02430
R002431,P0178,P0159,CALLED,C02431
R002432,P0449,P0438,CALLED,C02432
R002433,P0295,P0211,CALLED,C02433
R002434,P0491,P0495,CALLED,C02434
R002435,P0240,P0233,CALLED,C02435
R002436,P0180,P0058,CALLED,C02436
R002437,P0358,P0380,CALLED,C02437
R002438,P0492,P0287,CALLED,C02438
R002439,P0421,P0139,CALLED,C02439
R002440,P0462,P0034,CALLED,C02440
R002441,P0283,P0265,CALLED,C02441
R002442,P0207,P0215,CALLED,C02442
R002443,P0179,P0099,CALLED,C02443
R002444,P0267,P0261,CALLED,C02444
R002445,P0120,P0458,CALLED,C02445
R002446,P0101,P0118,CALLED,C02446
R002447,P0207,P0237,CALLED,C02447
R002448,P0330,P0039,CALLED,C02448
R002449,P0110,P0149,CALLED,C02449
R002450,P0317,P0337,CALLED,C02450
R002451,P0370,P0360,CALLED,C02451
R002452,P0057,P0085,CALLED,C02452
R002453,P0095,P0075,CALLED,C02453
R002454,P0395,P0392,CALLED,C02454
R002455,P0300,P0266,CALLED,C02455
R002456,P0263,P0277,CALLED,C02456
R002457,P0004,P0007,CALLED,C02457
R002458,P0014,P0409,CALLED,C02458
R002459,P0042,P0029,CALLED,C02459
R002460,P0337,P0303,CALLED,C02460
R002461,P0052,P0067,CALLED,C02461
R002462,P0406,P0058,CALLED,C02462
R002463,P0494,P0036,CALLED,C02463
R002464,P0304,P0310,CALLED,C02464
R002465,P0106,P0142,CALLED,C02465
R002466,P0468,P0499,CALLED,C02466
R002467,P0248,P0229,CALLED,C02467
R002468,P0127,P0142,CALLED,C02468
R002469,P0092,P0080,CALLED,C02469
R002470,P0295,P0273,CALLED,C02470
R002471,P0493,P0458,CALLED,C02471
R002472,P0335,P0326,CALLED,C02472
R002473,P0131,P0246,CALLED,C02473
R002474,P0375,P0354,CALLED,C02474
R002475,P0033,P0048,CALLED,C02475
R002476,P0057,P0293,CALLED,C02476
R002477,P0320,P0303,CALLED,C02477
R002478,P0394,P0458,CALLED,C02478
R002479,P0403,P0167,CALLED,C02479
R002480,P0353,P0383,CALLED,C02480
R002481,P0228,P0212,CALLED,C02481
R002482,P0103,P0381,CALLED,C02482
R002483,P0251,P0264,CALLED,C02483
R002484,P0316,P0319,CALLED,C02484
R002485,P0034,P0037,CALLED,C02485
R002486,P0012,P0297,CALLED,C02486
R002487,P0072,P0351,CALLED,C02487
R002488,P0296,P0373,CALLED,C02488
R002489,P0447,P0422,CALLED,C02489
R002490,P0225,P0216,CALLED,C02490
R002491,P0166,P0178,CALLED,C02491
R002492,P0043,P0476,CALLED,C02492
R002493,P0442,P0424,CALLED,C02493
R002494,P0159,P0077,CALLED,C02494
R002495,P0171,P0199,CALLED,C02495
R002496,P0337,P0339,CALLED,C02496
R002497,P0222,P0227,CALLED,C02497
R002498,P0242,P0247,CALLED,C02498
R002499,P0353,P0260,CALLED,C02499
R002500,P0201,P0210,CALLED,C02500
R002501,P0082,P0067,CALLED,C02501
R002502,P0177,P0170,CALLED,C02502
R002503,P0061,P0090,CALLED,C02503
R002504,P0086,P0058,CALLED,C02504
R002505,P0019,P0043,CALLED,C02505
R002506,P0154,P0167,CALLED,C02506
R002507,P0184,P0160,CALLED,C02507
R002508,P0137,P0148,CALLED,C02508
R002509,P0235,P0246,CALLED,C02509
R002510,P0265,P0300,CALLED,C02510
R002511,P0157,P0336,CALLED,C02511
R002512,P0154,P0197,CALLED,C02512
R002513,P0282,P0297,CALLED,C02513
R002514,P0286,P0277,CALLED,C02514
R002515,P0299,P0257,CALLED,C02515
R002516,P0033,P0026,CALLED,C02516
R002517,P0401,P0205,CALLED,C02517
R002518,P0319,P0451,CALLED,C02518
R002519,P0139,P0405,CALLED,C02519
R002520,P0454,P0491,CALLED,C02520
R002521,P0056,P0413,CALLED,C02521
R002522,P0065,P0121,CALLED,C02522
R002523,P0247,P0227,CALLED,C02523
R002524,P0317,P0339,CALLED,C02524
R002525,P0009,P0497,CALLED,C02525
R002526,P0100,P0058,CALLED,C02526
R002527,P0280,P0282,CALLED,C02527
R002528,P0315,P0320,CALLED,C02528
R002529,P0412,P0447,CALLED,C02529
R002530,P0326,P0317,CALLED,C02530
R002531,P0094,P0047,CALLED,C02531
R002532,P0206,P0247,CALLED,C02532
R002533,P0498,P0484,CALLED,C02533
R002534,P0425,P0404,CALLED,C02534
R002535,P0386,P0388,CALLED,C02535
R002536,P0014,P0020,CALLED,C02536
R002537,P0255,P0383,CALLED,C02537
R002538,P0091,P0099,CALLED,C02538
R002539,P0133,P0051,CALLED,C02539
R002540,P0251,P0291,CALLED,C02540
R002541,P0411,P0446,CALLED,C02541
R002542,P0384,P0398,CALLED,C02542
R002543,P0046,P0015,CALLED,C02543
R002544,P0408,P0450,CALLED,C02544
R002545,P0491,P0475,CALLED,C02545
R002546,P0372,P0365,CALLED,C02546
R002547,P0004,P0094,CALLED,C02547
R002548,P0280,P0283,CALLED,C02548
R002549,P0213,P0250,CALLED,C02549
R002550,P0063,P0201,CALLED,C02550
R002551,P0367,P0376,CALLED,C02551
R002552,P0255,P0278,CALLED,C02552
R002553,P0106,P0121,CALLED,C02553
R002554,P0422,P0075,CALLED,C02554
R002555,P0253,P0292,CALLED,C02555
R002556,P0090,P0085,CALLED,C02556
R002557,P0258,P0034,CALLED,C02557
R002558,P0308,P0415,CALLED,C02558
R002559,P0074,P0055,CALLED,C02559
R002560,P0358,P0149,CALLED,C02560
R002561,P0406,P0401,CALLED,C02561
R002562,P0216,P0133,CALLED,C02562
R002563,P0063,P0164,CALLED,C02563
R002564,P0469,P0443,CALLED,C02564
R002565,P0465,P0253,CALLED,C02565
R002566,P0482,P0483,CALLED,C02566
R002567,P0049,P0043,CALLED,C02567
R002568,P0219,P0228,CALLED,C02568
R002569,P0023,P0005,CALLED,C02569
R002570,P0430,P0408,CALLED,C02570
R002571,P0181,P0193,CALLED,C02571
R002572,P0184,P0152,CALLED,C02572
R002573,P0258,P0434,CALLED,C02573
R002574,P0137,P0112,CALLED,C02574
R002575,P0129,P0112,CALLED,C02575
R002576,P0029,P0042,CALLED,C02576
R002577,P0441,P0428,CALLED,C02577
R002578,P0206,P0244,CALLED,C02578
R002579,P0428,P0447,CALLED,C02579
R002580,P0265,P0471,CALLED,C02580
R002581,P0300,P0274,CALLED,C02581
R002582,P0500,P0460,CALLED,C02582
R002583,P0168,P0306,CALLED,C02583
R002584,P0277,P0279,CALLED,C02584
R002585,P0273,P0267,CALLED,C02585
R002586,P0417,P0410,CALLED,C02586
R002587,P0067,P0234,CALLED,C02587
R002588,P0131,P0107,CALLED,C02588
R002589,P0334,P0455,CALLED,C02589
R002590,P0104,P0150,CALLED,C02590
R002591,P0218,P0236,CALLED,C02591
R002592,P0078,P0088,CALLED,C02592
R002593,P0148,P0127,CALLED,C02593
R002594,P0054,P0078,CALLED,C02594
R002595,P0389,P0010,CALLED,C02595
R002596,P0022,P0044,CALLED,C02596
R002597,P0330,P0312,CALLED,C02597
R002598,P0442,P0414,CALLED,C02598
R002599,P0186,P0151,CALLED,C02599
R002600,P0167,P0134,CALLED,C02600
R002601,P0465,P0498,CALLED,C02601
R002602,P0253,P0093,CALLED,C02602
R002603,P0020,P0050,CALLED,C02603
R002604,P0376,P0392,CALLED,C02604
R002605,P0223,P0214,CALLED,C02605
R002606,P0033,P0035,CALLED,C02606
R002607,P0386,P0212,CALLED,C02607
R002608,P0087,P0061,CALLED,C02608
R002609,P0398,P0423,CALLED,C02609
R002610,P0437,P0403,CALLED,C02610
R002611,P0101,P0111,CALLED,C02611
R002612,P0464,P0334,CALLED,C02612
R002613,P0146,P0169,CALLED,C02613
R002614,P0414,P0287,CALLED,C02614
R002615,P0126,P0099,CALLED,C02615
R002616,P0101,P0135,CALLED,C02616
R002617,P0119,P0063,CALLED,C02617
R002618,P0454,P0479,CALLED,C02618
R002619,P0314,P0308,CALLED,C02619
R002620,P0206,P0102,CALLED,C02620
R002621,P0051,P0075,CALLED,C02621
R002622,P0372,P0390,CALLED,C02622
R002623,P0157,P0181,CALLED,C02623
R002624,P0438,P0487,CALLED,C02624
R002625,P0317,P0325,CALLED,C02625
R002626,P0152,P0151,CALLED,C02626
R002627,P0162,P0448,CALLED,C02627
R002628,P0073,P0095,CALLED,C02628
R002629,P0214,P0247,CALLED,C02629
R002630,P0034,P0029,CALLED,C02630
R002631,P0459,P0474,CALLED,C02631
R002632,P0196,P0167,CALLED,C02632
R002633,P0020,P0050,CALLED,C02633
R002634,P0463,P0464,CALLED,C02634
R002635,P0073,P0090,CALLED,C02635
R002636,P0318,P0304,CALLED,C02636
R002637,P0272,P0099,CALLED,C02637
R002638,P0359,P0376,CALLED,C02638
R002639,P0143,P0138,CALLED,C02639
R002640,P0327,P0448,CALLED,C02640
R002641,P0112,P0123,CALLED,C02641
R002642,P0311,P0349,CALLED,C02642
R002643,P0212,P0242,CALLED,C02643
R002644,P0206,P0219,CALLED,C02644
R002645,P0326,P0311,CALLED,C02645
R002646,P0254,P0288,CALLED,C02646
R002647,P0242,P0203,CALLED,C02647
R002648,P0087,P0065,CALLED,C02648
R002649,P0230,P0206,CALLED,C02649
R002650,P0302,P0334,CALLED,C02650
R002651,P0226,P0208,CALLED,C02651
R002652,P0201,P0145,CALLED,C02652
R002653,P0471,P0465,CALLED,C02653
R002654,P0343,P0310,CALLED,C02654
R002655,P0059,P0007,CALLED,C02655
R002656,P0196,P0157,CALLED,C02656
R002657,P0180,P0162,CALLED,C02657
R002658,P0377,P0399,CALLED,C02658
R002659,P0140,P0103,CALLED,C02659
R002660,P0052,P0262,CALLED,C02660
R002661,P0463,P0462,CALLED,C02661
R002662,P0179,P0170,CALLED,C02662
R002663,P0223,P0228,CALLED,C02663
R002664,P0387,P0399,CALLED,C02664
R002665,P0190,P0382,CALLED,C02665
R002666,P0245,P0230,CALLED,C02666
R002667,P0001,P0039,CALLED,C02667
R002668,P0281,P0298,CALLED,C02668
R002669,P0489,P0452,CALLED,C02669
R002670,P0304,P0320,CALLED,C02670
R002671,P0151,P0114,CALLED,C02671
R002672,P0026,P0047,CALLED,C02672
R002673,P0494,P0439,CALLED,C02673
R002674,P0068,P0348,CALLED,C02674
R002675,P0462,P0494,CALLED,C02675
R002676,P0448,P0439,CALLED,C02676
R002677,P0086,P0296,CALLED,C02677
R002678,P0392,P0386,CALLED,C02678
R002679,P0303,P0322,CALLED,C02679
R002680,P0338,P0333,CALLED,C02680
R002681,P0152,P0176,CALLED,C02681
R002682,P0127,P0131,CALLED,C02682
R002683,P0232,P0261,CALLED,C02683
R002684,P0025,P0031,CALLED,C02684
R002685,P0145,P0133,CALLED,C02685
R002686,P0327,P0166,CALLED,C02686
R002687,P0108,P0145,CALLED,C02687
R002688,P0085,P0076,CALLED,C02688
R002689,P0049,P0005,CALLED,C02689
R002690,P0488,P0462,CALLED,C02690
R002691,P0252,P0062,CALLED,C02691
R002692,P0120,P0238,CALLED,C02692
R002693,P0240,P0217,CALLED,C02693
R002694,P0485,P0494,CALLED,C02694
R002695,P0155,P0352,CALLED,C02695
R002696,P0329,P0302,CALLED,C02696
R002697,P0225,P0098,CALLED,C02697
R002698,P0215,P0236,CALLED,C02698
R002699,P0080,P0097,CALLED,C02699
R002700,P0342,P0318,CALLED,C02700
R002701,P0007,P0025,CALLED,C02701
R002702,P0335,P0262,CALLED,C02702
R002703,P0059,P0244,CALLED,C02703
R002704,P0014,P0002,CALLED,C02704
R002705,P0310,P0334,CALLED,C02705
R002706,P0220,P0234,CALLED,C02706
R002707,P0433,P0443,CALLED,C02707
R002708,P0055,P0077,CALLED,C02708
R002709,P0308,P0311,CALLED,C02709
R002710,P0409,P0402,CALLED,C02710
R002711,P0127,P0113,CALLED,C02711
R002712,P0196,P0323,CALLED,C02712
R002713,P0351,P0356,CALLED,C02713
R002714,P0477,P0337,CALLED,C02714
R002715,P0452,P0488,CALLED,C02715
R002716,P0136,P0118,CALLED,C02716
R002717,P0351,P0359,CALLED,C02717
R002718,P0457,P0354,CALLED,C02718
R002719,P0317,P0333,CALLED,C02719
R002720,P0399,P0483,CALLED,C02720
R002721,P0140,P0431,CALLED,C02721
R002722,P0366,P0384,CALLED,C02722
R002723,P0159,P0165,CALLED,C02723
R002724,P0484,P0477,CALLED,C02724
R002725,P0482,P0493,CALLED,C02725
R002726,P0425,P0412,CALLED,C02726
R002727,P0326,P0305,CALLED,C02727
R002728,P0275,P0290,CALLED,C02728
R002729,P0299,P0286,CALLED,C02729
R002730,P0379,P0390,CALLED,C02730
R002731,P0234,P0212,CALLED,C02731
R002732,P0189,P0184,CALLED,C02732
R002733,P0207,P0006,CALLED,C02733
R002734,P0376,P0360,CALLED,C02734
R002735,P0446,P0146,CALLED,C02735
R002736,P0482,P0471,CALLED,C02736
R002737,P0485,P0478,CALLED,C02737
R002738,P0119,P0101,CALLED,C02738
R002739,P0115,P0122,CALLED,C02739
R002740,P0220,P0312,CALLED,C02740
R002741,P0500,P0485,CALLED,C02741
R002742,P0006,P0031,CALLED,C02742
R002743,P0327,P0307,CALLED,C02743
R002744,P0334,P0469,CALLED,C02744
R002745,P0158,P0252,CALLED,C02745
R002746,P0093,P0063,CALLED,C02746
R002747,P0032,P0013,CALLED,C02747
R002748,P0099,P0087,CALLED,C02748
R002749,P0382,P0428,CALLED,C02749
R002750,P0353,P0363,CALLED,C02750
R002751,P0159,P0141,CALLED,C02751
R002752,P0253,P0221,CALLED,C02752
R002753,P0397,P0116,CALLED,C02753
R002754,P0100,P0099,CALLED,C02754
R002755,P0353,P0286,CALLED,C02755
R002756,P0086,P0443,CALLED,C02756
R002757,P0203,P0239,CALLED,C02757
R002758,P0448,P0406,CALLED,C02758
R002759,P0476,P0493,CALLED,C02759
R002760,P0025,P0332,CALLED,C02760
R002761,P0466,P0451,CALLED,C02761
R002762,P0049,P0016,CALLED,C02762
R002763,P0188,P0175,CALLED,C02763
R002764,P0285,P0286,CALLED,C02764
R002765,P0435,P0401,CALLED,C02765
R002766,P0319,P0345,CALLED,C02766
R002767,P0176,P0370,CALLED,C02767
R002768,P0370,P0367,CALLED,C02768
R002769,P0431,P0222,CALLED,C02769
R002770,P0039,P0011,CALLED,C02770
R002771,P0215,P0206,CALLED,C02771
R002772,P0194,P0052,CALLED,C02772
R002773,P0022,P0011,CALLED,C02773
R002774,P0303,P0319,CALLED,C02774
R002775,P0265,P0289,CALLED,C02775
R002776,P0187,P0365,CALLED,C02776
R002777,P0348,P0457,CALLED,C02777
R002778,P0149,P0200,CALLED,C02778
R002779,P0296,P0140,CALLED,C02779
R002780,P0068,P0447,CALLED,C02780
R002781,P0024,P0015,CALLED,C02781
R002782,P0155,P0009,CALLED,C02782
R002783,P0004,P0111,CALLED,C02783
R002784,P0027,P0202,CALLED,C02784
R002785,P0024,P0003,CALLED,C02785
R002786,P0318,P0301,CALLED,C02786
R002787,P0104,P0148,CALLED,C02787
R002788,P0467,P0472,CALLED,C02788
R002789,P0292,P0240,CALLED,C02789
R002790,P0022,P0026,CALLED,C02790
R002791,P0369,P0393,CALLED,C02791
R002792,P0248,P0236,CALLED,C02792
R002793,P0058,P0086,CALLED,C02793
R002794,P0291,P0273,CALLED,C02794
R002795,P0311,P0339,CALLED,C02795
R002796,P0325,P0301,CALLED,C02796
R002797,P0159,P0278,CALLED,C02797
R002798,P0149,P0127,CALLED,C02798
R002799,P0033,P0188,CALLED,C02799
R002800,P0079,P0065,CALLED,C02800
R002801,P0023,P0034,CALLED,C02801
R002802,P0205,P0214,CALLED,C02802
R002803,P0046,P0025,CALLED,C02803
R002804,P0295,P0280,CALLED,C02804
R002805,P0099,P0092,CALLED,C02805
R002806,P0208,P0298,CALLED,C02806
R002807,P0171,P0196,CALLED,C02807
R002808,P0401,P0424,CALLED,C02808
R002809,P0411,P0375,CALLED,C02809
R002810,P0052,P0289,CALLED,C02810
R002811,P0164,P0163,CALLED,C02811
R002812,P0114,P0137,CALLED,C02812
R002813,P0472,P0069,CALLED,C02813
R002814,P0459,P0494,CALLED,C02814
R002815,P0381,P0366,CALLED,C02815
R002816,P0009,P0016,CALLED,C02816
R002817,P0005,P0028,CALLED,C02817
R002818,P0170,P0182,CALLED,C02818
R002819,P0005,P0410,CALLED,C02819
R002820,P0245,P0222,CALLED,C02820
R002821,P0495,P0489,CALLED,C02821
R002822,P0319,P0316,CALLED,C02822
R002823,P0372,P0399,CALLED,C02823
R002824,P0155,P0177,CALLED,C02824
R002825,P0015,P0474,CALLED,C02825
R002826,P0303,P0322,CALLED,C02826
R002827,P0206,P0247,CALLED,C02827
R002828,P0068,P0460,CALLED,C02828
R002829,P0283,P0261,CALLED,C02829
R002830,P0028,P0011,CALLED,C02830
R002831,P0443,P0423,CALLED,C02831
R002832,P0368,P0371,CALLED,C02832
R002833,P0188,P0195,CALLED,C02833
R002834,P0455,P0467,CALLED,C02834
R002835,P0008,P0444,CALLED,C02835
R002836,P0350,P0328,CALLED,C02836
R002837,P0132,P0458,CALLED,C02837
R002838,P0496,P0485,CALLED,C02838
R002839,P0265,P0267,CALLED,C02839
R002840,P0348,P0345,CALLED,C02840
R002841,P0232,P0220,CALLED,C02841
R002842,P0398,P0383,CALLED,C02842
R002843,P0114,P0129,CALLED,C02843
R002844,P0149,P0035,CALLED,C02844
R002845,P0103,P0358,CALLED,C02845
R002846,P0489,P0485,CALLED,C02846
R002847,P0390,P0368,CALLED,C02847
R002848,P0439,P0318,CALLED,C02848
R002849,P0404,P0437,CALLED,C02849
R002850,P0077,P0071,CALLED,C02850
R002851,P0222,P0232,CALLED,C02851
R002852,P0181,P0052,CALLED,C02852
R002853,P0025,P0034,CALLED,C02853
R002854,P0439,P0068,CALLED,C02854
R002855,P0267,P0271,CALLED,C02855
R002856,P0134,P0036,CALLED,C02856
R002857,P0335,P0328,CALLED,C02857
R002858,P0445,P0022,CALLED,C02858
R002859,P0470,P0468,CALLED,C02859
R002860,P0045,P0022,CALLED,C02860
R002861,P0500,P0468,CALLED,C02861
R002862,P0341,P0305,CALLED,C02862
R002863,P0070,P0431,CALLED,C02863
R002864,P0275,P0290,CALLED,C02864
R002865,P0238,P0105,CALLED,C02865
R002866,P0401,P0437,CALLED,C02866
R002867,P0022,P0038,CALLED,C02867
R002868,P0467,P0468,CALLED,C02868
R002869,P0182,P0467,CALLED,C02869
R002870,P0210,P0203,CALLED,C02870
R002871,P0369,P0385,CALLED,C02871
R002872,P0059,P0337,CALLED,C02872
R002873,P0466,P0352,CALLED,C02873
R002874,P0067,P0430,CALLED,C02874
R002875,P0207,P0237,CALLED,C02875
R002876,P0302,P0348,CALLED,C02876
R002877,P0331,P0319,CALLED,C02877
R002878,P0138,P0114,CALLED,C02878
R002879,P0409,P0392,CALLED,C02879
R002880,P0125,P0124,CALLED,C02880
R002881,P0027,P0010,CALLED,C02881
R002882,P0358,P0379,CALLED,C02882
R002883,P0454,P0453,CALLED,C02883
R002884,P0354,P0393,CALLED,C02884
R002885,P0091,P0079,CALLED,C02885
R002886,P0085,P0090,CALLED,C02886
R002887,P0073,P0088,CALLED,C02887
R002888,P0224,P0233,CALLED,C02888
R002889,P0236,P0233,CALLED,C02889
R002890,P0492,P0009,CALLED,C02890
R002891,P0062,P0058,CALLED,C02891
R002892,P0407,P0410,CALLED,C02892
R002893,P0102,P0142,CALLED,C02893
R002894,P0025,P0233,CALLED,C02894
R002895,P0125,P0136,CALLED,C02895
R002896,P0343,P0320,CALLED,C02896
R002897,P0371,P0380,CALLED,C02897
R002898,P0098,P0174,CALLED,C02898
R002899,P0100,P0061,CALLED,C02899
R002900,P0279,P0294,CALLED,C02900
R002901,P0489,P0494,CALLED,C02901
R002902,P0224,P0233,CALLED,C02902
R002903,P0354,P0392,CALLED,C02903
R002904,P0407,P0166,CALLED,C02904
R002905,P0350,P0335,CALLED,C02905
R002906,P0231,P0317,CALLED,C02906
R002907,P0250,P0241,CALLED,C02907
R002908,P0387,P0369,CALLED,C02908
R002909,P0219,P0489,CALLED,C02909
R002910,P0140,P0121,CALLED,C02910
R002911,P0182,P0299,CALLED,C02911
R002912,P0143,P0129,CALLED,C02912
R002913,P0107,P0364,CALLED,C02913
R002914,P0296,P0293,CALLED,C02914
R002915,P0206,P0225,CALLED,C02915
R002916,P0478,P0475,CALLED,C02916
R002917,P0434,P0242,CALLED,C02917
R002918,P0473,P0485,CALLED,C02918
R002919,P0458,P0478,CALLED,C02919
R002920,P0460,P0085,CALLED,C02920
R002921,P0092,P0069,CALLED,C02921
R002922,P0345,P0304,CALLED,C02922
R002923,P0148,P0014,CALLED,C02923
R002924,P0243,P0241,CALLED,C02924
R002925,P0298,P0252,CALLED,C02925
R002926,P0213,P0194,CALLED,C02926
R002927,P0212,P0223,CALLED,C02927
R002928,P0143,P0090,CALLED,C02928
R002929,P0485,P0453,CALLED,C02929
R002930,P0332,P0323,CALLED,C02930
R002931,P0260,P0291,CALLED,C02931
R002932,P0461,P0464,CALLED,C02932
R002933,P0324,P0328,CALLED,C02933
R002934,P0316,P0332,CALLED,C02934
R002935,P0298,P0292,CALLED,C02935
R002936,P0141,P0112,CALLED,C02936
R002937,P0153,P0312,CALLED,C02937
R002938,P0148,P0122,CALLED,C02938
R002939,P0401,P0496,CALLED,C02939
R002940,P0205,P0247,CALLED,C02940
R002941,P0020,P0031,CALLED,C02941
R002942,P0074,P0094,CALLED,C02942
R002943,P0058,P0067,CALLED,C02943
R002944,P0145,P0101,CALLED,C02944
R002945,P0392,P0378,CALLED,C02945
R002946,P0283,P0254,CALLED,C02946
R002947,P0156,P0170,CALLED,C02947
R002948,P0129,P0118,CALLED,C02948
R002949,P0032,P0036,CALLED,C02949
R002950,P0341,P0334,CALLED,C02950
R002951,P0430,P0028,CALLED,C02951
R002952,P0338,P0343,CALLED,C02952
R002953,P0092,P0362,CALLED,C02953
R002954,P0012,P0033,CALLED,C02954
R002955,P0010,P0346,CALLED,C02955
R002956,P0050,P0149,CALLED,C02956
R002957,P0255,P0267,CALLED,C02957
R002958,P0328,P0316,CALLED,C02958
R002959,P0118,P0103,CALLED,C02959
R002960,P0104,P0124,CALLED,C02960
R002961,P0379,P0315,CALLED,C02961
R002962,P0214,P0215,CALLED,C02962
R002963,P0425,P0408,CALLED,C02963
R002964,P0344,P0319,CALLED,C02964
R002965,P0250,P0220,CALLED,C02965
R002966,P0328,P0313,CALLED,C02966
R002967,P0391,P0393,CALLED,C02967
R002968,P0262,P0290,CALLED,C02968
R002969,P0048,P0172,CALLED,C02969
R002970,P0068,P0082,CALLED,C02970
R002971,P0262,P0032,CALLED,C02971
R002972,P0265,P0266,CALLED,C02972
R002973,P0400,P0368,CALLED,C02973
R002974,P0438,P0445,CALLED,C02974
R002975,P0298,P0266,CALLED,C02975
R002976,P0460,P0470,CALLED,C02976
R002977,P0313,P0348,CALLED,C02977
R002978,P0283,P0298,CALLED,C02978
R002979,P0076,P0097,CALLED,C02979
R002980,P0443,P0405,CALLED,C02980
R002981,P0406,P0407,CALLED,C02981
R002982,P0052,P0066,CALLED,C02982
R002983,P0395,P0361,CALLED,C02983
R002984,P0491,P0284,CALLED,C02984
R002985,P0059,P0058,CALLED,C02985
R002986,P0227,P0204,CALLED,C02986
R002987,P0426,P0325,CALLED,C02987
R002988,P0106,P0470,CALLED,C02988
R002989,P0300,P0441,CALLED,C02989
R002990,P0093,P0058,CALLED,C02990
R002991,P0480,P0456,CALLED,C02991
R002992,P0415,P0414,CALLED,C02992
R002993,P0307,P0311,CALLED,C02993
R002994,P0187,P0189,CALLED,C02994
R002995,P0168,P0164,CALLED,C02995
R002996,P0194,P0168,CALLED,C02996
R002997,P0206,P0247,CALLED,C02997
R002998,P0235,P0206,CALLED,C02998
R002999,P0025,P0435,CALLED,C02999
R003000,P0427,P0408,CALLED,C03000
R003001,P0309,P0021,CALLED,C03001
R003002,P0270,P0286,CALLED,C03002
R003003,P0304,P0345,CALLED,C03003
R003004,P0476,P0303,CALLED,C03004
R003005,P0357,P0395,CALLED,C03005
R003006,P0401,P0362,CALLED,C03006
R003007,P0156,P0464,CALLED,C03007
R003008,P0069,P0056,CALLED,C03008
R003009,P0395,P0355,CALLED,C03009
R003010,P0319,P0328,CALLED,C03010
R003011,P0041,P0020,CALLED,C03011
R003012,P0469,P0461,CALLED,C03012
R003013,P0005,P0046,CALLED,C03013
R003014,P0493,P0478,CALLED,C03014
R003015,P0272,P0261,CALLED,C03015
R003016,P0002,P0072,CALLED,C03016
R003017,P0239,P0299,CALLED,C03017
R003018,P0469,P0483,CALLED,C03018
R003019,P0278,P0279,CALLED,C03019
R003020,P0419,P0410,CALLED,C03020
R003021,P0326,P0309,CALLED,C03021
R003022,P0031,P0002,CALLED,C03022
R003023,P0151,P0175,CALLED,C03023
R003024,P0263,P0228,CALLED,C03024
R003025,P0454,P0494,CALLED,C03025
R003026,P0031,P0027,CALLED,C03026
R003027,P0109,P0115,CALLED,C03027
R003028,P0201,P0235,CALLED,C03028
R003029,P0289,P0288,CALLED,C03029
R003030,P0418,P0429,CALLED,C03030
R003031,P0173,P0193,CALLED,C03031
R003032,P0484,P0227,CALLED,C03032
R003033,P0004,P0406,CALLED,C03033
R003034,P0285,P0021,CALLED,C03034
R003035,P0009,P0436,CALLED,C03035
R003036,P0365,P0483,CALLED,C03036
R003037,P0065,P0403,CALLED,C03037
R003038,P0369,P0397,CALLED,C03038
R003039,P0440,P0415,CALLED,C03039
R003040,P0442,P0446,CALLED,C03040
R003041,P0093,P0060,CALLED,C03041
R003042,P0197,P0176,CALLED,C03042
R003043,P0469,P0253,CALLED,C03043
R003044,P0212,P0237,CALLED,C03044
R003045,P0045,P0020,CALLED,C03045
R003046,P0305,P0347,CALLED,C03046
R003047,P0399,P0368,CALLED,C03047
R003048,P0377,P0356,CALLED,C03048
R003049,P0404,P0409,CALLED,C03049
R003050,P0397,P0376,CALLED,C03050
R003051,P0230,P0250,CALLED,C03051
R003052,P0116,P0148,CALLED,C03052
R003053,P0018,P0006,CALLED,C03053
R003054,P0176,P0127,CALLED,C03054
R003055,P0369,P0388,CALLED,C03055
R003056,P0301,P0311,CALLED,C03056
R003057,P0165,P0193,CALLED,C03057
R003058,P0156,P0171,CALLED,C03058
R003059,P0139,P0128,CALLED,C03059
R003060,P0082,P0069,CALLED,C03060
R003061,P0077,P0080,CALLED,C03061
R003062,P0325,P0339,CALLED,C03062
R003063,P0420,P0182,CALLED,C03063
R003064,P0403,P0420,CALLED,C03064
R003065,P0454,P0457,CALLED,C03065
R003066,P0389,P0382,CALLED,C03066
R003067,P0146,P0138,CALLED,C03067
R003068,P0275,P0296,CALLED,C03068
R003069,P0182,P0497,CALLED,C03069
R003070,P0250,P0223,CALLED,C03070
R003071,P0334,P0322,CALLED,C03071
R003072,P0319,P0329,CALLED,C03072
R003073,P0061,P0315,CALLED,C03073
R003074,P0344,P0232,CALLED,C03074
R003075,P0262,P0293,CALLED,C03075
R003076,P0461,P0486,CALLED,C03076
R003077,P0027,P0043,CALLED,C03077
R003078,P0155,P0194,CALLED,C03078
R003079,P0352,P0375,CALLED,C03079
R003080,P0113,P0144,CALLED,C03080
R003081,P0125,P0141,CALLED,C03081
R003082,P0356,P0369,CALLED,C03082
R003083,P0180,P0172,CALLED,C03083
R003084,P0360,P0358,CALLED,C03084
R003085,P0425,P0440,CALLED,C03085
R003086,P0082,P0093,CALLED,C03086
R003087,P0072,P0064,CALLED,C03087
R003088,P0025,P0023,CALLED,C03088
R003089,P0365,P0374,CALLED,C03089
R003090,P0162,P0483,CALLED,C03090
R003091,P0299,P0275,CALLED,C03091
R003092,P0478,P0461,CALLED,C03092
R003093,P0012,P0158,CALLED,C03093
R003094,P0297,P0067,CALLED,C03094
R003095,P0074,P0420,CALLED,C03095
R003096,P0449,P0214,CALLED,C03096
R003097,P0479,P0488,CALLED,C03097
R003098,P0038,P0068,CALLED,C03098
R003099,P0096,P0076,CALLED,C03099
R003100,P0354,P0479,CALLED,C03100
R003101,P0124,P0108,CALLED,C03101
R003102,P0192,P0190,CALLED,C03102
R003103,P0150,P0116,CALLED,C03103
R003104,P0495,P0496,CALLED,C03104
R003105,P0351,P0376,CALLED,C03105
R003106,P0402,P0414,CALLED,C03106
R003107,P0453,P0407,CALLED,C03107
R003108,P0209,P0225,CALLED,C03108
R003109,P0109,P0217,CALLED,C03109
R003110,P0261,P0086,CALLED,C03110
R003111,P0301,P0322,CALLED,C03111
R003112,P0307,P0069,CALLED,C03112
R003113,P0008,P0013,CALLED,C03113
R003114,P0477,P0111,CALLED,C03114
R003115,P0269,P0276,CALLED,C03115
R003116,P0035,P0004,CALLED,C03116
R003117,P0054,P0069,CALLED,C03117
R003118,P0422,P0405,CALLED,C03118
R003119,P0068,P0083,CALLED,C03119
R003120,P0013,P0003,CALLED,C03120
R003121,P0358,P0382,CALLED,C03121
R003122,P0312,P0020,CALLED,C03122
R003123,P0270,P0356,CALLED,C03123
R003124,P0284,P0275,CALLED,C03124
R003125,P0481,P0475,CALLED,C03125
R003126,P0161,P0177,CALLED,C03126
R003127,P0171,P0497,CALLED,C03127
R003128,P0088,P0073,CALLED,C03128
R003129,P0174,P0166,CALLED,C03129
R003130,P0125,P0126,CALLED,C03130
R003131,P0005,P0044,CALLED,C03131
R003132,P0389,P0364,CALLED,C03132
R003133,P0175,P0105,CALLED,C03133
R003134,P0221,P0304,CALLED,C03134
R003135,P0364,P0032,CALLED,C03135
R003136,P0228,P0207,CALLED,C03136
R003137,P0004,P0275,CALLED,C03137
R003138,P0186,P0196,CALLED,C03138
R003139,P0487,P0387,CALLED,C03139
R003140,P0392,P0383,CALLED,C03140
R003141,P0060,P0055,CALLED,C03141
R003142,P0244,P0219,CALLED,C03142
R003143,P0248,P0435,CALLED,C03143
R003144,P0348,P0297,CALLED,C03144
R003145,P0326,P0350,CALLED,C03145
R003146,P0163,P0169,CALLED,C03146
R003147,P0209,P0244,CALLED,C03147
R003148,P0320,P0103,CALLED,C03148
R003149,P0125,P0320,CALLED,C03149
R003150,P0177,P0154,CALLED,C03150
R003151,P0253,P0298,CALLED,C03151
R003152,P0033,P0003,CALLED,C03152
R003153,P0230,P0222,CALLED,C03153
R003154,P0233,P0246,CALLED,C03154
R003155,P0069,P0087,CALLED,C03155
R003156,P0427,P0441,CALLED,C03156
R003157,P0012,P0449,CALLED,C03157
R003158,P0209,P0217,CALLED,C03158
R003159,P0267,P0288,CALLED,C03159
R003160,P0003,P0045,CALLED,C03160
R003161,P0302,P0321,CALLED,C03161
R003162,P0132,P0108,CALLED,C03162
R003163,P0357,P0372,CALLED,C03163
R003164,P0466,P0112,CALLED,C03164
R003165,P0046,P0465,CALLED,C03165
R003166,P0488,P0466,CALLED,C03166
R003167,P0415,P0482,CALLED,C03167
R003168,P0172,P0195,CALLED,C03168
R003169,P0040,P0048,CALLED,C03169
R003170,P0328,P0306,CALLED,C03170
R003171,P0033,P0006,CALLED,C03171
R003172,P0299,P0287,CALLED,C03172
R003173,P0434,P0002,CALLED,C03173
R003174,P0294,P0286,CALLED,C03174
R003175,P0222,P0255,CALLED,C03175
R003176,P0107,P0136,CALLED,C03176
R003177,P0377,P0397,CALLED,C03177
R003178,P0378,P0381,CALLED,C03178
R003179,P0065,P0337,CALLED,C03179
R003180,P0252,P0256,CALLED,C03180
R003181,P0089,P0304,CALLED,C03181
R003182,P0401,P0437,CALLED,C03182
R003183,P0419,P0167,CALLED,C03183
R003184,P0001,P0238,CALLED,C03184
R003185,P0059,P0071,CALLED,C03185
R003186,P0289,P0282,CALLED,C03186
R003187,P0190,P0492,CALLED,C03187
R003188,P0482,P0479,CALLED,C03188
R003189,P0438,P0413,CALLED,C03189
R003190,P0180,P0411,CALLED,C03190
R003191,P0234,P0228,CALLED,C03191
R003192,P0462,P0467,CALLED,C03192
R003193,P0386,P0382,CALLED,C03193
R003194,P0138,P0113,CALLED,C03194
R003195,P0005,P0042,CALLED,C03195
R003196,P0499,P0452,CALLED,C03196
R003197,P0111,P0115,CALLED,C03197
R003198,P0025,P0011,CALLED,C03198
R003199,P0117,P0112,CALLED,C03199
R003200,P0479,P0474,CALLED,C03200
R003201,P0358,P0415,CALLED,C03201
R003202,P0474,P0477,CALLED,C03202
R003203,P0364,P0374,CALLED,C03203
R003204,P0068,P0075,CALLED,C03204
R003205,P0413,P0443,CALLED,C03205
R003206,P0193,P0173,CALLED,C03206
R003207,P0111,P0223,CALLED,C03207
R003208,P0043,P0030,CALLED,C03208
R003209,P0462,P0312,CALLED,C03209
R003210,P0313,P0288,CALLED,C03210
R003211,P0339,P0345,CALLED,C03211
R003212,P0221,P0204,CALLED,C03212
R003213,P0330,P0311,CALLED,C03213
R003214,P0499,P0463,CALLED,C03214
R003215,P0251,P0465,CALLED,C03215
R003216,P0293,P0291,CALLED,C03216
R003217,P0122,P0136,CALLED,C03217
R003218,P0020,P0022,CALLED,C03218
R003219,P0265,P0255,CALLED,C03219
R003220,P0385,P0252,CALLED,C03220
R003221,P0193,P0173,CALLED,C03221
R003222,P0367,P0360,CALLED,C03222
R003223,P0177,P0057,CALLED,C03223
R003224,P0446,P0444,CALLED,C03224
R003225,P0303,P0339,CALLED,C03225
R003226,P0223,P0221,CALLED,C03226
R003227,P0214,P0070,CALLED,C03227
R003228,P0166,P0179,CALLED,C03228
R003229,P0342,P0163,CALLED,C03229
R003230,P0132,P0453,CALLED,C03230
R003231,P0083,P0092,CALLED,C03231
R003232,P0156,P0189,CALLED,C03232
R003233,P0307,P0173,CALLED,C03233
R003234,P0046,P0022,CALLED,C03234
R003235,P0062,P0099,CALLED,C03235
R003236,P0272,P0491,CALLED,C03236
R003237,P0104,P0110,CALLED,C03237
R003238,P0136,P0112,CALLED,C03238
R003239,P0279,P0275,CALLED,C03239
R003240,P0269,P0288,CALLED,C03240
R003241,P0084,P0096,CALLED,C03241
R003242,P0191,P0116,CALLED,C03242
R003243,P0481,P0458,CALLED,C03243
R003244,P0094,P0080,CALLED,C03244
R003245,P0110,P0439,CALLED,C03245
R003246,P0456,P0498,CALLED,C03246
R003247,P0080,P0081,CALLED,C03247
R003248,P0071,P0079,CALLED,C03248
R003249,P0023,P0009,CALLED,C03249
R003250,P0498,P0490,CALLED,C03250
R003251,P0001,P0012,CALLED,C03251
R003252,P0386,P0390,CALLED,C03252
R003253,P0088,P0305,CALLED,C03253
R003254,P0018,P0001,CALLED,C03254
R003255,P0241,P0205,CALLED,C03255
R003256,P0066,P0086,CALLED,C03256
R003257,P0161,P0052,CALLED,C03257
R003258,P0211,P0210,CALLED,C03258
R003259,P0162,P0153,CALLED,C03259
R003260,P0315,P0327,CALLED,C03260
R003261,P0366,P0398,CALLED,C03261
R003262,P0242,P0232,CALLED,C03262
R003263,P0106,P0117,CALLED,C03263
R003264,P0316,P0318,CALLED,C03264
R003265,P0165,P0054,CALLED,C03265
R003266,P0100,P0088,CALLED,C03266
R003267,P0277,P0289,CALLED,C03267
R003268,P0089,P0062,CALLED,C03268
R003269,P0095,P0099,CALLED,C03269
R003270,P0276,P0257,CALLED,C03270
R003271,P0226,P0279,CALLED,C03271
R003272,P0063,P0085,CALLED,C03272
R003273,P0114,P0144,CALLED,C03273
R003274,P0325,P0312,CALLED,C03274
R003275,P0055,P0080,CALLED,C03275
R003276,P0074,P0062,CALLED,C03276
R003277,P0378,P0216,CALLED,C03277
R003278,P0199,P0161,CALLED,C03278
R003279,P0475,P0012,CALLED,C03279
R003280,P0235,P0215,CALLED,C03280
R003281,P0195,P0156,CALLED,C03281
R003282,P0362,P0486,CALLED,C03282
R003283,P0197,P0169,CALLED,C03283
R003284,P0138,P0107,CALLED,C03284
R003285,P0231,P0208,CALLED,C03285
R003286,P0500,P0476,CALLED,C03286
R003287,P0442,P0417,CALLED,C03287
R003288,P0021,P0011,CALLED,C03288
R003289,P0322,P0327,CALLED,C03289
R003290,P0051,P0078,CALLED,C03290
R003291,P0157,P0177,CALLED,C03291
R003292,P0188,P0427,CALLED,C03292
R003293,P0470,P0489,CALLED,C03293
R003294,P0087,P0064,CALLED,C03294
R003295,P0192,P0151,CALLED,C03295
R003296,P0108,P0125,CALLED,C03296
R003297,P0411,P0429,CALLED,C03297
R003298,P0453,P0499,CALLED,C03298
R003299,P0139,P0123,CALLED,C03299
R003300,P0295,P0277,CALLED,C03300
R003301,P0064,P0079,CALLED,C03301
R003302,P0110,P0121,CALLED,C03302
R003303,P0495,P0498,CALLED,C03303
R003304,P0232,P0227,CALLED,C03304
R003305,P0008,P0045,CALLED,C03305
R003306,P0064,P0097,CALLED,C03306
R003307,P0039,P0016,CALLED,C03307
R003308,P0300,P0290,CALLED,C03308
R003309,P0485,P0480,CALLED,C03309
R003310,P0489,P0462,CALLED,C03310
R003311,P0077,P0076,CALLED,C03311
R003312,P0329,P0302,CALLED,C03312
R003313,P0201,P0246,CALLED,C03313
R003314,P0207,P0245,CALLED,C03314
R003315,P0178,P0171,CALLED,C03315
R003316,P0219,P0218,CALLED,C03316
R003317,P0011,P0045,CALLED,C03317
R003318,P0295,P0256,CALLED,C03318
R003319,P0277,P0268,CALLED,C03319
R003320,P0263,P0290,CALLED,C03320
R003321,P0120,P0121,CALLED,C03321
R003322,P0125,P0105,CALLED,C03322
R003323,P0468,P0462,CALLED,C03323
R003324,P0328,P0338,CALLED,C03324
R003325,P0165,P0185,CALLED,C03325
R003326,P0321,P0422,CALLED,C03326
R003327,P0157,P0065,CALLED,C03327
R003328,P0328,P0344,CALLED,C03328
R003329,P0170,P0194,CALLED,C03329
R003330,P0425,P0428,CALLED,C03330
R003331,P0186,P0416,CALLED,C03331
R003332,P0459,P0486,CALLED,C03332
R003333,P0037,P0023,CALLED,C03333
R003334,P0192,P0312,CALLED,C03334
R003335,P0339,P0328,CALLED,C03335
R003336,P0241,P0208,CALLED,C03336
R003337,P0268,P0104,CALLED,C03337
R003338,P0433,P0430,CALLED,C03338
R003339,P0428,P0429,CALLED,C03339
R003340,P0028,P0038,CALLED,C03340
R003341,P0042,P0014,CALLED,C03341
R003342,P0331,P0323,CALLED,C03342
R003343,P0085,P0097,CALLED,C03343
R003344,P0217,P0237,CALLED,C03344
R003345,P0189,P0313,CALLED,C03345
R003346,P0475,P0143,CALLED,C03346
R003347,P0210,P0439,CALLED,C03347
R003348,P0212,P0236,CALLED,C03348
R003349,P0279,P0258,CALLED,C03349
R003350,P0350,P0440,CALLED,C03350
R003351,P0149,P0125,CALLED,C03351
R003352,P0128,P0265,CALLED,C03352
R003353,P0445,P0027,CALLED,C03353
R003354,P0052,P0100,CALLED,C03354
R003355,P0472,P0456,CALLED,C03355
R003356,P0076,P0465,CALLED,C03356
R003357,P0025,P0457,CALLED,C03357
R003358,P0198,P0178,CALLED,C03358
R003359,P0467,P0476,CALLED,C03359
R003360,P0405,P0444,CALLED,C03360
R003361,P0081,P0096,CALLED,C03361
R003362,P0155,P0144,CALLED,C03362
R003363,P0309,P0325,CALLED,C03363
R003364,P0440,P0436,CALLED,C03364
R003365,P0440,P0192,CALLED,C03365
R003366,P0430,P0258,CALLED,C03366
R003367,P0367,P0352,CALLED,C03367
R003368,P0202,P0217,CALLED,C03368
R003369,P0239,P0229,CALLED,C03369
R003370,P0400,P0364,CALLED,C03370
R003371,P0330,P0368,CALLED,C03371
R003372,P0191,P0204,CALLED,C03372
R003373,P0370,P0135,CALLED,C03373
R003374,P0324,P0316,CALLED,C03374
R003375,P0221,P0017,CALLED,C03375
R003376,P0498,P0456,CALLED,C03376
R003377,P0277,P0255,CALLED,C03377
R003378,P0321,P0306,CALLED,C03378
R003379,P0368,P0376,CALLED,C03379
R003380,P0306,P0333,CALLED,C03380
R003381,P0397,P0388,CALLED,C03381
R003382,P0146,P0140,CALLED,C03382
R003383,P0289,P0288,CALLED,C03383
R003384,P0145,P0115,CALLED,C03384
R003385,P0378,P0369,CALLED,C03385
R003386,P0485,P0478,CALLED,C03386
R003387,P0156,P0185,CALLED,C03387
R003388,P0164,P0186,CALLED,C03388
R003389,P0230,P0220,CALLED,C03389
R003390,P0219,P0207,CALLED,C03390
R003391,P0247,P0331,CALLED,C03391
R003392,P0350,P0359,CALLED,C03392
R003393,P0064,P0056,CALLED,C03393
R003394,P0283,P0274,CALLED,C03394
R003395,P0073,P0064,CALLED,C03395
R003396,P0471,P0472,CALLED,C03396
R003397,P0061,P0086,CALLED,C03397
R003398,P0499,P0444,CALLED,C03398
R003399,P0157,P0188,CALLED,C03399
R003400,P0047,P0004,CALLED,C03400
R003401,P0097,P0133,CALLED,C03401
R003402,P0107,P0145,CALLED,C03402
R003403,P0434,P0027,CALLED,C03403
R003404,P0169,P0156,CALLED,C03404
R003405,P0072,P0092,CALLED,C03405
R003406,P0165,P0115,CALLED,C03406
R003407,P0379,P0385,CALLED,C03407
R003408,P0324,P0340,CALLED,C03408
R003409,P0316,P0348,CALLED,C03409
R003410,P0095,P0306,CALLED,C03410
R003411,P0027,P0020,CALLED,C03411
R003412,P0095,P0098,CALLED,C03412
R003413,P0441,P0409,CALLED,C03413
R003414,P0127,P0133,CALLED,C03414
R003415,P0311,P0342,CALLED,C03415
R003416,P0016,P0271,CALLED,C03416
R003417,P0363,P0045,CALLED,C03417
R003418,P0282,P0259,CALLED,C03418
R003419,P0110,P0102,CALLED,C03419
R003420,P0482,P0498,CALLED,C03420
R003421,P0075,P0313,CALLED,C03421
R003422,P0416,P0023,CALLED,C03422
R003423,P0141,P0134,CALLED,C03423
R003424,P0112,P0117,CALLED,C03424
R003425,P0135,P0231,CALLED,C03425
R003426,P0017,P0006,CALLED,C03426
R003427,P0075,P0072,CALLED,C03427
R003428,P0433,P0429,CALLED,C03428
R003429,P0343,P0304,CALLED,C03429
R003430,P0012,P0453,CALLED,C03430
R003431,P0018,P0031,CALLED,C03431
R003432,P0316,P0008,CALLED,C03432
R003433,P0234,P0238,CALLED,C03433
R003434,P0292,P0149,CALLED,C03434
R003435,P0497,P0454,CALLED,C03435
R003436,P0473,P0456,CALLED,C03436
R003437,P0170,P0374,CALLED,C03437
R003438,P0417,P0433,CALLED,C03438
R003439,P0170,P0195,CALLED,C03439
R003440,P0134,P0111,CALLED,C03440
R003441,P0264,P0253,CALLED,C03441
R003442,P0244,P0228,CALLED,C03442
R003443,P0318,P0321,CALLED,C03443
R003444,P0481,P0472,CALLED,C03444
R003445,P0371,P0373,CALLED,C03445
R003446,P0368,P0385,CALLED,C03446
R003447,P0234,P0225,CALLED,C03447
R003448,P0334,P0061,CALLED,C03448
R003449,P0323,P0321,CALLED,C03449
R003450,P0090,P0076,CALLED,C03450
R003451,P0005,P0468,CALLED,C03451
R003452,P0032,P0428,CALLED,C03452
R003453,P0287,P0281,CALLED,C03453
R003454,P0448,P0414,CALLED,C03454
R003455,P0336,P0304,CALLED,C03455
R003456,P0412,P0325,CALLED,C03456
R003457,P0236,P0201,CALLED,C03457
R003458,P0174,P0184,CALLED,C03458
R003459,P0168,P0134,CALLED,C03459
R003460,P0303,P0340,CALLED,C03460
R003461,P0132,P0109,CALLED,C03461
R003462,P0240,P0237,CALLED,C03462
R003463,P0277,P0279,CALLED,C03463
R003464,P0073,P0071,CALLED,C03464
R003465,P0372,P0371,CALLED,C03465
R003466,P0189,P0174,CALLED,C03466
R003467,P0301,P0329,CALLED,C03467
R003468,P0495,P0487,CALLED,C03468
R003469,P0255,P0260,CALLED,C03469
R003470,P0122,P0114,CALLED,C03470
R003471,P0184,P0200,CALLED,C03471
R003472,P0323,P0325,CALLED,C03472
R003473,P0247,P0240,CALLED,C03473
R003474,P0335,P0331,CALLED,C03474
R003475,P0090,P0487,CALLED,C03475
R003476,P0440,P0460,CALLED,C03476
R003477,P0073,P0064,CALLED,C03477
R003478,P0340,P0025,CALLED,C03478
R003479,P0200,P0169,CALLED,C03479
R003480,P0359,P0362,CALLED,C03480
R003481,P0065,P0072,CALLED,C03481
R003482,P0335,P0322,CALLED,C03482
R003483,P0135,P0124,CALLED,C03483
R003484,P0470,P0482,CALLED,C03484
R003485,P0134,P0150,CALLED,C03485
R003486,P0164,P0198,CALLED,C03486
R003487,P0226,P0238,CALLED,C03487
R003488,P0253,P0343,CALLED,C03488
R003489,P0296,P0271,CALLED,C03489
R003490,P0224,P0246,CALLED,C03490
R003491,P0307,P0302,CALLED,C03491
R003492,P0049,P0007,CALLED,C03492
R003493,P0237,P0203,CALLED,C03493
R003494,P0161,P0349,CALLED,C03494
R003495,P0187,P0297,CALLED,C03495
R003496,P0173,P0163,CALLED,C03496
R003497,P0477,P0453,CALLED,C03497
R003498,P0168,P0200,CALLED,C03498
R003499,P0386,P0100,CALLED,C03499
R003500,P0211,P0232,CALLED,C03500
R003501,P0473,P0116,CALLED,C03501
R003502,P0095,P0068,CALLED,C03502
R003503,P0394,P0397,CALLED,C03503
R003504,P0288,P0417,CALLED,C03504
R003505,P0176,P0093,CALLED,C03505
R003506,P0060,P0083,CALLED,C03506
R003507,P0345,P0066,CALLED,C03507
R003508,P0121,P0111,CALLED,C03508
R003509,P0280,P0291,CALLED,C03509
R003510,P0279,P0267,CALLED,C03510
R003511,P0268,P0269,CALLED,C03511
R003512,P0256,P0264,CALLED,C03512
R003513,P0104,P0114,CALLED,C03513
R003514,P0370,P0220,CALLED,C03514
R003515,P0481,P0042,CALLED,C03515
R003516,P0067,P0093,CALLED,C03516
R003517,P0461,P0050,CALLED,C03517
R003518,P0301,P0313,CALLED,C03518
R003519,P0240,P0465,CALLED,C03519
R003520,P0339,P0341,CALLED,C03520
R003521,P0194,P0074,CALLED,C03521
R003522,P0091,P0077,CALLED,C03522
R003523,P0434,P0426,CALLED,C03523
R003524,P0465,P0453,CALLED,C03524
R003525,P0336,P0169,CALLED,C03525
R003526,P0490,P0456,CALLED,C03526
R003527,P0025,P0017,CALLED,C03527
R003528,P0170,P0159,CALLED,C03528
R003529,P0086,P0055,CALLED,C03529
R003530,P0410,P0438,CALLED,C03530
R003531,P0266,P0255,CALLED,C03531
R003532,P0175,P0488,CALLED,C03532
R003533,P0498,P0499,CALLED,C03533
R003534,P0233,P0201,CALLED,C03534
R003535,P0189,P0280,CALLED,C03535
R003536,P0491,P0456,CALLED,C03536
R003537,P0168,P0436,CALLED,C03537
R003538,P0200,P0195,CALLED,C03538
R003539,P0156,P0025,CALLED,C03539
R003540,P0274,P0283,CALLED,C03540
R003541,P0480,P0457,CALLED,C03541
R003542,P0153,P0173,CALLED,C03542
R003543,P0156,P0038,CALLED,C03543
R003544,P0317,P0335,CALLED,C03544
R003545,P0166,P0179,CALLED,C03545
R003546,P0330,P0343,CALLED,C03546
R003547,P0221,P0242,CALLED,C03547
R003548,P0328,P0391,CALLED,C03548
R003549,P0238,P0227,CALLED,C03549
R003550,P0175,P0060,CALLED,C03550
R003551,P0301,P0156,CALLED,C03551
R003552,P0275,P0252,CALLED,C03552
R003553,P0500,P0488,CALLED,C03553
R003554,P0212,P0426,CALLED,C03554
R003555,P0295,P0243,CALLED,C03555
R003556,P0277,P0272,CALLED,C03556
R003557,P0344,P0337,CALLED,C03557
R003558,P0349,P0013,CALLED,C03558
R003559,P0334,P0323,CALLED,C03559
R003560,P0489,P0333,CALLED,C03560
R003561,P0401,P0281,CALLED,C03561
R003562,P0456,P0234,CALLED,C03562
R003563,P0106,P0292,CALLED,C03563
R003564,P0148,P0149,CALLED,C03564
R003565,P0399,P0366,CALLED,C03565
R003566,P0027,P0035,CALLED,C03566
R003567,P0154,P0160,CALLED,C03567
R003568,P0302,P0326,CALLED,C03568
R003569,P0026,P0040,CALLED,C03569
R003570,P0321,P0350,CALLED,C03570
R003571,P0181,P0196,CALLED,C03571
R003572,P0422,P0419,CALLED,C03572
R003573,P0491,P0499,CALLED,C03573
R003574,P0464,P0074,CALLED,C03574
R003575,P0155,P0497,CALLED,C03575
R003576,P0336,P0334,CALLED,C03576
R003577,P0459,P0461,CALLED,C03577
R003578,P0090,P0096,CALLED,C03578
R003579,P0398,P0296,CALLED,C03579
R003580,P0082,P0471,CALLED,C03580
R003581,P0413,P0159,CALLED,C03581
R003582,P0243,P0469,CALLED,C03582
R003583,P0199,P0162,CALLED,C03583
R003584,P0012,P0034,CALLED,C03584
R003585,P0010,P0044,CALLED,C03585
R003586,P0374,P0370,CALLED,C03586
R003587,P0459,P0493,CALLED,C03587
R003588,P0371,P0392,CALLED,C03588
R003589,P0479,P0467,CALLED,C03589
R003590,P0450,P0422,CALLED,C03590
R003591,P0474,P0483,CALLED,C03591
R003592,P0446,P0442,CALLED,C03592
R003593,P0172,P0229,CALLED,C03593
R003594,P0422,P0433,CALLED,C03594
R003595,P0047,P0007,CALLED,C03595
R003596,P0040,P0009,CALLED,C03596
R003597,P0410,P0436,CALLED,C03597
R003598,P0231,P0431,CALLED,C03598
R003599,P0300,P0175,CALLED,C03599
R003600,P0324,P0466,CALLED,C03600
R003601,P0411,P0310,CALLED,C03601
R003602,P0463,P0404,CALLED,C03602
R003603,P0494,P0159,CALLED,C03603
R003604,P0299,P0211,CALLED,C03604
R003605,P0416,P0445,CALLED,C03605
R003606,P0496,P0406,CALLED,C03606
R003607,P0381,P0361,CALLED,C03607
R003608,P0270,P0290,CALLED,C03608
R003609,P0072,P0076,CALLED,C03609
R003610,P0315,P0469,CALLED,C03610
R003611,P0209,P0219,CALLED,C03611
R003612,P0291,P0147,CALLED,C03612
R003613,P0377,P0359,CALLED,C03613
R003614,P0239,P0210,CALLED,C03614
R003615,P0096,P0068,CALLED,C03615
R003616,P0096,P0058,CALLED,C03616
R003617,P0133,P0252,CALLED,C03617
R003618,P0325,P0034,CALLED,C03618
R003619,P0290,P0284,CALLED,C03619
R003620,P0199,P0192,CALLED,C03620
R003621,P0247,P0404,CALLED,C03621
R003622,P0011,P0405,CALLED,C03622
R003623,P0239,P0374,CALLED,C03623
R003624,P0139,P0137,CALLED,C03624
R003625,P0377,P0355,CALLED,C03625
R003626,P0271,P0267,CALLED,C03626
R003627,P0482,P0489,CALLED,C03627
R003628,P0227,P0487,CALLED,C03628
R003629,P0215,P0244,CALLED,C03629
R003630,P0379,P0399,CALLED,C03630
R003631,P0445,P0415,CALLED,C03631
R003632,P0166,P0152,CALLED,C03632
R003633,P0154,P0162,CALLED,C03633
R003634,P0367,P0352,CALLED,C03634
R003635,P0165,P0173,CALLED,C03635
R003636,P0121,P0107,CALLED,C03636
R003637,P0167,P0274,CALLED,C03637
R003638,P0142,P0144,CALLED,C03638
R003639,P0461,P0474,CALLED,C03639
R003640,P0032,P0050,CALLED,C03640
R003641,P0376,P0499,CALLED,C03641
R003642,P0159,P0313,CALLED,C03642
R003643,P0399,P0371,CALLED,C03643
R003644,P0162,P0183,CALLED,C03644
R003645,P0221,P0062,CALLED,C03645
R003646,P0316,P0321,CALLED,C03646
R003647,P0161,P0022,CALLED,C03647
R003648,P0423,P0443,CALLED,C03648
R003649,P0195,P0178,CALLED,C03649
R003650,P0069,P0099,CALLED,C03650
R003651,P0308,P0077,CALLED,C03651
R003652,P0439,P0414,CALLED,C03652
R003653,P0186,P0184,CALLED,C03653
R003654,P0046,P0271,CALLED,C03654
R003655,P0475,P0472,CALLED,C03655
R003656,P0134,P0103,CALLED,C03656
R003657,P0047,P0041,CALLED,C03657
R003658,P0180,P0164,CALLED,C03658
R003659,P0035,P0015,CALLED,C03659
R003660,P0267,P0390,CALLED,C03660
R003661,P0312,P0281,CALLED,C03661
R003662,P0367,P0387,CALLED,C03662
R003663,P0231,P0191,CALLED,C03663
R003664,P0044,P0218,CALLED,C03664
R003665,P0276,P0264,CALLED,C03665
R003666,P0336,P0225,CALLED,C03666
R003667,P0423,P0428,CALLED,C03667
R003668,P0366,P0352,CALLED,C03668
R003669,P0461,P0477,CALLED,C03669
R003670,P0007,P0010,CALLED,C03670
R003671,P0149,P0173,CALLED,C03671
R003672,P0033,P0048,CALLED,C03672
R003673,P0291,P0434,CALLED,C03673
R003674,P0359,P0370,CALLED,C03674
R003675,P0216,P0234,CALLED,C03675
R003676,P0069,P0065,CALLED,C03676
R003677,P0252,P0355,CALLED,C03677
R003678,P0212,P0161,CALLED,C03678
R003679,P0173,P0157,CALLED,C03679
R003680,P0291,P0276,CALLED,C03680
R003681,P0169,P0153,CALLED,C03681
R003682,P0500,P0489,CALLED,C03682
R003683,P0017,P0007,CALLED,C03683
R003684,P0326,P0328,CALLED,C03684
R003685,P0112,P0297,CALLED,C03685
R003686,P0249,P0326,CALLED,C03686
R003687,P0259,P0281,CALLED,C03687
R003688,P0439,P0440,CALLED,C03688
R003689,P0245,P0236,CALLED,C03689
R003690,P0066,P0080,CALLED,C03690
R003691,P0058,P0085,CALLED,C03691
R003692,P0067,P0058,CALLED,C03692
R003693,P0017,P0030,CALLED,C03693
R003694,P0418,P0298,CALLED,C03694
R003695,P0347,P0307,CALLED,C03695
R003696,P0169,P0155,CALLED,C03696
R003697,P0084,P0057,CALLED,C03697
R003698,P0256,P0295,CALLED,C03698
R003699,P0493,P0451,CALLED,C03699
R003700,P0037,P0048,CALLED,C03700
R003701,P0243,P0233,CALLED,C03701
R003702,P0223,P0249,CALLED,C03702
R003703,P0079,P0235,CALLED,C03703
R003704,P0233,P0372,CALLED,C03704
R003705,P0491,P0488,CALLED,C03705
R003706,P0176,P0198,CALLED,C03706
R003707,P0037,P0003,CALLED,C03707
R003708,P0231,P0180,CALLED,C03708
R003709,P0376,P0366,CALLED,C03709
R003710,P0309,P0208,CALLED,C03710
R003711,P0176,P0153,CALLED,C03711
R003712,P0426,P0430,CALLED,C03712
R003713,P0417,P0434,CALLED,C03713
R003714,P0052,P0054,CALLED,C03714
R003715,P0192,P0181,CALLED,C03715
R003716,P0418,P0479,CALLED,C03716
R003717,P0038,P0227,CALLED,C03717
R003718,P0019,P0143,CALLED,C03718
R003719,P0272,P0288,CALLED,C03719
R003720,P0420,P0443,CALLED,C03720
R003721,P0081,P0100,CALLED,C03721
R003722,P0049,P0004,CALLED,C03722
R003723,P0323,P0314,CALLED,C03723
R003724,P0366,P0357,CALLED,C03724
R003725,P0356,P0468,CALLED,C03725
R003726,P0101,P0406,CALLED,C03726
R003727,P0125,P0428,CALLED,C03727
R003728,P0067,P0095,CALLED,C03728
R003729,P0459,P0392,CALLED,C03729
R003730,P0274,P0286,CALLED,C03730
R003731,P0108,P0146,CALLED,C03731
R003732,P0486,P0490,CALLED,C03732
R003733,P0485,P0495,CALLED,C03733
R003734,P0015,P0039,CALLED,C03734
R003735,P0097,P0085,CALLED,C03735
R003736,P0139,P0142,CALLED,C03736
R003737,P0001,P0004,CALLED,C03737
R003738,P0278,P0255,CALLED,C03738
R003739,P0250,P0248,CALLED,C03739
R003740,P0433,P0409,CALLED,C03740
R003741,P0320,P0027,CALLED,C03741
R003742,P0243,P0217,CALLED,C03742
R003743,P0126,P0322,CALLED,C03743
R003744,P0109,P0105,CALLED,C03744
R003745,P0270,P0373,CALLED,C03745
R003746,P0152,P0160,CALLED,C03746
R003747,P0339,P0316,CALLED,C03747
R003748,P0378,P0368,CALLED,C03748
R003749,P0342,P0035,CALLED,C03749
R003750,P0274,P0077,CALLED,C03750
R003751,P0466,P0480,CALLED,C03751
R003752,P0085,P0480,CALLED,C03752
R003753,P0133,P0155,CALLED,C03753
R003754,P0374,P0278,CALLED,C03754
R003755,P0165,P0153,CALLED,C03755
R003756,P0432,P0431,CALLED,C03756
R003757,P0050,P0041,CALLED,C03757
R003758,P0454,P0461,CALLED,C03758
R003759,P0225,P0216,CALLED,C03759
R003760,P0495,P0204,CALLED,C03760
R003761,P0420,P0405,CALLED,C03761
R003762,P0487,P0482,CALLED,C03762
R003763,P0408,P0293,CALLED,C03763
R003764,P0035,P0289,CALLED,C03764
R003765,P0055,P0081,CALLED,C03765
R003766,P0310,P0323,CALLED,C03766
R003767,P0124,P0136,CALLED,C03767
R003768,P0035,P0003,CALLED,C03768
R003769,P0461,P0491,CALLED,C03769
R003770,P0108,P0103,CALLED,C03770
R003771,P0141,P0129,CALLED,C03771
R003772,P0112,P0101,CALLED,C03772
R003773,P0282,P0152,CALLED,C03773
R003774,P0132,P0140,CALLED,C03774
R003775,P0140,P0147,CALLED,C03775
R003776,P0256,P0253,CALLED,C03776
R003777,P0364,P0066,CALLED,C03777
R003778,P0301,P0329,CALLED,C03778
R003779,P0415,P0401,CALLED,C03779
R003780,P0328,P0141,CALLED,C03780
R003781,P0350,P0337,CALLED,C03781
R003782,P0364,P0203,CALLED,C03782
R003783,P0431,P0447,CALLED,C03783
R003784,P0217,P0205,CALLED,C03784
R003785,P0351,P0352,CALLED,C03785
R003786,P0297,P0292,CALLED,C03786
R003787,P0345,P0311,CALLED,C03787
R003788,P0021,P0002,CALLED,C03788
R003789,P0158,P0172,CALLED,C03789
R003790,P0109,P0143,CALLED,C03790
R003791,P0392,P0379,CALLED,C03791
R003792,P0489,P0359,CALLED,C03792
R003793,P0347,P0102,CALLED,C03793
R003794,P0398,P0082,CALLED,C03794
R003795,P0238,P0229,CALLED,C03795
R003796,P0142,P0273,CALLED,C03796
R003797,P0274,P0457,CALLED,C03797
R003798,P0222,P0035,CALLED,C03798
R003799,P0295,P0300,CALLED,C03799
R003800,P0287,P0277,CALLED,C03800
R003801,P0179,P0188,CALLED,C03801
R003802,P0129,P0117,CALLED,C03802
R003803,P0001,P0282,CALLED,C03803
R003804,P0056,P0450,CALLED,C03804
R003805,P0104,P0195,CALLED,C03805
R003806,P0378,P0394,CALLED,C03806
R003807,P0151,P0194,CALLED,C03807
R003808,P0383,P0127,CALLED,C03808
R003809,P0295,P0276,CALLED,C03809
R003810,P0434,P0444,CALLED,C03810
R003811,P0494,P0484,CALLED,C03811
R003812,P0133,P0398,CALLED,C03812
R003813,P0451,P0492,CALLED,C03813
R003814,P0497,P0492,CALLED,C03814
R003815,P0220,P0218,CALLED,C03815
R003816,P0148,P0128,CALLED,C03816
R003817,P0170,P0200,CALLED,C03817
R003818,P0047,P0017,CALLED,C03818
R003819,P0484,P0472,CALLED,C03819
R003820,P0187,P0260,CALLED,C03820
R003821,P0255,P0169,CALLED,C03821
R003822,P0214,P0220,CALLED,C03822
R003823,P0334,P0344,CALLED,C03823
R003824,P0307,P0344,CALLED,C03824
R003825,P0414,P0425,CALLED,C03825
R003826,P0016,P0013,CALLED,C03826
R003827,P0422,P0444,CALLED,C03827
R003828,P0493,P0071,CALLED,C03828
R003829,P0258,P0269,CALLED,C03829
R003830,P0116,P0118,CALLED,C03830
R003831,P0169,P0454,CALLED,C03831
R003832,P0295,P0279,CALLED,C03832
R003833,P0205,P0213,CALLED,C03833
R003834,P0376,P0358,CALLED,C03834
R003835,P0306,P0048,CALLED,C03835
R003836,P0167,P0016,CALLED,C03836
R003837,P0135,P0142,CALLED,C03837
R003838,P0219,P0227,CALLED,C03838
R003839,P0272,P0288,CALLED,C03839
R003840,P0301,P0332,CALLED,C03840
R003841,P0111,P0119,CALLED,C03841
R003842,P0454,P0467,CALLED,C03842
R003843,P0176,P0187,CALLED,C03843
R003844,P0218,P0456,CALLED,C03844
R003845,P0374,P0372,CALLED,C03845
R003846,P0352,P0397,CALLED,C03846
R003847,P0188,P0164,CALLED,C03847
R003848,P0361,P0358,CALLED,C03848
R003849,P0199,P0194,CALLED,C03849
R003850,P0081,P0296,CALLED,C03850
R003851,P0265,P0252,CALLED,C03851
R003852,P0036,P0009,CALLED,C03852
R003853,P0212,P0230,CALLED,C03853
R003854,P0435,P0429,CALLED,C03854
R003855,P0145,P0143,CALLED,C03855
R003856,P0217,P0227,CALLED,C03856
R003857,P0232,P0227,CALLED,C03857
R003858,P0229,P0210,CALLED,C03858
R003859,P0386,P0380,CALLED,C03859
R003860,P0351,P0395,CALLED,C03860
R003861,P0028,P0006,CALLED,C03861
R003862,P0079,P0280,CALLED,C03862
R003863,P0070,P0263,CALLED,C03863
R003864,P0317,P0308,CALLED,C03864
R003865,P0039,P0331,CALLED,C03865
R003866,P0013,P0005,CALLED,C03866
R003867,P0130,P0138,CALLED,C03867
R003868,P0266,P0274,CALLED,C03868
R003869,P0456,P0490,CALLED,C03869
R003870,P0081,P0051,CALLED,C03870
R003871,P0392,P0357,CALLED,C03871
R003872,P0336,P0338,CALLED,C03872
R003873,P0142,P0119,CALLED,C03873
R003874,P0047,P0018,CALLED,C03874
R003875,P0255,P0285,CALLED,C03875
R003876,P0123,P0143,CALLED,C03876
R003877,P0462,P0453,CALLED,C03877
R003878,P0489,P0481,CALLED,C03878
R003879,P0478,P0471,CALLED,C03879
R003880,P0343,P0344,CALLED,C03880
R003881,P0319,P0308,CALLED,C03881
R003882,P0256,P0263,CALLED,C03882
R003883,P0405,P0217,CALLED,C03883
R003884,P0098,P0094,CALLED,C03884
R003885,P0400,P0356,CALLED,C03885
R003886,P0267,P0153,CALLED,C03886
R003887,P0453,P0483,CALLED,C03887
R003888,P0044,P0023,CALLED,C03888
R003889,P0486,P0478,CALLED,C03889
R003890,P0398,P0388,CALLED,C03890
R003891,P0266,P0191,CALLED,C03891
R003892,P0313,P0284,CALLED,C03892
R003893,P0287,P0277,CALLED,C03893
R003894,P0233,P0371,CALLED,C03894
R003895,P0010,P0043,CALLED,C03895
R003896,P0101,P0122,CALLED,C03896
R003897,P0265,P0446,CALLED,C03897
R003898,P0105,P0149,CALLED,C03898
R003899,P0225,P0201,CALLED,C03899
R003900,P0247,P0370,CALLED,C03900
R003901,P0306,P0330,CALLED,C03901
R003902,P0177,P0410,CALLED,C03902
R003903,P0430,P0220,CALLED,C03903
R003904,P0170,P0151,CALLED,C03904
R003905,P0495,P0036,CALLED,C03905
R003906,P0298,P0355,CALLED,C03906
R003907,P0223,P0094,CALLED,C03907
R003908,P0184,P0189,CALLED,C03908
R003909,P0271,P0147,CALLED,C03909
R003910,P0277,P0258,CALLED,C03910
R003911,P0145,P0116,CALLED,C03911
R003912,P0234,P0202,CALLED,C03912
R003913,P0129,P0141,CALLED,C03913
R003914,P0492,P0346,CALLED,C03914
R003915,P0341,P0342,CALLED,C03915
R003916,P0057,P0059,CALLED,C03916
R003917,P0136,P0132,CALLED,C03917
R003918,P0223,P0240,CALLED,C03918
R003919,P0296,P0269,CALLED,C03919
R003920,P0122,P0109,CALLED,C03920
R003921,P0453,P0471,CALLED,C03921
R003922,P0090,P0275,CALLED,C03922
R003923,P0169,P0079,CALLED,C03923
R003924,P0086,P0418,CALLED,C03924
R003925,P0102,P0114,CALLED,C03925
R003926,P0398,P0381,CALLED,C03926
R003927,P0134,P0130,CALLED,C03927
R003928,P0379,P0386,CALLED,C03928
R003929,P0004,P0209,CALLED,C03929
R003930,P0299,P0291,CALLED,C03930
R003931,P0129,P0132,CALLED,C03931
R003932,P0296,P0288,CALLED,C03932
R003933,P0111,P0136,CALLED,C03933
R003934,P0117,P0103,CALLED,C03934
R003935,P0267,P0310,CALLED,C03935
R003936,P0207,P0227,CALLED,C03936
R003937,P0477,P0491,CALLED,C03937
R003938,P0275,P0289,CALLED,C03938
R003939,P0221,P0256,CALLED,C03939
R003940,P0095,P0061,CALLED,C03940
R003941,P0352,P0351,CALLED,C03941
R003942,P0299,P0431,CALLED,C03942
R003943,P0041,P0036,CALLED,C03943
R003944,P0025,P0116,CALLED,C03944
R003945,P0432,P0406,CALLED,C03945
R003946,P0440,P0404,CALLED,C03946
R003947,P0074,P0064,CALLED,C03947
R003948,P0352,P0359,CALLED,C03948
R003949,P0275,P0274,CALLED,C03949
R003950,P0493,P0469,CALLED,C03950
R003951,P0274,P0252,CALLED,C03951
R003952,P0079,P0058,CALLED,C03952
R003953,P0287,P0115,CALLED,C03953
R003954,P0340,P0460,CALLED,C03954
R003955,P0411,P0450,CALLED,C03955
R003956,P0313,P0323,CALLED,C03956
R003957,P0221,P0210,CALLED,C03957
R003958,P0349,P0340,CALLED,C03958
R003959,P0281,P0073,CALLED,C03959
R003960,P0162,P0197,CALLED,C03960
R003961,P0147,P0005,CALLED,C03961
R003962,P0037,P0017,CALLED,C03962
R003963,P0186,P0368,CALLED,C03963
R003964,P0046,P0002,CALLED,C03964
R003965,P0160,P0171,CALLED,C03965
R003966,P0045,P0489,CALLED,C03966
R003967,P0446,P0424,CALLED,C03967
R003968,P0378,P0385,CALLED,C03968
R003969,P0108,P0150,CALLED,C03969
R003970,P0183,P0156,CALLED,C03970
R003971,P0140,P0134,CALLED,C03971
R003972,P0475,P0494,CALLED,C03972
R003973,P0457,P0494,CALLED,C03973
R003974,P0336,P0347,CALLED,C03974
R003975,P0452,P0442,CALLED,C03975
R003976,P0044,P0006,CALLED,C03976
R003977,P0083,P0099,CALLED,C03977
R003978,P0161,P0152,CALLED,C03978
R003979,P0355,P0367,CALLED,C03979
R003980,P0254,P0233,CALLED,C03980
R003981,P0360,P0365,CALLED,C03981
R003982,P0013,P0043,CALLED,C03982
R003983,P0021,P0050,CALLED,C03983
R003984,P0154,P0178,CALLED,C03984
R003985,P0468,P0476,CALLED,C03985
R003986,P0071,P0393,CALLED,C03986
R003987,P0098,P0094,CALLED,C03987
R003988,P0068,P0092,CALLED,C03988
R003989,P0214,P0202,CALLED,C03989
R003990,P0445,P0434,CALLED,C03990
R003991,P0497,P0451,CALLED,C03991
R003992,P0430,P0355,CALLED,C03992
R003993,P0183,P0162,CALLED,C03993
R003994,P0489,P0216,CALLED,C03994
R003995,P0121,P0220,CALLED,C03995
R003996,P0363,P0376,CALLED,C03996
R003997,P0177,P0167,CALLED,C03997
R003998,P0234,P0228,CALLED,C03998
R003999,P0059,P0053,CALLED,C03999
R004000,P0137,P0129,CALLED,C04000
R004001,P0201,P0233,CALLED,C04001
R004002,P0074,P0079,CALLED,C04002
R004003,P0305,P0327,CALLED,C04003
R004004,P0441,P0102,CALLED,C04004
R004005,P0022,P0046,CALLED,C04005
R004006,P0333,P0316,CALLED,C04006
R004007,P0068,P0052,CALLED,C04007
R004008,P0287,P0273,CALLED,C04008
R004009,P0006,P0039,CALLED,C04009
R004010,P0490,P0113,CALLED,C04010
R004011,P0092,P0097,CALLED,C04011
R004012,P0293,P0254,CALLED,C04012
R004013,P0463,P0467,CALLED,C04013
R004014,P0253,P0285,CALLED,C04014
R004015,P0386,P0397,CALLED,C04015
R004016,P0418,P0413,CALLED,C04016
R004017,P0132,P0137,CALLED,C04017
R004018,P0064,P0157,CALLED,C04018
R004019,P0328,P0337,CALLED,C04019
R004020,P0385,P0357,CALLED,C04020
R004021,P0067,P0244,CALLED,C04021
R004022,P0092,P0079,CALLED,C04022
R004023,P0288,P0262,CALLED,C04023
R004024,P0415,P0411,CALLED,C04024
R004025,P0004,P0006,CALLED,C04025
R004026,P0469,P0491,CALLED,C04026
R004027,P0250,P0237,CALLED,C04027
R004028,P0171,P0196,CALLED,C04028
R004029,P0181,P0161,CALLED,C04029
R004030,P0486,P0458,CALLED,C04030
R004031,P0396,P0381,CALLED,C04031
R004032,P0084,P0080,CALLED,C04032
R004033,P0032,P0047,CALLED,C04033
R004034,P0317,P0325,CALLED,C04034
R004035,P0480,P0474,CALLED,C04035
R004036,P0251,P0109,CALLED,C04036
R004037,P0343,P0248,CALLED,C04037
R004038,P0031,P0036,CALLED,C04038
R004039,P0061,P0056,CALLED,C04039
R004040,P0488,P0454,CALLED,C04040
R004041,P0324,P0347,CALLED,C04041
R004042,P0280,P0255,CALLED,C04042
R004043,P0100,P0096,CALLED,C04043
R004044,P0452,P0479,CALLED,C04044
R004045,P0271,P0324,CALLED,C04045
R004046,P0481,P0297,CALLED,C04046
R004047,P0416,P0418,CALLED,C04047
R004048,P0235,P0229,CALLED,C04048
R004049,P0369,P0394,CALLED,C04049
R004050,P0331,P0326,CALLED,C04050
R004051,P0079,P0088,CALLED,C04051
R004052,P0013,P0020,CALLED,C04052
R004053,P0312,P0326,CALLED,C04053
R004054,P0223,P0211,CALLED,C04054
R004055,P0030,P0049,CALLED,C04055
R004056,P0078,P0083,CALLED,C04056
R004057,P0374,P0358,CALLED,C04057
R004058,P0488,P0452,CALLED,C04058
R004059,P0339,P0314,CALLED,C04059
R004060,P0209,P0210,CALLED,C04060
R004061,P0115,P0132,CALLED,C04061
R004062,P0165,P0196,CALLED,C04062
R004063,P0470,P0460,CALLED,C04063
R004064,P0163,P0165,CALLED,C04064
R004065,P0264,P0108,CALLED,C04065
R004066,P0386,P0391,CALLED,C04066
R004067,P0446,P0442,CALLED,C04067
R004068,P0337,P0343,CALLED,C04068
R004069,P0270,P0297,CALLED,C04069
R004070,P0238,P0318,CALLED,C04070
R004071,P0141,P0129,CALLED,C04071
R004072,P0464,P0467,CALLED,C04072
R004073,P0480,P0490,CALLED,C04073
R004074,P0095,P0074,CALLED,C04074
R004075,P0494,P0477,CALLED,C04075
R004076,P0009,P0022,CALLED,C04076
R004077,P0026,P0042,CALLED,C04077
R004078,P0237,P0244,CALLED,C04078
R004079,P0046,P0456,CALLED,C04079
R004080,P0375,P0361,CALLED,C04080
R004081,P0124,P0465,CALLED,C04081
R004082,P0467,P0490,CALLED,C04082
R004083,P0271,P0298,CALLED,C04083
R004084,P0354,P0383,CALLED,C04084
R004085,P0047,P0009,CALLED,C04085
R004086,P0194,P0198,CALLED,C04086
R004087,P0111,P0147,CALLED,C04087
R004088,P0455,P0478,CALLED,C04088
R004089,P0020,P0036,CALLED,C04089
R004090,P0107,P0500,CALLED,C04090
R004091,P0286,P0454,CALLED,C04091
R004092,P0206,P0231,CALLED,C04092
R004093,P0357,P0377,CALLED,C04093
R004094,P0407,P0401,CALLED,C04094
R004095,P0328,P0337,CALLED,C04095
R004096,P0185,P0179,CALLED,C04096
R004097,P0452,P0493,CALLED,C04097
R004098,P0385,P0370,CALLED,C04098
R004099,P0277,P0258,CALLED,C04099
R004100,P0476,P0483,CALLED,C04100
R004101,P0254,P0260,CALLED,C04101
R004102,P0318,P0326,CALLED,C04102
R004103,P0426,P0439,CALLED,C04103
R004104,P0303,P0316,CALLED,C04104
R004105,P0270,P0277,CALLED,C04105
R004106,P0014,P0031,CALLED,C04106
R004107,P0458,P0493,CALLED,C04107
R004108,P0253,P0299,CALLED,C04108
R004109,P0286,P0277,CALLED,C04109
R004110,P0208,P0221,CALLED,C04110
R004111,P0213,P0366,CALLED,C04111
R004112,P0298,P0251,CALLED,C04112
R004113,P0401,P0407,CALLED,C04113
R004114,P0439,P0239,CALLED,C04114
R004115,P0348,P0342,CALLED,C04115
R004116,P0060,P0098,CALLED,C04116
R004117,P0173,P0062,CALLED,C04117
R004118,P0296,P0211,CALLED,C04118
R004119,P0035,P0001,CALLED,C04119
R004120,P0446,P0424,CALLED,C04120
R004121,P0465,P0464,CALLED,C04121
R004122,P0103,P0137,CALLED,C04122
R004123,P0081,P0082,CALLED,C04123
R004124,P0367,P0385,CALLED,C04124
R004125,P0127,P0148,CALLED,C04125
R004126,P0199,P0304,CALLED,C04126
R004127,P0108,P0136,CALLED,C04127
R004128,P0093,P0097,CALLED,C04128
R004129,P0315,P0433,CALLED,C04129
R004130,P0450,P0432,CALLED,C04130
R004131,P0243,P0222,CALLED,C04131
R004132,P0052,P0088,CALLED,C04132
R004133,P0025,P0496,CALLED,C04133
R004134,P0149,P0104,CALLED,C04134
R004135,P0250,P0207,CALLED,C04135
R004136,P0449,P0278,CALLED,C04136
R004137,P0416,P0418,CALLED,C04137
R004138,P0252,P0276,CALLED,C04138
R004139,P0467,P0257,CALLED,C04139
R004140,P0328,P0339,CALLED,C04140
R004141,P0179,P0293,CALLED,C04141
R004142,P0143,P0140,CALLED,C04142
R004143,P0334,P0227,CALLED,C04143
R004144,P0419,P0430,CALLED,C04144
R004145,P0413,P0177,CALLED,C04145
R004146,P0441,P0426,CALLED,C04146
R004147,P0164,P0299,CALLED,C04147
R004148,P0375,P0356,CALLED,C04148
R004149,P0277,P0205,CALLED,C04149
R004150,P0336,P0339,CALLED,C04150
R004151,P0311,P0332,CALLED,C04151
R004152,P0282,P0259,CALLED,C04152
R004153,P0113,P0122,CALLED,C04153
R004154,P0298,P0284,CALLED,C04154
R004155,P0074,P0054,CALLED,C04155
R004156,P0460,P0117,CALLED,C04156
R004157,P0277,P0252,CALLED,C04157
R004158,P0160,P0159,CALLED,C04158
R004159,P0297,P0139,CALLED,C04159
R004160,P0142,P0466,CALLED,C04160
R004161,P0249,P0263,CALLED,C04161
R004162,P0381,P0388,CALLED,C04162
R004163,P0078,P0084,CALLED,C04163
R004164,P0494,P0498,CALLED,C04164
R004165,P0412,P0349,CALLED,C04165
R004166,P0384,P0400,CALLED,C04166
R004167,P0379,P0369,CALLED,C04167
R004168,P0154,P0258,CALLED,C04168
R004169,P0077,P0162,CALLED,C04169
R004170,P0171,P0158,CALLED,C04170
R004171,P0284,P0013,CALLED,C04171
R004172,P0448,P0434,CALLED,C04172
R004173,P0226,P0204,CALLED,C04173
R004174,P0409,P0435,CALLED,C04174
R004175,P0104,P0141,CALLED,C04175
R004176,P0336,P0324,CALLED,C04176
R004177,P0093,P0092,CALLED,C04177
R004178,P0215,P0201,CALLED,C04178
R004179,P0183,P0073,CALLED,C04179
R004180,P0164,P0155,CALLED,C04180
R004181,P0168,P0188,CALLED,C04181
R004182,P0049,P0003,CALLED,C04182
R004183,P0489,P0482,CALLED,C04183
R004184,P0368,P0212,CALLED,C04184
R004185,P0383,P0376,CALLED,C04185
R004186,P0132,P0139,CALLED,C04186
R004187,P0369,P0388,CALLED,C04187
R004188,P0189,P0171,CALLED,C04188
R004189,P0364,P0394,CALLED,C04189
R004190,P0336,P0330,CALLED,C04190
R004191,P0352,P0365,CALLED,C04191
R004192,P0044,P0029,CALLED,C04192
R004193,P0062,P0444,CALLED,C04193
R004194,P0464,P0483,CALLED,C04194
R004195,P0249,P0229,CALLED,C04195
R004196,P0151,P0170,CALLED,C04196
R004197,P0026,P0043,CALLED,C04197
R004198,P0049,P0094,CALLED,C04198
R004199,P0284,P0297,CALLED,C04199
R004200,P0337,P0159,CALLED,C04200
R004201,P0025,P0048,CALLED,C04201
R004202,P0020,P0036,CALLED,C04202
R004203,P0347,P0322,CALLED,C04203
R004204,P0364,P0191,CALLED,C04204
R004205,P0157,P0164,CALLED,C04205
R004206,P0132,P0126,CALLED,C04206
R004207,P0464,P0474,CALLED,C04207
R004208,P0239,P0205,CALLED,C04208
R004209,P0212,P0228,CALLED,C04209
R004210,P0044,P0032,CALLED,C04210
R004211,P0056,P0065,CALLED,C04211
R004212,P0148,P0113,CALLED,C04212
R004213,P0134,P0300,CALLED,C04213
R004214,P0050,P0410,CALLED,C04214
R004215,P0020,P0041,CALLED,C04215
R004216,P0025,P0030,CALLED,C04216
R004217,P0038,P0044,CALLED,C04217
R004218,P0235,P0093,CALLED,C04218
R004219,P0425,P0437,CALLED,C04219
R004220,P0357,P0393,CALLED,C04220
R004221,P0380,P0351,CALLED,C04221
R004222,P0080,P0094,CALLED,C04222
R004223,P0436,P0212,CALLED,C04223
R004224,P0436,P0445,CALLED,C04224
R004225,P0481,P0463,CALLED,C04225
R004226,P0486,P0357,CALLED,C04226
R004227,P0027,P0087,CALLED,C04227
R004228,P0337,P0218,CALLED,C04228
R004229,P0266,P0228,CALLED,C04229
R004230,P0382,P0041,CALLED,C04230
R004231,P0367,P0371,CALLED,C04231
R004232,P0266,P0279,CALLED,C04232
R004233,P0244,P0248,CALLED,C04233
R004234,P0016,P0029,CALLED,C04234
R004235,P0247,P0269,CALLED,C04235
R004236,P0424,P0426,CALLED,C04236
R004237,P0475,P0470,CALLED,C04237
R004238,P0364,P0354,CALLED,C04238
R004239,P0202,P0221,CALLED,C04239
R004240,P0415,P0435,CALLED,C04240
R004241,P0226,P0230,CALLED,C04241
R004242,P0382,P0020,CALLED,C04242
R004243,P0490,P0481,CALLED,C04243
R004244,P0363,P0489,CALLED,C04244
R004245,P0378,P0353,CALLED,C04245
R004246,P0234,P0217,CALLED,C04246
R004247,P0166,P0152,CALLED,C04247
R004248,P0229,P0442,CALLED,C04248
R004249,P0252,P0273,CALLED,C04249
R004250,P0334,P0331,CALLED,C04250
R004251,P0444,P0408,CALLED,C04251
R004252,P0442,P0112,CALLED,C04252
R004253,P0492,P0488,CALLED,C04253
R004254,P0128,P0256,CALLED,C04254
R004255,P0259,P0399,CALLED,C04255
R004256,P0342,P0324,CALLED,C04256
R004257,P0384,P0364,CALLED,C04257
R004258,P0151,P0165,CALLED,C04258
R004259,P0293,P0269,CALLED,C04259
R004260,P0362,P0383,CALLED,C04260
R004261,P0284,P0445,CALLED,C04261
R004262,P0132,P0126,CALLED,C04262
R004263,P0483,P0468,CALLED,C04263
R004264,P0298,P0288,CALLED,C04264
R004265,P0278,P0251,CALLED,C04265
R004266,P0261,P0264,CALLED,C04266
R004267,P0152,P0189,CALLED,C04267
R004268,P0016,P0002,CALLED,C04268
R004269,P0141,P0413,CALLED,C04269
R004270,P0102,P0108,CALLED,C04270
R004271,P0421,P0401,CALLED,C04271
R004272,P0409,P0445,CALLED,C04272
R004273,P0065,P0414,CALLED,C04273
R004274,P0017,P0291,CALLED,C04274
R004275,P0364,P0384,CALLED,C04275
R004276,P0301,P0416,CALLED,C04276
R004277,P0074,P0056,CALLED,C04277
R004278,P0446,P0071,CALLED,C04278
R004279,P0051,P0259,CALLED,C04279
R004280,P0434,P0443,CALLED,C04280
R004281,P0408,P0437,CALLED,C04281
R004282,P0135,P0380,CALLED,C04282
R004283,P0233,P0236,CALLED,C04283
R004284,P0262,P0293,CALLED,C04284
R004285,P0016,P0022,CALLED,C04285
R004286,P0289,P0295,CALLED,C04286
R004287,P0033,P0049,CALLED,C04287
R004288,P0154,P0229,CALLED,C04288
R004289,P0462,P0474,CALLED,C04289
R004290,P0119,P0148,CALLED,C04290
R004291,P0046,P0019,CALLED,C04291
R004292,P0292,P0353,CALLED,C04292
R004293,P0113,P0144,CALLED,C04293
R004294,P0274,P0288,CALLED,C04294
R004295,P0221,P0229,CALLED,C04295
R004296,P0060,P0100,CALLED,C04296
R004297,P0155,P0169,CALLED,C04297
R004298,P0391,P0354,CALLED,C04298
R004299,P0223,P0240,CALLED,C04299
R004300,P0491,P0063,CALLED,C04300
R004301,P0395,P0399,CALLED,C04301
R004302,P0314,P0183,CALLED,C04302
R004303,P0349,P0346,CALLED,C04303
R004304,P0294,P0281,CALLED,C04304
R004305,P0176,P0186,CALLED,C04305
R004306,P0343,P0349,CALLED,C04306
R004307,P0280,P0180,CALLED,C04307
R004308,P0283,P0101,CALLED,C04308
R004309,P0126,P0119,CALLED,C04309
R004310,P0196,P0164,CALLED,C04310
R004311,P0043,P0016,CALLED,C04311
R004312,P0464,P0484,CALLED,C04312
R004313,P0212,P0396,CALLED,C04313
R004314,P0412,P0070,CALLED,C04314
R004315,P0119,P0112,CALLED,C04315
R004316,P0320,P0318,CALLED,C04316
R004317,P0149,P0132,CALLED,C04317
R004318,P0431,P0429,CALLED,C04318
R004319,P0429,P0443,CALLED,C04319
R004320,P0292,P0316,CALLED,C04320
R004321,P0326,P0320,CALLED,C04321
R004322,P0321,P0194,CALLED,C04322
R004323,P0475,P0477,CALLED,C04323
R004324,P0296,P0401,CALLED,C04324
R004325,P0432,P0409,CALLED,C04325
R004326,P0450,P0418,CALLED,C04326
R004327,P0332,P0320,CALLED,C04327
R004328,P0404,P0169,CALLED,C04328
R004329,P0393,P0376,CALLED,C04329
R004330,P0004,P0023,CALLED,C04330
R004331,P0392,P0378,CALLED,C04331
R004332,P0315,P0311,CALLED,C04332
R004333,P0323,P0313,CALLED,C04333
R004334,P0106,P0144,CALLED,C04334
R004335,P0071,P0026,CALLED,C04335
R004336,P0423,P0443,CALLED,C04336
R004337,P0165,P0171,CALLED,C04337
R004338,P0468,P0096,CALLED,C04338
R004339,P0211,P0364,CALLED,C04339
R004340,P0066,P0107,CALLED,C04340
R004341,P0440,P0405,CALLED,C04341
R004342,P0084,P0068,CALLED,C04342
R004343,P0324,P0340,CALLED,C04343
R004344,P0290,P0278,CALLED,C04344
R004345,P0258,P0421,CALLED,C04345
R004346,P0397,P0398,CALLED,C04346
R004347,P0499,P0460,CALLED,C04347
R004348,P0180,P0158,CALLED,C04348
R004349,P0156,P0190,CALLED,C04349
R004350,P0327,P0323,CALLED,C04350
R004351,P0077,P0073,CALLED,C04351
R004352,P0272,P0260,CALLED,C04352
R004353,P0341,P0331,CALLED,C04353
R004354,P0023,P0048,CALLED,C04354
R004355,P0280,P0255,CALLED,C04355
R004356,P0330,P0345,CALLED,C04356
R004357,P0097,P0295,CALLED,C04357
R004358,P0268,P0284,CALLED,C04358
R004359,P0446,P0215,CALLED,C04359
R004360,P0160,P0157,CALLED,C04360
R004361,P0227,P0248,CALLED,C04361
R004362,P0147,P0103,CALLED,C04362
R004363,P0235,P0233,CALLED,C04363
R004364,P0169,P0176,CALLED,C04364
R004365,P0151,P0171,CALLED,C04365
R004366,P0001,P0037,CALLED,C04366
R004367,P0353,P0391,CALLED,C04367
R004368,P0062,P0072,CALLED,C04368
R004369,P0472,P0467,CALLED,C04369
R004370,P0407,P0430,CALLED,C04370
R004371,P0082,P0098,CALLED,C04371
R004372,P0036,P0030,CALLED,C04372
R004373,P0311,P0394,CALLED,C04373
R004374,P0175,P0169,CALLED,C04374
R004375,P0023,P0198,CALLED,C04375
R004376,P0446,P0182,CALLED,C04376
R004377,P0189,P0240,CALLED,C04377
R004378,P0004,P0296,CALLED,C04378
R004379,P0278,P0260,CALLED,C04379
R004380,P0141,P0143,CALLED,C04380
R004381,P0333,P0302,CALLED,C04381
R004382,P0038,P0042,CALLED,C04382
R004383,P0405,P0442,CALLED,C04383
R004384,P0256,P0354,CALLED,C04384
R004385,P0430,P0432,CALLED,C04385
R004386,P0359,P0395,CALLED,C04386
R004387,P0278,P0292,CALLED,C04387
R004388,P0289,P0274,CALLED,C04388
R004389,P0419,P0086,CALLED,C04389
R004390,P0189,P0206,CALLED,C04390
R004391,P0340,P0236,CALLED,C04391
R004392,P0032,P0023,CALLED,C04392
R004393,P0370,P0269,CALLED,C04393
R004394,P0409,P0447,CALLED,C04394
R004395,P0232,P0229,CALLED,C04395
R004396,P0214,P0235,CALLED,C04396
R004397,P0091,P0180,CALLED,C04397
R004398,P0045,P0025,CALLED,C04398
R004399,P0358,P0387,CALLED,C04399
R004400,P0266,P0294,CALLED,C04400
R004401,P0245,P0286,CALLED,C04401
R004402,P0448,P0447,CALLED,C04402
R004403,P0092,P0217,CALLED,C04403
R004404,P0490,P0252,CALLED,C04404
R004405,P0126,P0138,CALLED,C04405
R004406,P0461,P0459,CALLED,C04406
R004407,P0428,P0422,CALLED,C04407
R004408,P0374,P0399,CALLED,C04408
R004409,P0400,P0433,CALLED,C04409
R004410,P0343,P0155,CALLED,C04410
R004411,P0445,P0405,CALLED,C04411
R004412,P0460,P0480,CALLED,C04412
R004413,P0175,P0188,CALLED,C04413
R004414,P0467,P0463,CALLED,C04414
R004415,P0351,P0384,CALLED,C04415
R004416,P0117,P0397,CALLED,C04416
R004417,P0132,P0150,CALLED,C04417
R004418,P0460,P0458,CALLED,C04418
R004419,P0477,P0490,CALLED,C04419
R004420,P0264,P0284,CALLED,C04420
R004421,P0296,P0282,CALLED,C04421
R004422,P0042,P0006,CALLED,C04422
R004423,P0271,P0269,CALLED,C04423
R004424,P0426,P0119,CALLED,C04424
R004425,P0110,P0143,CALLED,C04425
R004426,P0043,P0385,CALLED,C04426
R004427,P0304,P0340,CALLED,C04427
R004428,P0026,P0214,CALLED,C04428
R004429,P0054,P0079,CALLED,C04429
R004430,P0241,P0249,CALLED,C04430
R004431,P0082,P0072,CALLED,C04431
R004432,P0173,P0224,CALLED,C04432
R004433,P0164,P0194,CALLED,C04433
R004434,P0289,P0255,CALLED,C04434
R004435,P0392,P0390,CALLED,C04435
R004436,P0454,P0496,CALLED,C04436
R004437,P0106,P0138,CALLED,C04437
R004438,P0489,P0468,CALLED,C04438
R004439,P0111,P0418,CALLED,C04439
R004440,P0211,P0227,CALLED,C04440
R004441,P0421,P0364,CALLED,C04441
R004442,P0483,P0492,CALLED,C04442
R004443,P0426,P0424,CALLED,C04443
R004444,P0139,P0108,CALLED,C04444
R004445,P0488,P0053,CALLED,C04445
R004446,P0495,P0161,CALLED,C04446
R004447,P0007,P0013,CALLED,C04447
R004448,P0276,P0285,CALLED,C04448
R004449,P0047,P0009,CALLED,C04449
R004450,P0331,P0306,CALLED,C04450
R004451,P0211,P0216,CALLED,C04451
R004452,P0020,P0050,CALLED,C04452
R004453,P0346,P0326,CALLED,C04453
R004454,P0105,P0103,CALLED,C04454
R004455,P0027,P0011,CALLED,C04455
R004456,P0190,P0438,CALLED,C04456
R004457,P0075,P0146,CALLED,C04457
R004458,P0269,P0255,CALLED,C04458
R004459,P0378,P0399,CALLED,C04459
R004460,P0086,P0061,CALLED,C04460
R004461,P0236,P0282,CALLED,C04461
R004462,P0173,P0180,CALLED,C04462
R004463,P0056,P0097,CALLED,C04463
R004464,P0171,P0166,CALLED,C04464
R004465,P0392,P0351,CALLED,C04465
R004466,P0237,P0219,CALLED,C04466
R004467,P0309,P0350,CALLED,C04467
R004468,P0467,P0297,CALLED,C04468
R004469,P0268,P0298,CALLED,C04469
R004470,P0163,P0196,CALLED,C04470
R004471,P0088,P0077,CALLED,C04471
R004472,P0361,P0474,CALLED,C04472
R004473,P0094,P0065,CALLED,C04473
R004474,P0006,P0483,CALLED,C04474
R004475,P0360,P0366,CALLED,C04475
R004476,P0403,P0415,CALLED,C04476
R004477,P0423,P0348,CALLED,C04477
R004478,P0406,P0429,CALLED,C04478
R004479,P0181,P0484,CALLED,C04479
R004480,P0489,P0421,CALLED,C04480
R004481,P0217,P0126,CALLED,C04481
R004482,P0166,P0157,CALLED,C04482
R004483,P0028,P0419,CALLED,C04483
R004484,P0002,P0016,CALLED,C04484
R004485,P0296,P0256,CALLED,C04485
R004486,P0096,P0067,CALLED,C04486
R004487,P0228,P0205,CALLED,C04487
R004488,P0162,P0199,CALLED,C04488
R004489,P0014,P0043,CALLED,C04489
R004490,P0214,P0247,CALLED,C04490
R004491,P0255,P0253,CALLED,C04491
R004492,P0208,P0213,CALLED,C04492
R004493,P0234,P0293,CALLED,C04493
R004494,P0076,P0351,CALLED,C04494
R004495,P0359,P0393,CALLED,C04495
R004496,P0499,P0486,CALLED,C04496
R004497,P0398,P0379,CALLED,C04497
R004498,P0059,P0064,CALLED,C04498
R004499,P0103,P0118,CALLED,C04499
R004500,P0221,P0222,CALLED,C04500
R004501,P0115,P0144,CALLED,C04501
R004502,P0493,P0476,CALLED,C04502
R004503,P0073,P0082,CALLED,C04503
R004504,P0055,P0393,CALLED,C04504
R004505,P0220,P0239,CALLED,C04505
R004506,P0471,P0467,CALLED,C04506
R004507,P0459,P0234,CALLED,C04507
R004508,P0039,P0394,CALLED,C04508
R004509,P0273,P0294,CALLED,C04509
R004510,P0219,P0249,CALLED,C04510
R004511,P0434,P0435,CALLED,C04511
R004512,P0410,P0055,CALLED,C04512
R004513,P0018,P0002,CALLED,C04513
R004514,P0095,P0079,CALLED,C04514
R004515,P0144,P0049,CALLED,C04515
R004516,P0084,P0077,CALLED,C04516
R004517,P0154,P0422,CALLED,C04517
R004518,P0356,P0358,CALLED,C04518
R004519,P0119,P0125,CALLED,C04519
R004520,P0215,P0249,CALLED,C04520
R004521,P0338,P0217,CALLED,C04521
R004522,P0328,P0398,CALLED,C04522
R004523,P0227,P0320,CALLED,C04523
R004524,P0352,P0369,CALLED,C04524
R004525,P0350,P0319,CALLED,C04525
R004526,P0353,P0195,CALLED,C04526
R004527,P0289,P0256,CALLED,C04527
R004528,P0368,P0363,CALLED,C04528
R004529,P0264,P0275,CALLED,C04529
R004530,P0072,P0067,CALLED,C04530
R004531,P0025,P0001,CALLED,C04531
R004532,P0154,P0153,CALLED,C04532
R004533,P0159,P0136,CALLED,C04533
R004534,P0198,P0199,CALLED,C04534
R004535,P0300,P0278,CALLED,C04535
R004536,P0487,P0496,CALLED,C04536
R004537,P0044,P0274,CALLED,C04537
R004538,P0285,P0260,CALLED,C04538
R004539,P0068,P0090,CALLED,C04539
R004540,P0286,P0274,CALLED,C04540
R004541,P0292,P0261,CALLED,C04541
R004542,P0396,P0393,CALLED,C04542
R004543,P0185,P0133,CALLED,C04543
R004544,P0382,P0381,CALLED,C04544
R004545,P0466,P0453,CALLED,C04545
R004546,P0025,P0037,CALLED,C04546
R004547,P0374,P0364,CALLED,C04547
R004548,P0242,P0225,CALLED,C04548
R004549,P0202,P0230,CALLED,C04549
R004550,P0309,P0223,CALLED,C04550
R004551,P0315,P0438,CALLED,C04551
R004552,P0387,P0360,CALLED,C04552
R004553,P0213,P0208,CALLED,C04553
R004554,P0198,P0194,CALLED,C04554
R004555,P0133,P0486,CALLED,C04555
R004556,P0178,P0156,CALLED,C04556
R004557,P0173,P0475,CALLED,C04557
R004558,P0280,P0297,CALLED,C04558
R004559,P0253,P0364,CALLED,C04559
R004560,P0084,P0065,CALLED,C04560
R004561,P0083,P0110,CALLED,C04561
R004562,P0080,P0077,CALLED,C04562
R004563,P0143,P0373,CALLED,C04563
R004564,P0425,P0415,CALLED,C04564
R004565,P0363,P0446,CALLED,C04565
R004566,P0244,P0241,CALLED,C04566
R004567,P0486,P0070,CALLED,C04567
R004568,P0094,P0106,CALLED,C04568
R004569,P0118,P0420,CALLED,C04569
R004570,P0414,P0439,CALLED,C04570
R004571,P0258,P0253,CALLED,C04571
R004572,P0105,P0117,CALLED,C04572
R004573,P0493,P0475,CALLED,C04573
R004574,P0244,P0128,CALLED,C04574
R004575,P0413,P0405,CALLED,C04575
R004576,P0027,P0244,CALLED,C04576
R004577,P0464,P0117,CALLED,C04577
R004578,P0141,P0482,CALLED,C04578
R004579,P0144,P0145,CALLED,C04579
R004580,P0335,P0346,CALLED,C04580
R004581,P0036,P0042,CALLED,C04581
R004582,P0223,P0212,CALLED,C04582
R004583,P0009,P0016,CALLED,C04583
R004584,P0485,P0180,CALLED,C04584
R004585,P0151,P0186,CALLED,C04585
R004586,P0145,P0481,CALLED,C04586
R004587,P0376,P0144,CALLED,C04587
R004588,P0428,P0432,CALLED,C04588
R004589,P0422,P0401,CALLED,C04589
R004590,P0479,P0462,CALLED,C04590
R004591,P0129,P0112,CALLED,C04591
R004592,P0103,P0120,CALLED,C04592
R004593,P0350,P0489,CALLED,C04593
R004594,P0134,P0340,CALLED,C04594
R004595,P0463,P0147,CALLED,C04595
R004596,P0029,P0036,CALLED,C04596
R004597,P0368,P0390,CALLED,C04597
R004598,P0330,P0342,CALLED,C04598
R004599,P0192,P0188,CALLED,C04599
R004600,P0354,P0355,CALLED,C04600
R004601,P0223,P0244,CALLED,C04601
R004602,P0229,P0201,CALLED,C04602
R004603,P0083,P0079,CALLED,C04603
R004604,P0463,P0302,CALLED,C04604
R004605,P0131,P0114,CALLED,C04605
R004606,P0362,P0355,CALLED,C04606
R004607,P0280,P0293,CALLED,C04607
R004608,P0212,P0222,CALLED,C04608
R004609,P0438,P0001,CALLED,C04609
R004610,P0045,P0014,CALLED,C04610
R004611,P0208,P0174,CALLED,C04611
R004612,P0418,P0440,CALLED,C04612
R004613,P0015,P0378,CALLED,C04613
R004614,P0225,P0207,CALLED,C04614
R004615,P0018,P0047,CALLED,C04615
R004616,P0146,P0101,CALLED,C04616
R004617,P0378,P0362,CALLED,C04617
R004618,P0427,P0004,CALLED,C04618
R004619,P0084,P0060,CALLED,C04619
R004620,P0211,P0232,CALLED,C04620
R004621,P0483,P0481,CALLED,C04621
R004622,P0106,P0141,CALLED,C04622
R004623,P0484,P0461,CALLED,C04623
R004624,P0064,P0059,CALLED,C04624
R004625,P0277,P0280,CALLED,C04625
R004626,P0392,P0395,CALLED,C04626
R004627,P0465,P0487,CALLED,C04627
R004628,P0332,P0343,CALLED,C04628
R004629,P0369,P0222,CALLED,C04629
R004630,P0259,P0251,CALLED,C04630
R004631,P0262,P0255,CALLED,C04631
R004632,P0432,P0434,CALLED,C04632
R004633,P0240,P0185,CALLED,C04633
R004634,P0094,P0095,CALLED,C04634
R004635,P0430,P0444,CALLED,C04635
R004636,P0331,P0309,CALLED,C04636
R004637,P0067,P0066,CALLED,C04637
R004638,P0421,P0460,CALLED,C04638
R004639,P0083,P0067,CALLED,C04639
R004640,P0284,P0282,CALLED,C04640
R004641,P0476,P0457,CALLED,C04641
R004642,P0223,P0230,CALLED,C04642
R004643,P0451,P0280,CALLED,C04643
R004644,P0273,P0276,CALLED,C04644
R004645,P0185,P0196,CALLED,C04645
R004646,P0080,P0092,CALLED,C04646
R004647,P0490,P0498,CALLED,C04647
R004648,P0339,P0320,CALLED,C04648
R004649,P0419,P0409,CALLED,C04649
R004650,P0480,P0463,CALLED,C04650
R004651,P0009,P0042,CALLED,C04651
R004652,P0471,P0497,CALLED,C04652
R004653,P0233,P0082,CALLED,C04653
R004654,P0453,P0491,CALLED,C04654
R004655,P0247,P0218,CALLED,C04655
R004656,P0278,P0277,CALLED,C04656
R004657,P0181,P0019,CALLED,C04657
R004658,P0266,P0294,CALLED,C04658
R004659,P0271,P0289,CALLED,C04659
R004660,P0234,P0220,CALLED,C04660
R004661,P0049,P0048,CALLED,C04661
R004662,P0491,P0487,CALLED,C04662
R004663,P0156,P0152,CALLED,C04663
R004664,P0295,P0266,CALLED,C04664
R004665,P0272,P0267,CALLED,C04665
R004666,P0365,P0372,CALLED,C04666
R004667,P0062,P0075,CALLED,C04667
R004668,P0498,P0459,CALLED,C04668
R004669,P0493,P0036,CALLED,C04669
R004670,P0426,P0438,CALLED,C04670
R004671,P0390,P0398,CALLED,C04671
R004672,P0243,P0097,CALLED,C04672
R004673,P0453,P0465,CALLED,C04673
R004674,P0373,P0389,CALLED,C04674
R004675,P0069,P0062,CALLED,C04675
R004676,P0096,P0091,CALLED,C04676
R004677,P0001,P0046,CALLED,C04677
R004678,P0176,P0168,CALLED,C04678
R004679,P0289,P0414,CALLED,C04679
R004680,P0041,P0004,CALLED,C04680
R004681,P0416,P0421,CALLED,C04681
R004682,P0472,P0229,CALLED,C04682
R004683,P0163,P0185,CALLED,C04683
R004684,P0043,P0028,CALLED,C04684
R004685,P0218,P0331,CALLED,C04685
R004686,P0308,P0331,CALLED,C04686
R004687,P0169,P0168,CALLED,C04687
R004688,P0323,P0342,CALLED,C04688
R004689,P0348,P0313,CALLED,C04689
R004690,P0083,P0074,CALLED,C04690
R004691,P0323,P0346,CALLED,C04691
R004692,P0196,P0165,CALLED,C04692
R004693,P0348,P0318,CALLED,C04693
R004694,P0109,P0121,CALLED,C04694
R004695,P0491,P0474,CALLED,C04695
R004696,P0303,P0318,CALLED,C04696
R004697,P0012,P0040,CALLED,C04697
R004698,P0080,P0092,CALLED,C04698
R004699,P0120,P0143,CALLED,C04699
R004700,P0237,P0226,CALLED,C04700
R004701,P0347,P0331,CALLED,C04701
R004702,P0193,P0169,CALLED,C04702
R004703,P0383,P0360,CALLED,C04703
R004704,P0245,P0236,CALLED,C04704
R004705,P0491,P0470,CALLED,C04705
R004706,P0381,P0183,CALLED,C04706
R004707,P0311,P0337,CALLED,C04707
R004708,P0114,P0150,CALLED,C04708
R004709,P0246,P0227,CALLED,C04709
R004710,P0200,P0194,CALLED,C04710
R004711,P0053,P0073,CALLED,C04711
R004712,P0025,P0033,CALLED,C04712
R004713,P0445,P0434,CALLED,C04713
R004714,P0202,P0249,CALLED,C04714
R004715,P0340,P0346,CALLED,C04715
R004716,P0435,P0415,CALLED,C04716
R004717,P0076,P0088,CALLED,C04717
R004718,P0331,P0427,CALLED,C04718
R004719,P0486,P0451,CALLED,C04719
R004720,P0005,P0025,CALLED,C04720
R004721,P0041,P0010,CALLED,C04721
R004722,P0166,P0176,CALLED,C04722
R004723,P0106,P0111,CALLED,C04723
R004724,P0331,P0312,CALLED,C04724
R004725,P0157,P0193,CALLED,C04725
R004726,P0358,P0353,CALLED,C04726
R004727,P0080,P0075,CALLED,C04727
R004728,P0436,P0159,CALLED,C04728
R004729,P0247,P0059,CALLED,C04729
R004730,P0458,P0480,CALLED,C04730
R004731,P0360,P0385,CALLED,C04731
R004732,P0401,P0435,CALLED,C04732
R004733,P0114,P0111,CALLED,C04733
R004734,P0496,P0464,CALLED,C04734
R004735,P0262,P0296,CALLED,C04735
R004736,P0011,P0006,CALLED,C04736
R004737,P0211,P0234,CALLED,C04737
R004738,P0076,P0079,CALLED,C04738
R004739,P0380,P0275,CALLED,C04739
R004740,P0072,P0063,CALLED,C04740
R004741,P0200,P0152,CALLED,C04741
R004742,P0394,P0372,CALLED,C04742
R004743,P0155,P0189,CALLED,C04743
R004744,P0271,P0251,CALLED,C04744
R004745,P0379,P0354,CALLED,C04745
R004746,P0482,P0454,CALLED,C04746
R004747,P0334,P0231,CALLED,C04747
R004748,P0415,P0421,CALLED,C04748
R004749,P0227,P0086,CALLED,C04749
R004750,P0071,P0281,CALLED,C04750
R004751,P0067,P0006,CALLED,C04751
R004752,P0167,P0152,CALLED,C04752
R004753,P0489,P0453,CALLED,C04753
R004754,P0055,P0094,CALLED,C04754
R004755,P0244,P0411,CALLED,C04755
R004756,P0235,P0223,CALLED,C04756
R004757,P0191,P0193,CALLED,C04757
R004758,P0452,P0470,CALLED,C04758
R004759,P0408,P0437,CALLED,C04759
R004760,P0172,P0358,CALLED,C04760
R004761,P0088,P0072,CALLED,C04761
R004762,P0037,P0010,CALLED,C04762
R004763,P0380,P0399,CALLED,C04763
R004764,P0246,P0223,CALLED,C04764
R004765,P0121,P0113,CALLED,C04765
R004766,P0135,P0118,CALLED,C04766
R004767,P0361,P0390,CALLED,C04767
R004768,P0011,P0045,CALLED,C04768
R004769,P0313,P0346,CALLED,C04769
R004770,P0144,P0130,CALLED,C04770
R004771,P0202,P0408,CALLED,C04771
R004772,P0427,P0443,CALLED,C04772
R004773,P0265,P0266,CALLED,C04773
R004774,P0077,P0078,CALLED,C04774
R004775,P0106,P0124,CALLED,C04775
R004776,P0314,P0326,CALLED,C04776
R004777,P0163,P0174,CALLED,C04777
R004778,P0098,P0092,CALLED,C04778
R004779,P0044,P0040,CALLED,C04779
R004780,P0472,P0481,CALLED,C04780
R004781,P0212,P0241,CALLED,C04781
R004782,P0039,P0083,CALLED,C04782
R004783,P0117,P0143,CALLED,C04783
R004784,P0089,P0130,CALLED,C04784
R004785,P0490,P0484,CALLED,C04785
R004786,P0004,P0030,CALLED,C04786
R004787,P0334,P0039,CALLED,C04787
R004788,P0154,P0172,CALLED,C04788
R004789,P0155,P0152,CALLED,C04789
R004790,P0123,P0381,CALLED,C04790
R004791,P0158,P0106,CALLED,C04791
R004792,P0028,P0027,CALLED,C04792
R004793,P0305,P0321,CALLED,C04793
R004794,P0105,P0134,CALLED,C04794
R004795,P0028,P0005,CALLED,C04795
R004796,P0121,P0101,CALLED,C04796
R004797,P0249,P0204,CALLED,C04797
R004798,P0415,P0441,CALLED,C04798
R004799,P0067,P0098,CALLED,C04799
R004800,P0340,P0339,CALLED,C04800
R004801,P0332,P0035,CALLED,C04801
R004802,P0301,P0342,CALLED,C04802
R004803,P0428,P0405,CALLED,C04803
R004804,P0298,P0289,CALLED,C04804
R004805,P0199,P0182,CALLED,C04805
R004806,P0387,P0381,CALLED,C04806
R004807,P0053,P0074,CALLED,C04807
R004808,P0050,P0018,CALLED,C04808
R004809,P0223,P0380,CALLED,C04809
R004810,P0324,P0210,CALLED,C04810
R004811,P0244,P0230,CALLED,C04811
R004812,P0045,P0030,CALLED,C04812
R004813,P0125,P0120,CALLED,C04813
R004814,P0177,P0299,CALLED,C04814
R004815,P0266,P0272,CALLED,C04815
R004816,P0399,P0397,CALLED,C04816
R004817,P0475,P0186,CALLED,C04817
R004818,P0297,P0298,CALLED,C04818
R004819,P0481,P0419,CALLED,C04819
R004820,P0371,P0400,CALLED,C04820
R004821,P0140,P0118,CALLED,C04821
R004822,P0487,P0490,CALLED,C04822
R004823,P0268,P0253,CALLED,C04823
R004824,P0176,P0293,CALLED,C04824
R004825,P0281,P0271,CALLED,C04825
R004826,P0194,P0189,CALLED,C04826
R004827,P0227,P0205,CALLED,C04827
R004828,P0033,P0023,CALLED,C04828
R004829,P0305,P0334,CALLED,C04829
R004830,P0142,P0125,CALLED,C04830
R004831,P0019,P0007,CALLED,C04831
R004832,P0163,P0198,CALLED,C04832
R004833,P0084,P0092,CALLED,C04833
R004834,P0144,P0102,CALLED,C04834
R004835,P0144,P0105,CALLED,C04835
R004836,P0332,P0330,CALLED,C04836
R004837,P0375,P0370,CALLED,C04837
R004838,P0408,P0440,CALLED,C04838
R004839,P0057,P0054,CALLED,C04839
R004840,P0166,P0154,CALLED,C04840
R004841,P0064,P0074,CALLED,C04841
R004842,P0030,P0002,CALLED,C04842
R004843,P0301,P0325,CALLED,C04843
R004844,P0098,P0070,CALLED,C04844
R004845,P0319,P0336,CALLED,C04845
R004846,P0480,P0466,CALLED,C04846
R004847,P0281,P0261,CALLED,C04847
R004848,P0283,P0290,CALLED,C04848
R004849,P0412,P0435,CALLED,C04849
R004850,P0470,P0489,CALLED,C04850
R004851,P0098,P0096,CALLED,C04851
R004852,P0222,P0129,CALLED,C04852
R004853,P0074,P0061,CALLED,C04853
R004854,P0424,P0422,CALLED,C04854
R004855,P0399,P0382,CALLED,C04855
R004856,P0048,P0040,CALLED,C04856
R004857,P0381,P0066,CALLED,C04857
R004858,P0041,P0032,CALLED,C04858
R004859,P0157,P0177,CALLED,C04859
R004860,P0301,P0317,CALLED,C04860
R004861,P0223,P0231,CALLED,C04861
R004862,P0146,P0133,CALLED,C04862
R004863,P0251,P0352,CALLED,C04863
R004864,P0334,P0333,CALLED,C04864
R004865,P0274,P0277,CALLED,C04865
R004866,P0457,P0155,CALLED,C04866
R004867,P0341,P0301,CALLED,C04867
R004868,P0055,P0065,CALLED,C04868
R004869,P0224,P0205,CALLED,C04869
R004870,P0106,P0110,CALLED,C04870
R004871,P0338,P0332,CALLED,C04871
R004872,P0348,P0313,CALLED,C04872
R004873,P0132,P0141,CALLED,C04873
R004874,P0112,P0149,CALLED,C04874
R004875,P0116,P0101,CALLED,C04875
R004876,P0008,P0032,CALLED,C04876
R004877,P0428,P0416,CALLED,C04877
R004878,P0265,P0275,CALLED,C04878
R004879,P0173,P0177,CALLED,C04879
R004880,P0276,P0290,CALLED,C04880
R004881,P0001,P0410,CALLED,C04881
R004882,P0082,P0241,CALLED,C04882
R004883,P0412,P0446,CALLED,C04883
R004884,P0167,P0066,CALLED,C04884
R004885,P0433,P0445,CALLED,C04885
R004886,P0344,P0346,CALLED,C04886
R004887,P0422,P0413,CALLED,C04887
R004888,P0080,P0082,CALLED,C04888
R004889,P0315,P0326,CALLED,C04889
R004890,P0127,P0121,CALLED,C04890
R004891,P0252,P0313,CALLED,C04891
R004892,P0016,P0427,CALLED,C04892
R004893,P0193,P0198,CALLED,C04893
R004894,P0065,P0433,CALLED,C04894
R004895,P0299,P0324,CALLED,C04895
R004896,P0430,P0436,CALLED,C04896
R004897,P0240,P0219,CALLED,C04897
R004898,P0411,P0401,CALLED,C04898
R004899,P0318,P0337,CALLED,C04899
R004900,P0279,P0277,CALLED,C04900
R004901,P0361,P0485,CALLED,C04901
R004902,P0493,P0452,CALLED,C04902
R004903,P0213,P0243,CALLED,C04903
R004904,P0210,P0443,CALLED,C04904
R004905,P0275,P0433,CALLED,C04905
R004906,P0490,P0452,CALLED,C04906
R004907,P0473,P0497,CALLED,C04907
R004908,P0187,P0195,CALLED,C04908
R004909,P0008,P0038,CALLED,C04909
R004910,P0307,P0336,CALLED,C04910
R004911,P0385,P0353,CALLED,C04911
R004912,P0191,P0196,CALLED,C04912
R004913,P0490,P0478,CALLED,C04913
R004914,P0013,P0042,CALLED,C04914
R004915,P0324,P0327,CALLED,C04915
R004916,P0023,P0026,CALLED,C04916
R004917,P0381,P0353,CALLED,C04917
R004918,P0155,P0176,CALLED,C04918
R004919,P0336,P0342,CALLED,C04919
R004920,P0265,P0496,CALLED,C04920
R004921,P0059,P0088,CALLED,C04921
R004922,P0400,P0383,CALLED,C04922
R004923,P0201,P0206,CALLED,C04923
R004924,P0400,P0397,CALLED,C04924
R004925,P0474,P0018,CALLED,C04925
R004926,P0399,P0396,CALLED,C04926
R004927,P0349,P0337,CALLED,C04927
R004928,P0207,P0214,CALLED,C04928
R004929,P0084,P0065,CALLED,C04929
R004930,P0441,P0417,CALLED,C04930
R004931,P0492,P0453,CALLED,C04931
R004932,P0008,P0296,CALLED,C04932
R004933,P0121,P0137,CALLED,C04933
R004934,P0117,P0390,CALLED,C04934
R004935,P0375,P0378,CALLED,C04935
R004936,P0269,P0296,CALLED,C04936
R004937,P0426,P0159,CALLED,C04937
R004938,P0430,P0419,CALLED,C04938
R004939,P0083,P0063,CALLED,C04939
R004940,P0494,P0479,CALLED,C04940
R004941,P0101,P0131,CALLED,C04941
R004942,P0065,P0057,CALLED,C04942
R004943,P0379,P0376,CALLED,C04943
R004944,P0401,P0448,CALLED,C04944
R004945,P0134,P0129,CALLED,C04945
R004946,P0499,P0462,CALLED,C04946
R004947,P0382,P0384,CALLED,C04947
R004948,P0481,P0493,CALLED,C04948
R004949,P0319,P0337,CALLED,C04949
R004950,P0221,P0215,CALLED,C04950
R004951,P0244,P0234,CALLED,C04951
R004952,P0487,P0454,CALLED,C04952
R004953,P0053,P0420,CALLED,C04953
R004954,P0404,P0119,CALLED,C04954
R004955,P0332,P0303,CALLED,C04955
R004956,P0485,P0463,CALLED,C04956
R004957,P0012,P0049,CALLED,C04957
R004958,P0248,P0223,CALLED,C04958
R004959,P0296,P0078,CALLED,C04959
R004960,P0279,P0254,CALLED,C04960
R004961,P0437,P0272,CALLED,C04961
R004962,P0161,P0168,CALLED,C04962
R004963,P0350,P0311,CALLED,C04963
R004964,P0114,P0141,CALLED,C04964
R004965,P0231,P0236,CALLED,C04965
R004966,P0463,P0458,CALLED,C04966
R004967,P0145,P0115,CALLED,C04967
R004968,P0194,P0188,CALLED,C04968
R004969,P0274,P0268,CALLED,C04969
R004970,P0416,P0406,CALLED,C04970
R004971,P0152,P0163,CALLED,C04971
R004972,P0240,P0201,CALLED,C04972
R004973,P0185,P0227,CALLED,C04973
R004974,P0063,P0060,CALLED,C04974
R004975,P0209,P0465,CALLED,C04975
R004976,P0304,P0344,CALLED,C04976
R004977,P0279,P0225,CALLED,C04977
R004978,P0176,P0164,CALLED,C04978
R004979,P0151,P0199,CALLED,C04979
R004980,P0078,P0264,CALLED,C04980
R004981,P0033,P0019,CALLED,C04981
R004982,P0167,P0192,CALLED,C04982
R004983,P0032,P0366,CALLED,C04983
R004984,P0134,P0118,CALLED,C04984
R004985,P0035,P0041,CALLED,C04985
R004986,P0473,P0455,CALLED,C04986
R004987,P0053,P0075,CALLED,C04987
R004988,P0301,P0319,CALLED,C04988
R004989,P0493,P0472,CALLED,C04989
R004990,P0369,P0195,CALLED,C04990
R004991,P0385,P0369,CALLED,C04991
R004992,P0221,P0179,CALLED,C04992
R004993,P0200,P0184,CALLED,C04993
R004994,P0008,P0236,CALLED,C04994
R004995,P0140,P0134,CALLED,C04995
R004996,P0328,P0477,CALLED,C04996
R004997,P0422,P0415,CALLED,C04997
R004998,P0067,P0080,CALLED,C04998
R004999,P0445,P0411,CALLED,C04999
R005000,P0133,P0143,CALLED,C05000
R005001,P0259,P0258,CALLED,C05001
R005002,P0127,P0139,CALLED,C05002
R005003,P0245,P0378,CALLED,C05003
R005004,P0469,P0466,CALLED,C05004
R005005,P0132,P0117,CALLED,C05005
R005006,P0419,P0404,CALLED,C05006
R005007,P0488,P0468,CALLED,C05007
R005008,P0010,P0098,CALLED,C05008
R005009,P0148,P0285,CALLED,C05009
R005010,P0033,P0021,CALLED,C05010
R005011,P0262,P0438,CALLED,C05011
R005012,P0061,P0286,CALLED,C05012
R005013,P0454,P0481,CALLED,C05013
R005014,P0457,P0495,CALLED,C05014
R005015,P0006,P0016,CALLED,C05015
R005016,P0445,P0418,CALLED,C05016
R005017,P0246,P0151,CALLED,C05017
R005018,P0227,P0070,CALLED,C05018
R005019,P0436,P0452,CALLED,C05019
R005020,P0401,P0413,CALLED,C05020
R005021,P0259,P0285,CALLED,C05021
R005022,P0060,P0206,CALLED,C05022
R005023,P0374,P0359,CALLED,C05023
R005024,P0112,P0342,CALLED,C05024
R005025,P0371,P0360,CALLED,C05025
R005026,P0182,P0175,CALLED,C05026
R005027,P0465,P0451,CALLED,C05027
R005028,P0303,P0334,CALLED,C05028
R005029,P0451,P0122,CALLED,C05029
R005030,P0482,P0497,CALLED,C05030
R005031,P0380,P0353,CALLED,C05031
R005032,P0330,P0335,CALLED,C05032
R005033,P0173,P0295,CALLED,C05033
R005034,P0043,P0013,CALLED,C05034
R005035,P0206,P0278,CALLED,C05035
R005036,P0096,P0094,CALLED,C05036
R005037,P0017,P0243,CALLED,C05037
R005038,P0430,P0443,CALLED,C05038
R005039,P0296,P0302,CALLED,C05039
R005040,P0316,P0320,CALLED,C05040
R005041,P0226,P0285,CALLED,C05041
R005042,P0395,P0361,CALLED,C05042
R005043,P0399,P0386,CALLED,C05043
R005044,P0302,P0341,CALLED,C05044
R005045,P0450,P0422,CALLED,C05045
R005046,P0214,P0230,CALLED,C05046
R005047,P0332,P0302,CALLED,C05047
R005048,P0068,P0098,CALLED,C05048
R005049,P0374,P0377,CALLED,C05049
R005050,P0320,P0350,CALLED,C05050
R005051,P0448,P0411,CALLED,C05051
R005052,P0157,P0079,CALLED,C05052
R005053,P0365,P0249,CALLED,C05053
R005054,P0327,P0341,CALLED,C05054
R005055,P0386,P0395,CALLED,C05055
R005056,P0430,P0359,CALLED,C05056
R005057,P0454,P0478,CALLED,C05057
R005058,P0301,P0350,CALLED,C05058
R005059,P0204,P0211,CALLED,C05059
R005060,P0077,P0094,CALLED,C05060
R005061,P0029,P0008,CALLED,C05061
R005062,P0314,P0348,CALLED,C05062
R005063,P0361,P0387,CALLED,C05063
R005064,P0082,P0097,CALLED,C05064
R005065,P0225,P0018,CALLED,C05065
R005066,P0203,P0328,CALLED,C05066
R005067,P0318,P0331,CALLED,C05067
R005068,P0383,P0361,CALLED,C05068
R005069,P0071,P0096,CALLED,C05069
R005070,P0066,P0067,CALLED,C05070
R005071,P0110,P0150,CALLED,C05071
R005072,P0321,P0319,CALLED,C05072
R005073,P0095,P0077,CALLED,C05073
R005074,P0257,P0382,CALLED,C05074
R005075,P0066,P0084,CALLED,C05075
R005076,P0350,P0329,CALLED,C05076
R005077,P0071,P0058,CALLED,C05077
R005078,P0351,P0374,CALLED,C05078
R005079,P0368,P0369,CALLED,C05079
R005080,P0121,P0136,CALLED,C05080
R005081,P0302,P0303,CALLED,C05081
R005082,P0081,P0099,CALLED,C05082
R005083,P0417,P0438,CALLED,C05083
R005084,P0168,P0199,CALLED,C05084
R005085,P0482,P0478,CALLED,C05085
R005086,P0204,P0142,CALLED,C05086
R005087,P0128,P0078,CALLED,C05087
R005088,P0397,P0231,CALLED,C05088
R005089,P0002,P0055,CALLED,C05089
R005090,P0355,P0390,CALLED,C05090
R005091,P0236,P0243,CALLED,C05091
R005092,P0399,P0389,CALLED,C05092
R005093,P0166,P0264,CALLED,C05093
R005094,P0068,P0052,CALLED,C05094
R005095,P0036,P0048,CALLED,C05095
R005096,P0172,P0192,CALLED,C05096
R005097,P0100,P0066,CALLED,C05097
R005098,P0302,P0309,CALLED,C05098
R005099,P0425,P0217,CALLED,C05099
R005100,P0287,P0284,CALLED,C05100
R005101,P0137,P0319,CALLED,C05101
R005102,P0125,P0101,CALLED,C05102
R005103,P0133,P0382,CALLED,C05103
R005104,P0099,P0077,CALLED,C05104
R005105,P0152,P0169,CALLED,C05105
R005106,P0292,P0346,CALLED,C05106
R005107,P0034,P0025,CALLED,C05107
R005108,P0098,P0407,CALLED,C05108
R005109,P0118,P0147,CALLED,C05109
R005110,P0193,P0187,CALLED,C05110
R005111,P0308,P0333,CALLED,C05111
R005112,P0170,P0153,CALLED,C05112
R005113,P0346,P0328,CALLED,C05113
R005114,P0408,P0438,CALLED,C05114
R005115,P0463,P0462,CALLED,C05115
R005116,P0224,P0353,CALLED,C05116
R005117,P0131,P0122,CALLED,C05117
R005118,P0496,P0499,CALLED,C05118
R005119,P0399,P0487,CALLED,C05119
R005120,P0382,P0356,CALLED,C05120
R005121,P0009,P0048,CALLED,C05121
R005122,P0293,P0264,CALLED,C05122
R005123,P0048,P0014,CALLED,C05123
R005124,P0221,P0430,CALLED,C05124
R005125,P0217,P0328,CALLED,C05125
R005126,P0149,P0104,CALLED,C05126
R005127,P0415,P0433,CALLED,C05127
R005128,P0006,P0042,CALLED,C05128
R005129,P0198,P0169,CALLED,C05129
R005130,P0067,P0069,CALLED,C05130
R005131,P0130,P0117,CALLED,C05131
R005132,P0093,P0084,CALLED,C05132
R005133,P0303,P0315,CALLED,C05133
R005134,P0432,P0435,CALLED,C05134
R005135,P0500,P0486,CALLED,C05135
R005136,P0354,P0375,CALLED,C05136
R005137,P0142,P0141,CALLED,C05137
R005138,P0346,P0343,CALLED,C05138
R005139,P0443,P0405,CALLED,C05139
R005140,P0446,P0294,CALLED,C05140
R005141,P0300,P0070,CALLED,C05141
R005142,P0089,P0118,CALLED,C05142
R005143,P0382,P0387,CALLED,C05143
R005144,P0475,P0473,CALLED,C05144
R005145,P0456,P0496,CALLED,C05145
R005146,P0407,P0070,CALLED,C05146
R005147,P0007,P0048,CALLED,C05147
R005148,P0454,P0476,CALLED,C05148
R005149,P0257,P0267,CALLED,C05149
R005150,P0043,P0033,CALLED,C05150
R005151,P0362,P0368,CALLED,C05151
R005152,P0369,P0355,CALLED,C05152
R005153,P0413,P0403,CALLED,C05153
R005154,P0255,P0262,CALLED,C05154
R005155,P0330,P0324,CALLED,C05155
R005156,P0125,P0150,CALLED,C05156
R005157,P0051,P0070,CALLED,C05157
R005158,P0355,P0391,CALLED,C05158
R005159,P0489,P0453,CALLED,C05159
R005160,P0212,P0310,CALLED,C05160
R005161,P0080,P0058,CALLED,C05161
R005162,P0198,P0154,CALLED,C05162
R005163,P0474,P0496,CALLED,C05163
R005164,P0456,P0195,CALLED,C05164
R005165,P0449,P0406,CALLED,C05165
R005166,P0470,P0480,CALLED,C05166
R005167,P0306,P0317,CALLED,C05167
R005168,P0476,P0462,CALLED,C05168
R005169,P0499,P0453,CALLED,C05169
R005170,P0314,P0302,CALLED,C05170
R005171,P0054,P0073,CALLED,C05171
R005172,P0020,P0033,CALLED,C05172
R005173,P0457,P0386,CALLED,C05173
R005174,P0344,P0324,CALLED,C05174
R005175,P0149,P0139,CALLED,C05175
R005176,P0395,P0354,CALLED,C05176
R005177,P0145,P0138,CALLED,C05177
R005178,P0412,P0431,CALLED,C05178
R005179,P0064,P0059,CALLED,C05179
R005180,P0216,P0011,CALLED,C05180
R005181,P0148,P0039,CALLED,C05181
R005182,P0035,P0270,CALLED,C05182
R005183,P0473,P0477,CALLED,C05183
R005184,P0461,P0460,CALLED,C05184
R005185,P0286,P0282,CALLED,C05185
R005186,P0078,P0394,CALLED,C05186
R005187,P0183,P0487,CALLED,C05187
R005188,P0173,P0189,CALLED,C05188
R005189,P0248,P0232,CALLED,C05189
R005190,P0394,P0360,CALLED,C05190
R005191,P0486,P0181,CALLED,C05191
R005192,P0348,P0320,CALLED,C05192
R005193,P0021,P0034,CALLED,C05193
R005194,P0422,P0216,CALLED,C05194
R005195,P0306,P0338,CALLED,C05195
R005196,P0193,P0100,CALLED,C05196
R005197,P0125,P0480,CALLED,C05197
R005198,P0477,P0465,CALLED,C05198
R005199,P0311,P0333,CALLED,C05199
R005200,P0369,P0364,CALLED,C05200
R005201,P0108,P0139,CALLED,C05201
R005202,P0149,P0127,CALLED,C05202
R005203,P0455,P0468,CALLED,C05203
R005204,P0210,P0194,CALLED,C05204
R005205,P0486,P0456,CALLED,C05205
R005206,P0264,P0290,CALLED,C05206
R005207,P0233,P0248,CALLED,C05207
R005208,P0485,P0467,CALLED,C05208
R005209,P0316,P0337,CALLED,C05209
R005210,P0368,P0366,CALLED,C05210
R005211,P0233,P0230,CALLED,C05211
R005212,P0470,P0318,CALLED,C05212
R005213,P0282,P0288,CALLED,C05213
R005214,P0004,P0021,CALLED,C05214
R005215,P0321,P0336,CALLED,C05215
R005216,P0168,P0170,CALLED,C05216
R005217,P0113,P0140,CALLED,C05217
R005218,P0174,P0163,CALLED,C05218
R005219,P0311,P0333,CALLED,C05219
R005220,P0269,P0251,CALLED,C05220
R005221,P0410,P0450,CALLED,C05221
R005222,P0481,P0480,CALLED,C05222
R005223,P0445,P0224,CALLED,C05223
R005224,P0383,P0371,CALLED,C05224
R005225,P0293,P0253,CALLED,C05225
R005226,P0497,P0500,CALLED,C05226
R005227,P0145,P0110,CALLED,C05227
R005228,P0225,P0216,CALLED,C05228
R005229,P0218,P0256,CALLED,C05229
R005230,P0450,P0447,CALLED,C05230
R005231,P0486,P0480,CALLED,C05231
R005232,P0296,P0271,CALLED,C05232
R005233,P0322,P0340,CALLED,C05233
R005234,P0485,P0190,CALLED,C05234
R005235,P0153,P0177,CALLED,C05235
R005236,P0275,P0286,CALLED,C05236
R005237,P0094,P0248,CALLED,C05237
R005238,P0058,P0148,CALLED,C05238
R005239,P0151,P0178,CALLED,C05239
R005240,P0153,P0177,CALLED,C05240
R005241,P0391,P0265,CALLED,C05241
R005242,P0322,P0343,CALLED,C05242
R005243,P0287,P0273,CALLED,C05243
R005244,P0021,P0048,CALLED,C05244
R005245,P0151,P0021,CALLED,C05245
R005246,P0436,P0405,CALLED,C05246
R005247,P0271,P0230,CALLED,C05247
R005248,P0281,P0291,CALLED,C05248
R005249,P0052,P0069,CALLED,C05249
R005250,P0480,P0391,CALLED,C05250
R005251,P0443,P0408,CALLED,C05251
R005252,P0291,P0275,CALLED,C05252
R005253,P0229,P0243,CALLED,C05253
R005254,P0203,P0242,CALLED,C05254
R005255,P0490,P0494,CALLED,C05255
R005256,P0278,P0292,CALLED,C05256
R005257,P0472,P0348,CALLED,C05257
R005258,P0319,P0332,CALLED,C05258
R005259,P0448,P0407,CALLED,C05259
R005260,P0099,P0100,CALLED,C05260
R005261,P0491,P0496,CALLED,C05261
R005262,P0374,P0018,CALLED,C05262
R005263,P0449,P0435,CALLED,C05263
R005264,P0044,P0037,CALLED,C05264
R005265,P0429,P0414,CALLED,C05265
R005266,P0455,P0204,CALLED,C05266
R005267,P0118,P0440,CALLED,C05267
R005268,P0254,P0257,CALLED,C05268
R005269,P0124,P0129,CALLED,C05269
R005270,P0059,P0079,CALLED,C05270
R005271,P0149,P0138,CALLED,C05271
R005272,P0253,P0286,CALLED,C05272
R005273,P0358,P0380,CALLED,C05273
R005274,P0049,P0478,CALLED,C05274
R005275,P0424,P0043,CALLED,C05275
R005276,P0171,P0019,CALLED,C05276
R005277,P0223,P0244,CALLED,C05277
R005278,P0189,P0132,CALLED,C05278
R005279,P0059,P0428,CALLED,C05279
R005280,P0432,P0428,CALLED,C05280
R005281,P0228,P0127,CALLED,C05281
R005282,P0419,P0244,CALLED,C05282
R005283,P0070,P0078,CALLED,C05283
R005284,P0063,P0073,CALLED,C05284
R005285,P0086,P0063,CALLED,C05285
R005286,P0107,P0274,CALLED,C05286
R005287,P0037,P0043,CALLED,C05287
R005288,P0444,P0247,CALLED,C05288
R005289,P0033,P0018,CALLED,C05289
R005290,P0126,P0113,CALLED,C05290
R005291,P0182,P0184,CALLED,C05291
R005292,P0366,P0360,CALLED,C05292
R005293,P0340,P0322,CALLED,C05293
R005294,P0276,P0497,CALLED,C05294
R005295,P0137,P0119,CALLED,C05295
R005296,P0373,P0391,CALLED,C05296
R005297,P0246,P0239,CALLED,C05297
R005298,P0392,P0383,CALLED,C05298
R005299,P0096,P0100,CALLED,C05299
R005300,P0266,P0270,CALLED,C05300
R005301,P0157,P0192,CALLED,C05301
R005302,P0076,P0068,CALLED,C05302
R005303,P0089,P0065,CALLED,C05303
R005304,P0187,P0181,CALLED,C05304
R005305,P0441,P0163,CALLED,C05305
R005306,P0312,P0316,CALLED,C05306
R005307,P0127,P0142,CALLED,C05307
R005308,P0459,P0460,CALLED,C05308
R005309,P0075,P0445,CALLED,C05309
R005310,P0309,P0305,CALLED,C05310
R005311,P0390,P0388,CALLED,C05311
R005312,P0405,P0403,CALLED,C05312
R005313,P0324,P0304,CALLED,C05313
R005314,P0108,P0119,CALLED,C05314
R005315,P0356,P0368,CALLED,C05315
R005316,P0102,P0104,CALLED,C05316
R005317,P0031,P0001,CALLED,C05317
R005318,P0292,P0279,CALLED,C05318
R005319,P0072,P0062,CALLED,C05319
R005320,P0150,P0121,CALLED,C05320
R005321,P0232,P0250,CALLED,C05321
R005322,P0320,P0324,CALLED,C05322
R005323,P0462,P0498,CALLED,C05323
R005324,P0484,P0466,CALLED,C05324
R005325,P0222,P0235,CALLED,C05325
R005326,P0398,P0380,CALLED,C05326
R005327,P0107,P0141,CALLED,C05327
R005328,P0362,P0257,CALLED,C05328
R005329,P0294,P0277,CALLED,C05329
R005330,P0302,P0306,CALLED,C05330
R005331,P0223,P0086,CALLED,C05331
R005332,P0348,P0318,CALLED,C05332
R005333,P0307,P0319,CALLED,C05333
R005334,P0356,P0395,CALLED,C05334
R005335,P0203,P0222,CALLED,C05335
R005336,P0405,P0439,CALLED,C05336
R005337,P0120,P0327,CALLED,C05337
R005338,P0081,P0078,CALLED,C05338
R005339,P0010,P0046,CALLED,C05339
R005340,P0054,P0076,CALLED,C05340
R005341,P0461,P0463,CALLED,C05341
R005342,P0238,P0203,CALLED,C05342
R005343,P0146,P0132,CALLED,C05343
R005344,P0071,P0084,CALLED,C05344
R005345,P0076,P0097,CALLED,C05345
R005346,P0059,P0048,CALLED,C05346
R005347,P0245,P0233,CALLED,C05347
R005348,P0179,P0155,CALLED,C05348
R005349,P0044,P0027,CALLED,C05349
R005350,P0423,P0431,CALLED,C05350
R005351,P0082,P0076,CALLED,C05351
R005352,P0008,P0007,CALLED,C05352
R005353,P0341,P0488,CALLED,C05353
R005354,P0241,P0301,CALLED,C05354
R005355,P0455,P0493,CALLED,C05355
R005356,P0364,P0458,CALLED,C05356
R005357,P0318,P0314,CALLED,C05357
R005358,P0363,P0432,CALLED,C05358
R005359,P0243,P0226,CALLED,C05359
R005360,P0154,P0192,CALLED,C05360
R005361,P0217,P0472,CALLED,C05361
R005362,P0483,P0306,CALLED,C05362
R005363,P0168,P0195,CALLED,C05363
R005364,P0254,P0147,CALLED,C05364
R005365,P0349,P0318,CALLED,C05365
R005366,P0207,P0245,CALLED,C05366
R005367,P0242,P0228,CALLED,C05367
R005368,P0279,P0307,CALLED,C05368
R005369,P0279,P0298,CALLED,C05369
R005370,P0018,P0007,CALLED,C05370
R005371,P0366,P0368,CALLED,C05371
R005372,P0481,P0453,CALLED,C05372
R005373,P0266,P0255,CALLED,C05373
R005374,P0408,P0289,CALLED,C05374
R005375,P0476,P0486,CALLED,C05375
R005376,P0021,P0047,CALLED,C05376
R005377,P0079,P0258,CALLED,C05377
R005378,P0404,P0426,CALLED,C05378
R005379,P0341,P0307,CALLED,C05379
R005380,P0312,P0348,CALLED,C05380
R005381,P0448,P0442,CALLED,C05381
R005382,P0060,P0093,CALLED,C05382
R005383,P0077,P0399,CALLED,C05383
R005384,P0382,P0359,CALLED,C05384
R005385,P0299,P0278,CALLED,C05385
R005386,P0206,P0213,CALLED,C05386
R005387,P0171,P0192,CALLED,C05387
R005388,P0094,P0070,CALLED,C05388
R005389,P0466,P0481,CALLED,C05389
R005390,P0496,P0490,CALLED,C05390
R005391,P0070,P0340,CALLED,C05391
R005392,P0295,P0187,CALLED,C05392
R005393,P0496,P0489,CALLED,C05393
R005394,P0388,P0373,CALLED,C05394
R005395,P0059,P0088,CALLED,C05395
R005396,P0066,P0092,CALLED,C05396
R005397,P0299,P0294,CALLED,C05397
R005398,P0427,P0398,CALLED,C05398
R005399,P0147,P0109,CALLED,C05399
R005400,P0184,P0199,CALLED,C05400
R005401,P0457,P0466,CALLED,C05401
R005402,P0491,P0266,CALLED,C05402
R005403,P0078,P0098,CALLED,C05403
R005404,P0489,P0464,CALLED,C05404
R005405,P0385,P0370,CALLED,C05405
R005406,P0412,P0127,CALLED,C05406
R005407,P0225,P0455,CALLED,C05407
R005408,P0229,P0032,CALLED,C05408
R005409,P0271,P0270,CALLED,C05409
R005410,P0173,P0171,CALLED,C05410
R005411,P0093,P0058,CALLED,C05411
R005412,P0184,P0171,CALLED,C05412
R005413,P0388,P0386,CALLED,C05413
R005414,P0074,P0078,CALLED,C05414
R005415,P0029,P0050,CALLED,C05415
R005416,P0314,P0349,CALLED,C05416
R005417,P0057,P0088,CALLED,C05417
R005418,P0364,P0397,CALLED,C05418
R005419,P0390,P0355,CALLED,C05419
R005420,P0152,P0177,CALLED,C05420
R005421,P0459,P0008,CALLED,C05421
R005422,P0076,P0062,CALLED,C05422
R005423,P0418,P0431,CALLED,C05423
R005424,P0322,P0309,CALLED,C05424
R005425,P0390,P0391,CALLED,C05425
R005426,P0465,P0460,CALLED,C05426
R005427,P0497,P0310,CALLED,C05427
R005428,P0407,P0437,CALLED,C05428
R005429,P0296,P0279,CALLED,C05429
R005430,P0103,P0121,CALLED,C05430
R005431,P0472,P0190,CALLED,C05431
R005432,P0104,P0108,CALLED,C05432
R005433,P0494,P0466,CALLED,C05433
R005434,P0041,P0156,CALLED,C05434
R005435,P0352,P0387,CALLED,C05435
R005436,P0184,P0159,CALLED,C05436
R005437,P0020,P0012,CALLED,C05437
R005438,P0375,P0384,CALLED,C05438
R005439,P0277,P0252,CALLED,C05439
R005440,P0203,P0218,CALLED,C05440
R005441,P0184,P0153,CALLED,C05441
R005442,P0408,P0411,CALLED,C05442
R005443,P0254,P0286,CALLED,C05443
R005444,P0072,P0052,CALLED,C05444
R005445,P0344,P0318,CALLED,C05445
R005446,P0420,P0395,CALLED,C05446
R005447,P0081,P0359,CALLED,C05447
R005448,P0124,P0120,CALLED,C05448
R005449,P0143,P0195,CALLED,C05449
R005450,P0117,P0144,CALLED,C05450
R005451,P0056,P0066,CALLED,C05451
R005452,P0478,P0365,CALLED,C05452
R005453,P0048,P0368,CALLED,C05453
R005454,P0011,P0456,CALLED,C05454
R005455,P0417,P0426,CALLED,C05455
R005456,P0432,P0436,CALLED,C05456
R005457,P0377,P0367,CALLED,C05457
R005458,P0210,P0223,CALLED,C05458
R005459,P0309,P0335,CALLED,C05459
R005460,P0349,P0304,CALLED,C05460
R005461,P0084,P0195,CALLED,C05461
R005462,P0338,P0332,CALLED,C05462
R005463,P0052,P0091,CALLED,C05463
R005464,P0376,P0303,CALLED,C05464
R005465,P0402,P0229,CALLED,C05465
R005466,P0380,P0354,CALLED,C05466
R005467,P0217,P0240,CALLED,C05467
R005468,P0259,P0274,CALLED,C05468
R005469,P0137,P0479,CALLED,C05469
R005470,P0375,P0399,CALLED,C05470
R005471,P0101,P0146,CALLED,C05471
R005472,P0400,P0006,CALLED,C05472
R005473,P0131,P0125,CALLED,C05473
R005474,P0438,P0418,CALLED,C05474
R005475,P0328,P0340,CALLED,C05475
R005476,P0217,P0235,CALLED,C05476
R005477,P0253,P0254,CALLED,C05477
R005478,P0181,P0182,CALLED,C05478
R005479,P0077,P0069,CALLED,C05479
R005480,P0220,P0298,CALLED,C05480
R005481,P0123,P0103,CALLED,C05481
R005482,P0384,P0354,CALLED,C05482
R005483,P0002,P0034,CALLED,C05483
R005484,P0297,P0010,CALLED,C05484
R005485,P0337,P0346,CALLED,C05485
R005486,P0006,P0045,CALLED,C05486
R005487,P0314,P0061,CALLED,C05487
R005488,P0216,P0462,CALLED,C05488
R005489,P0430,P0439,CALLED,C05489
R005490,P0056,P0092,CALLED,C05490
R005491,P0024,P0039,CALLED,C05491
R005492,P0469,P0463,CALLED,C05492
R005493,P0272,P0257,CALLED,C05493
R005494,P0441,P0450,CALLED,C05494
R005495,P0375,P0092,CALLED,C05495
R005496,P0295,P0105,CALLED,C05496
R005497,P0169,P0181,CALLED,C05497
R005498,P0244,P0250,CALLED,C05498
R005499,P0368,P0237,CALLED,C05499
R005500,P0270,P0292,CALLED,C05500
R005501,P0496,P0224,CALLED,C05501
R005502,P0425,P0440,CALLED,C05502
R005503,P0139,P0125,CALLED,C05503
R005504,P0282,P0265,CALLED,C05504
R005505,P0017,P0005,CALLED,C05505
R005506,P0216,P0245,CALLED,C05506
R005507,P0384,P0357,CALLED,C05507
R005508,P0088,P0064,CALLED,C05508
R005509,P0097,P0071,CALLED,C05509
R005510,P0047,P0417,CALLED,C05510
R005511,P0367,P0034,CALLED,C05511
R005512,P0231,P0185,CALLED,C05512
R005513,P0096,P0095,CALLED,C05513
R005514,P0247,P0416,CALLED,C05514
R005515,P0311,P0305,CALLED,C05515
R005516,P0027,P0005,CALLED,C05516
R005517,P0304,P0219,CALLED,C05517
R005518,P0500,P0487,CALLED,C05518
R005519,P0425,P0242,CALLED,C05519
R005520,P0017,P0490,CALLED,C05520
R005521,P0473,P0036,CALLED,C05521
R005522,P0131,P0126,CALLED,C05522
R005523,P0388,P0254,CALLED,C05523
R005524,P0132,P0468,CALLED,C05524
R005525,P0211,P0212,CALLED,C05525
R005526,P0243,P0248,CALLED,C05526
R005527,P0207,P0248,CALLED,C05527
R005528,P0407,P0425,CALLED,C05528
R005529,P0273,P0282,CALLED,C05529
R005530,P0196,P0436,CALLED,C05530
R005531,P0218,P0248,CALLED,C05531
R005532,P0253,P0405,CALLED,C05532
R005533,P0034,P0169,CALLED,C05533
R005534,P0127,P0133,CALLED,C05534
R005535,P0077,P0097,CALLED,C05535
R005536,P0343,P0335,CALLED,C05536
R005537,P0067,P0065,CALLED,C05537
R005538,P0189,P0198,CALLED,C05538
R005539,P0267,P0258,CALLED,C05539
R005540,P0378,P0351,CALLED,C05540
R005541,P0401,P0429,CALLED,C05541
R005542,P0274,P0280,CALLED,C05542
R005543,P0247,P0410,CALLED,C05543
R005544,P0497,P0461,CALLED,C05544
R005545,P0041,P0038,CALLED,C05545
R005546,P0382,P0187,CALLED,C05546
R005547,P0238,P0467,CALLED,C05547
R005548,P0061,P0094,CALLED,C05548
R005549,P0353,P0239,CALLED,C05549
R005550,P0277,P0015,CALLED,C05550
R005551,P0309,P0304,CALLED,C05551
R005552,P0277,P0020,CALLED,C05552
R005553,P0436,P0207,CALLED,C05553
R005554,P0354,P0365,CALLED,C05554
R005555,P0329,P0325,CALLED,C05555
R005556,P0208,P0449,CALLED,C05556
R005557,P0009,P0050,CALLED,C05557
R005558,P0104,P0140,CALLED,C05558
R005559,P0402,P0425,CALLED,C05559
R005560,P0238,P0420,CALLED,C05560
R005561,P0085,P0063,CALLED,C05561
R005562,P0285,P0269,CALLED,C05562
R005563,P0049,P0001,CALLED,C05563
R005564,P0366,P0213,CALLED,C05564
R005565,P0197,P0142,CALLED,C05565
R005566,P0390,P0354,CALLED,C05566
R005567,P0351,P0359,CALLED,C05567
R005568,P0378,P0367,CALLED,C05568
R005569,P0008,P0040,CALLED,C05569
R005570,P0433,P0450,CALLED,C05570
R005571,P0311,P0333,CALLED,C05571
R005572,P0271,P0265,CALLED,C05572
R005573,P0185,P0038,CALLED,C05573
R005574,P0261,P0267,CALLED,C05574
R005575,P0394,P0399,CALLED,C05575
R005576,P0498,P0495,CALLED,C05576
R005577,P0298,P0256,CALLED,C05577
R005578,P0018,P0048,CALLED,C05578
R005579,P0131,P0127,CALLED,C05579
R005580,P0299,P0136,CALLED,C05580
R005581,P0144,P0124,CALLED,C05581
R005582,P0024,P0027,CALLED,C05582
R005583,P0064,P0081,CALLED,C05583
R005584,P0285,P0255,CALLED,C05584
R005585,P0221,P0153,CALLED,C05585
R005586,P0248,P0221,CALLED,C05586
R005587,P0438,P0421,CALLED,C05587
R005588,P0476,P0056,CALLED,C05588
R005589,P0400,P0117,CALLED,C05589
R005590,P0114,P0116,CALLED,C05590
R005591,P0475,P0451,CALLED,C05591
R005592,P0201,P0202,CALLED,C05592
R005593,P0220,P0264,CALLED,C05593
R005594,P0303,P0348,CALLED,C05594
R005595,P0313,P0327,CALLED,C05595
R005596,P0450,P0434,CALLED,C05596
R005597,P0006,P0039,CALLED,C05597
R005598,P0374,P0357,CALLED,C05598
R005599,P0313,P0326,CALLED,C05599
R005600,P0078,P0085,CALLED,C05600
R005601,P0259,P0349,CALLED,C05601
R005602,P0124,P0111,CALLED,C05602
R005603,P0094,P0079,CALLED,C05603
R005604,P0480,P0489,CALLED,C05604
R005605,P0414,P0417,CALLED,C05605
R005606,P0133,P0132,CALLED,C05606
R005607,P0274,P0127,CALLED,C05607
R005608,P0398,P0391,CALLED,C05608
R005609,P0445,P0402,CALLED,C05609
R005610,P0291,P0289,CALLED,C05610
R005611,P0432,P0447,CALLED,C05611
R005612,P0296,P0266,CALLED,C05612
R005613,P0019,P0006,CALLED,C05613
R005614,P0051,P0121,CALLED,C05614
R005615,P0499,P0497,CALLED,C05615
R005616,P0118,P0131,CALLED,C05616
R005617,P0255,P0500,CALLED,C05617
R005618,P0481,P0477,CALLED,C05618
R005619,P0472,P0467,CALLED,C05619
R005620,P0049,P0008,CALLED,C05620
R005621,P0072,P0060,CALLED,C05621
R005622,P0121,P0122,CALLED,C05622
R005623,P0206,P0233,CALLED,C05623
R005624,P0083,P0070,CALLED,C05624
R005625,P0007,P0021,CALLED,C05625
R005626,P0186,P0177,CALLED,C05626
R005627,P0342,P0385,CALLED,C05627
R005628,P0448,P0427,CALLED,C05628
R005629,P0031,P0117,CALLED,C05629
R005630,P0036,P0020,CALLED,C05630
R005631,P0461,P0477,CALLED,C05631
R005632,P0303,P0304,CALLED,C05632
R005633,P0326,P0424,CALLED,C05633
R005634,P0037,P0006,CALLED,C05634
R005635,P0471,P0470,CALLED,C05635
R005636,P0384,P0368,CALLED,C05636
R005637,P0442,P0389,CALLED,C05637
R005638,P0122,P0143,CALLED,C05638
R005639,P0102,P0081,CALLED,C05639
R005640,P0053,P0098,CALLED,C05640
R005641,P0034,P0443,CALLED,C05641
R005642,P0201,P0241,CALLED,C05642
R005643,P0130,P0127,CALLED,C05643
R005644,P0322,P0309,CALLED,C05644
R005645,P0263,P0269,CALLED,C05645
R005646,P0301,P0311,CALLED,C05646
R005647,P0435,P0447,CALLED,C05647
R005648,P0287,P0298,CALLED,C05648
R005649,P0261,P0284,CALLED,C05649
R005650,P0247,P0215,CALLED,C05650
R005651,P0380,P0396,CALLED,C05651
R005652,P0138,P0145,CALLED,C05652
R005653,P0395,P0392,CALLED,C05653
R005654,P0067,P0135,CALLED,C05654
R005655,P0414,P0443,CALLED,C05655
R005656,P0052,P0053,CALLED,C05656
R005657,P0138,P0137,CALLED,C05657
R005658,P0133,P0109,CALLED,C05658
R005659,P0026,P0496,CALLED,C05659
R005660,P0281,P0287,CALLED,C05660
R005661,P0275,P0273,CALLED,C05661
R005662,P0218,P0204,CALLED,C05662
R005663,P0155,P0197,CALLED,C05663
R005664,P0385,P0398,CALLED,C05664
R005665,P0108,P0354,CALLED,C05665
R005666,P0062,P0076,CALLED,C05666
R005667,P0217,P0250,CALLED,C05667
R005668,P0326,P0498,CALLED,C05668
R005669,P0228,P0013,CALLED,C05669
R005670,P0198,P0343,CALLED,C05670
R005671,P0366,P0337,CALLED,C05671
R005672,P0389,P0384,CALLED,C05672
R005673,P0498,P0492,CALLED,C05673
R005674,P0261,P0295,CALLED,C05674
R005675,P0100,P0200,CALLED,C05675
R005676,P0094,P0088,CALLED,C05676
R005677,P0126,P0110,CALLED,C05677
R005678,P0497,P0487,CALLED,C05678
R005679,P0448,P0432,CALLED,C05679
R005680,P0155,P0192,CALLED,C05680
R005681,P0372,P0375,CALLED,C05681
R005682,P0195,P0185,CALLED,C05682
R005683,P0403,P0023,CALLED,C05683
R005684,P0473,P0484,CALLED,C05684
R005685,P0265,P0283,CALLED,C05685
R005686,P0495,P0451,CALLED,C05686
R005687,P0107,P0088,CALLED,C05687
R005688,P0369,P0394,CALLED,C05688
R005689,P0347,P0313,CALLED,C05689
R005690,P0179,P0084,CALLED,C05690
R005691,P0029,P0021,CALLED,C05691
R005692,P0217,P0242,CALLED,C05692
R005693,P0221,P0244,CALLED,C05693
R005694,P0037,P0046,CALLED,C05694
R005695,P0231,P0438,CALLED,C05695
R005696,P0354,P0371,CALLED,C05696
R005697,P0052,P0063,CALLED,C05697
R005698,P0031,P0023,CALLED,C05698
R005699,P0090,P0077,CALLED,C05699
R005700,P0496,P0048,CALLED,C05700
R005701,P0050,P0006,CALLED,C05701
R005702,P0345,P0320,CALLED,C05702
R005703,P0363,P0397,CALLED,C05703
R005704,P0043,P0392,CALLED,C05704
R005705,P0049,P0047,CALLED,C05705
R005706,P0219,P0390,CALLED,C05706
R005707,P0307,P0325,CALLED,C05707
R005708,P0211,P0235,CALLED,C05708
R005709,P0310,P0338,CALLED,C05709
R005710,P0031,P0008,CALLED,C05710
R005711,P0178,P0180,CALLED,C05711
R005712,P0393,P0387,CALLED,C05712
R005713,P0469,P0477,CALLED,C05713
R005714,P0430,P0418,CALLED,C05714
R005715,P0415,P0402,CALLED,C05715
R005716,P0485,P0483,CALLED,C05716
R005717,P0448,P0426,CALLED,C05717
R005718,P0151,P0200,CALLED,C05718
R005719,P0132,P0250,CALLED,C05719
R005720,P0100,P0437,CALLED,C05720
R005721,P0045,P0034,CALLED,C05721
R005722,P0142,P0010,CALLED,C05722
R005723,P0492,P0458,CALLED,C05723
R005724,P0243,P0241,CALLED,C05724
R005725,P0477,P0491,CALLED,C05725
R005726,P0455,P0474,CALLED,C05726
R005727,P0452,P0468,CALLED,C05727
R005728,P0145,P0307,CALLED,C05728
R005729,P0089,P0099,CALLED,C05729
R005730,P0456,P0496,CALLED,C05730
R005731,P0274,P0306,CALLED,C05731
R005732,P0026,P0328,CALLED,C05732
R005733,P0078,P0091,CALLED,C05733
R005734,P0394,P0360,CALLED,C05734
R005735,P0022,P0048,CALLED,C05735
R005736,P0382,P0396,CALLED,C05736
R005737,P0018,P0119,CALLED,C05737
R005738,P0267,P0443,CALLED,C05738
R005739,P0150,P0110,CALLED,C05739
R005740,P0090,P0068,CALLED,C05740
R005741,P0255,P0289,CALLED,C05741
R005742,P0240,P0209,CALLED,C05742
R005743,P0287,P0270,CALLED,C05743
R005744,P0298,P0274,CALLED,C05744
R005745,P0106,P0116,CALLED,C05745
R005746,P0468,P0500,CALLED,C05746
R005747,P0449,P0424,CALLED,C05747
R005748,P0033,P0049,CALLED,C05748
R005749,P0121,P0110,CALLED,C05749
R005750,P0098,P0064,CALLED,C05750
R005751,P0167,P0483,CALLED,C05751
R005752,P0174,P0152,CALLED,C05752
R005753,P0369,P0268,CALLED,C05753
R005754,P0411,P0434,CALLED,C05754
R005755,P0137,P0113,CALLED,C05755
R005756,P0283,P0280,CALLED,C05756
R005757,P0409,P0444,CALLED,C05757
R005758,P0341,P0043,CALLED,C05758
R005759,P0263,P0259,CALLED,C05759
R005760,P0393,P0049,CALLED,C05760
R005761,P0436,P0358,CALLED,C05761
R005762,P0388,P0385,CALLED,C05762
R005763,P0135,P0138,CALLED,C05763
R005764,P0193,P0190,CALLED,C05764
R005765,P0389,P0331,CALLED,C05765
R005766,P0141,P0121,CALLED,C05766
R005767,P0168,P0200,CALLED,C05767
R005768,P0068,P0302,CALLED,C05768
R005769,P0444,P0425,CALLED,C05769
R005770,P0222,P0205,CALLED,C05770
R005771,P0140,P0110,CALLED,C05771
R005772,P0194,P0008,CALLED,C05772
R005773,P0357,P0399,CALLED,C05773
R005774,P0275,P0289,CALLED,C05774
R005775,P0162,P0321,CALLED,C05775
R005776,P0171,P0161,CALLED,C05776
R005777,P0266,P0480,CALLED,C05777
R005778,P0030,P0007,CALLED,C05778
R005779,P0016,P0050,CALLED,C05779
R005780,P0340,P0259,CALLED,C05780
R005781,P0063,P0062,CALLED,C05781
R005782,P0438,P0214,CALLED,C05782
R005783,P0038,P0367,CALLED,C05783
R005784,P0245,P0216,CALLED,C05784
R005785,P0169,P0491,CALLED,C05785
R005786,P0408,P0436,CALLED,C05786
R005787,P0139,P0106,CALLED,C05787
R005788,P0370,P0375,CALLED,C05788
R005789,P0082,P0084,CALLED,C05789
R005790,P0132,P0121,CALLED,C05790
R005791,P0102,P0127,CALLED,C05791
R005792,P0361,P0376,CALLED,C05792
R005793,P0157,P0153,CALLED,C05793
R005794,P0033,P0116,CALLED,C05794
R005795,P0005,P0014,CALLED,C05795
R005796,P0406,P0439,CALLED,C05796
R005797,P0306,P0346,CALLED,C05797
R005798,P0361,P0353,CALLED,C05798
R005799,P0004,P0223,CALLED,C05799
R005800,P0174,P0152,CALLED,C05800
R005801,P0053,P0070,CALLED,C05801
R005802,P0293,P0255,CALLED,C05802
R005803,P0329,P0313,CALLED,C05803
R005804,P0031,P0020,CALLED,C05804
R005805,P0327,P0322,CALLED,C05805
R005806,P0116,P0339,CALLED,C05806
R005807,P0471,P0483,CALLED,C05807
R005808,P0310,P0344,CALLED,C05808
R005809,P0334,P0316,CALLED,C05809
R005810,P0401,P0010,CALLED,C05810
R005811,P0185,P0262,CALLED,C05811
R005812,P0407,P0449,CALLED,C05812
R005813,P0257,P0289,CALLED,C05813
R005814,P0393,P0179,CALLED,C05814
R005815,P0381,P0391,CALLED,C05815
R005816,P0342,P0311,CALLED,C05816
R005817,P0213,P0247,CALLED,C05817
R005818,P0328,P0256,CALLED,C05818
R005819,P0432,P0406,CALLED,C05819
R005820,P0375,P0399,CALLED,C05820
R005821,P0364,P0441,CALLED,C05821
R005822,P0173,P0112,CALLED,C05822
R005823,P0404,P0410,CALLED,C05823
R005824,P0171,P0178,CALLED,C05824
R005825,P0177,P0191,CALLED,C05825
R005826,P0117,P0121,CALLED,C05826
R005827,P0229,P0203,CALLED,C05827
R005828,P0082,P0054,CALLED,C05828
R005829,P0263,P0293,CALLED,C05829
R005830,P0112,P0135,CALLED,C05830
R005831,P0244,P0203,CALLED,C05831
R005832,P0418,P0436,CALLED,C05832
R005833,P0199,P0190,CALLED,C05833
R005834,P0411,P0438,CALLED,C05834
R005835,P0070,P0416,CALLED,C05835
R005836,P0331,P0325,CALLED,C05836
R005837,P0254,P0286,CALLED,C05837
R005838,P0216,P0237,CALLED,C05838
R005839,P0297,P0453,CALLED,C05839
R005840,P0291,P0272,CALLED,C05840
R005841,P0260,P0251,CALLED,C05841
R005842,P0173,P0427,CALLED,C05842
R005843,P0271,P0019,CALLED,C05843
R005844,P0395,P0452,CALLED,C05844
R005845,P0251,P0113,CALLED,C05845
R005846,P0117,P0288,CALLED,C05846
R005847,P0376,P0388,CALLED,C05847
R005848,P0098,P0052,CALLED,C05848
R005849,P0039,P0023,CALLED,C05849
R005850,P0338,P0308,CALLED,C05850
R005851,P0442,P0420,CALLED,C05851
R005852,P0191,P0212,CALLED,C05852
R005853,P0475,P0462,CALLED,C05853
R005854,P0215,P0232,CALLED,C05854
R005855,P0021,P0027,CALLED,C05855
R005856,P0136,P0033,CALLED,C05856
R005857,P0160,P0187,CALLED,C05857
R005858,P0303,P0323,CALLED,C05858
R005859,P0212,P0216,CALLED,C05859
R005860,P0111,P0237,CALLED,C05860
R005861,P0270,P0135,CALLED,C05861
R005862,P0247,P0367,CALLED,C05862
R005863,P0055,P0057,CALLED,C05863
R005864,P0167,P0180,CALLED,C05864
R005865,P0221,P0223,CALLED,C05865
R005866,P0100,P0076,CALLED,C05866
R005867,P0001,P0035,CALLED,C05867
R005868,P0443,P0424,CALLED,C05868
R005869,P0301,P0334,CALLED,C05869
R005870,P0453,P0499,CALLED,C05870
R005871,P0128,P0105,CALLED,C05871
R005872,P0430,P0414,CALLED,C05872
R005873,P0084,P0056,CALLED,C05873
R005874,P0184,P0198,CALLED,C05874
R005875,P0448,P0415,CALLED,C05875
R005876,P0377,P0367,CALLED,C05876
R005877,P0336,P0307,CALLED,C05877
R005878,P0083,P0326,CALLED,C05878
R005879,P0074,P0073,CALLED,C05879
R005880,P0416,P0403,CALLED,C05880
R005881,P0042,P0016,CALLED,C05881
R005882,P0233,P0207,CALLED,C05882
R005883,P0031,P0011,CALLED,C05883
R005884,P0022,P0045,CALLED,C05884
R005885,P0062,P0084,CALLED,C05885
R005886,P0422,P0441,CALLED,C05886
R005887,P0495,P0492,CALLED,C05887
R005888,P0337,P0323,CALLED,C05888
R005889,P0116,P0150,CALLED,C05889
R005890,P0213,P0051,CALLED,C05890
R005891,P0045,P0025,CALLED,C05891
R005892,P0353,P0356,CALLED,C05892
R005893,P0017,P0019,CALLED,C05893
R005894,P0309,P0319,CALLED,C05894
R005895,P0385,P0392,CALLED,C05895
R005896,P0067,P0409,CALLED,C05896
R005897,P0097,P0313,CALLED,C05897
R005898,P0488,P0454,CALLED,C05898
R005899,P0486,P0467,CALLED,C05899
R005900,P0398,P0374,CALLED,C05900
R005901,P0172,P0181,CALLED,C05901
R005902,P0145,P0140,CALLED,C05902
R005903,P0445,P0413,CALLED,C05903
R005904,P0098,P0389,CALLED,C05904
R005905,P0012,P0023,CALLED,C05905
R005906,P0384,P0362,CALLED,C05906
R005907,P0468,P0204,CALLED,C05907
R005908,P0107,P0392,CALLED,C05908
R005909,P0261,P0420,CALLED,C05909
R005910,P0128,P0140,CALLED,C05910
R005911,P0051,P0084,CALLED,C05911
R005912,P0002,P0444,CALLED,C05912
R005913,P0194,P0156,CALLED,C05913
R005914,P0374,P0388,CALLED,C05914
R005915,P0324,P0329,CALLED,C05915
R005916,P0191,P0160,CALLED,C05916
R005917,P0022,P0026,CALLED,C05917
R005918,P0208,P0204,CALLED,C05918
R005919,P0424,P0060,CALLED,C05919
R005920,P0156,P0179,CALLED,C05920
R005921,P0275,P0289,CALLED,C05921
R005922,P0165,P0199,CALLED,C05922
R005923,P0267,P0276,CALLED,C05923
R005924,P0093,P0214,CALLED,C05924
R005925,P0239,P0246,CALLED,C05925
R005926,P0083,P0080,CALLED,C05926
R005927,P0013,P0027,CALLED,C05927
R005928,P0148,P0125,CALLED,C05928
R005929,P0111,P0142,CALLED,C05929
R005930,P0094,P0061,CALLED,C05930
R005931,P0389,P0390,CALLED,C05931
R005932,P0432,P0409,CALLED,C05932
R005933,P0179,P0229,CALLED,C05933
R005934,P0019,P0007,CALLED,C05934
R005935,P0250,P0311,CALLED,C05935
R005936,P0369,P0488,CALLED,C05936
R005937,P0088,P0077,CALLED,C05937
R005938,P0059,P0052,CALLED,C05938
R005939,P0276,P0361,CALLED,C05939
R005940,P0479,P0476,CALLED,C05940
R005941,P0250,P0235,CALLED,C05941
R005942,P0034,P0050,CALLED,C05942
R005943,P0489,P0153,CALLED,C05943
R005944,P0469,P0490,CALLED,C05944
R005945,P0212,P0230,CALLED,C05945
R005946,P0131,P0136,CALLED,C05946
R005947,P0136,P0131,CALLED,C05947
R005948,P0126,P0313,CALLED,C05948
R005949,P0411,P0436,CALLED,C05949
R005950,P0312,P0353,CALLED,C05950
R005951,P0380,P0351,CALLED,C05951
R005952,P0464,P0489,CALLED,C05952
R005953,P0250,P0244,CALLED,C05953
R005954,P0035,P0266,CALLED,C05954
R005955,P0436,P0271,CALLED,C05955
R005956,P0392,P0288,CALLED,C05956
R005957,P0160,P0198,CALLED,C05957
R005958,P0040,P0017,CALLED,C05958
R005959,P0352,P0400,CALLED,C05959
R005960,P0412,P0128,CALLED,C05960
R005961,P0092,P0080,CALLED,C05961
R005962,P0095,P0062,CALLED,C05962
R005963,P0044,P0038,CALLED,C05963
R005964,P0165,P0014,CALLED,C05964
R005965,P0339,P0303,CALLED,C05965
R005966,P0259,P0270,CALLED,C05966
R005967,P0283,P0295,CALLED,C05967
R005968,P0092,P0062,CALLED,C05968
R005969,P0102,P0412,CALLED,C05969
R005970,P0470,P0460,CALLED,C05970
R005971,P0230,P0202,CALLED,C05971
R005972,P0431,P0426,CALLED,C05972
R005973,P0155,P0185,CALLED,C05973
R005974,P0343,P0093,CALLED,C05974
R005975,P0324,P0345,CALLED,C05975
R005976,P0015,P0049,CALLED,C05976
R005977,P0244,P0204,CALLED,C05977
R005978,P0439,P0408,CALLED,C05978
R005979,P0174,P0449,CALLED,C05979
R005980,P0443,P0428,CALLED,C05980
R005981,P0128,P0401,CALLED,C05981
R005982,P0126,P0379,CALLED,C05982
R005983,P0448,P0421,CALLED,C05983
R005984,P0071,P0343,CALLED,C05984
R005985,P0214,P0365,CALLED,C05985
R005986,P0307,P0340,CALLED,C05986
R005987,P0122,P0116,CALLED,C05987
R005988,P0215,P0249,CALLED,C05988
R005989,P0244,P0202,CALLED,C05989
R005990,P0254,P0281,CALLED,C05990
R005991,P0452,P0453,CALLED,C05991
R005992,P0382,P0319,CALLED,C05992
R005993,P0296,P0273,CALLED,C05993
R005994,P0374,P0375,CALLED,C05994
R005995,P0415,P0118,CALLED,C05995
R005996,P0038,P0044,CALLED,C05996
R005997,P0386,P0379,CALLED,C05997
R005998,P0472,P0481,CALLED,C05998
R005999,P0044,P0005,CALLED,C05999
R006000,P0029,P0049,CALLED,C06000
R006001,P0348,P0383,TRANSFERRED_FUNDS,T00001
R006002,P0002,P0459,TRANSFERRED_FUNDS,T00002
R006003,P0051,P0481,TRANSFERRED_FUNDS,T00003
R006004,P0232,P0422,TRANSFERRED_FUNDS,T00004
R006005,P0283,P0446,TRANSFERRED_FUNDS,T00005
R006006,P0018,P0249,TRANSFERRED_FUNDS,T00006
R006007,P0024,P0130,TRANSFERRED_FUNDS,T00007
R006008,P0467,P0025,TRANSFERRED_FUNDS,T00008
R006009,P0298,P0011,TRANSFERRED_FUNDS,T00009
R006010,P0471,P0273,TRANSFERRED_FUNDS,T00010
R006011,P0098,P0315,TRANSFERRED_FUNDS,T00011
R006012,P0153,P0323,TRANSFERRED_FUNDS,T00012
R006013,P0007,P0350,TRANSFERRED_FUNDS,T00013
R006014,P0052,P0294,TRANSFERRED_FUNDS,T00014
R006015,P0335,P0320,TRANSFERRED_FUNDS,T00015
R006016,P0093,P0030,TRANSFERRED_FUNDS,T00016
R006017,P0251,P0466,TRANSFERRED_FUNDS,T00017
R006018,P0497,P0333,TRANSFERRED_FUNDS,T00018
R006019,P0317,P0413,TRANSFERRED_FUNDS,T00019
R006020,P0043,P0327,TRANSFERRED_FUNDS,T00020
R006021,P0216,P0141,TRANSFERRED_FUNDS,T00021
R006022,P0251,P0356,TRANSFERRED_FUNDS,T00022
R006023,P0227,P0175,TRANSFERRED_FUNDS,T00023
R006024,P0359,P0363,TRANSFERRED_FUNDS,T00024
R006025,P0055,P0489,TRANSFERRED_FUNDS,T00025
R006026,P0003,P0039,TRANSFERRED_FUNDS,T00026
R006027,P0444,P0269,TRANSFERRED_FUNDS,T00027
R006028,P0170,P0082,TRANSFERRED_FUNDS,T00028
R006029,P0152,P0036,TRANSFERRED_FUNDS,T00029
R006030,P0357,P0138,TRANSFERRED_FUNDS,T00030
R006031,P0194,P0013,TRANSFERRED_FUNDS,T00031
R006032,P0439,P0340,TRANSFERRED_FUNDS,T00032
R006033,P0252,P0072,TRANSFERRED_FUNDS,T00033
R006034,P0196,P0429,TRANSFERRED_FUNDS,T00034
R006035,P0060,P0020,TRANSFERRED_FUNDS,T00035
R006036,P0032,P0221,TRANSFERRED_FUNDS,T00036
R006037,P0252,P0465,TRANSFERRED_FUNDS,T00037
R006038,P0454,P0317,TRANSFERRED_FUNDS,T00038
R006039,P0063,P0279,TRANSFERRED_FUNDS,T00039
R006040,P0236,P0083,TRANSFERRED_FUNDS,T00040
R006041,P0132,P0242,TRANSFERRED_FUNDS,T00041
R006042,P0336,P0049,TRANSFERRED_FUNDS,T00042
R006043,P0177,P0393,TRANSFERRED_FUNDS,T00043
R006044,P0327,P0446,TRANSFERRED_FUNDS,T00044
R006045,P0277,P0323,TRANSFERRED_FUNDS,T00045
R006046,P0231,P0304,TRANSFERRED_FUNDS,T00046
R006047,P0116,P0205,TRANSFERRED_FUNDS,T00047
R006048,P0164,P0325,TRANSFERRED_FUNDS,T00048
R006049,P0478,P0309,TRANSFERRED_FUNDS,T00049
R006050,P0419,P0299,TRANSFERRED_FUNDS,T00050
R006051,P0271,P0145,TRANSFERRED_FUNDS,T00051
R006052,P0112,P0395,TRANSFERRED_FUNDS,T00052
R006053,P0148,P0162,TRANSFERRED_FUNDS,T00053
R006054,P0450,P0109,TRANSFERRED_FUNDS,T00054
R006055,P0419,P0279,TRANSFERRED_FUNDS,T00055
R006056,P0435,P0017,TRANSFERRED_FUNDS,T00056
R006057,P0202,P0488,TRANSFERRED_FUNDS,T00057
R006058,P0135,P0229,TRANSFERRED_FUNDS,T00058
R006059,P0398,P0316,TRANSFERRED_FUNDS,T00059
R006060,P0405,P0365,TRANSFERRED_FUNDS,T00060
R006061,P0271,P0072,TRANSFERRED_FUNDS,T00061
R006062,P0242,P0438,TRANSFERRED_FUNDS,T00062
R006063,P0104,P0027,TRANSFERRED_FUNDS,T00063
R006064,P0260,P0084,TRANSFERRED_FUNDS,T00064
R006065,P0199,P0490,TRANSFERRED_FUNDS,T00065
R006066,P0444,P0015,TRANSFERRED_FUNDS,T00066
R006067,P0471,P0133,TRANSFERRED_FUNDS,T00067
R006068,P0264,P0366,TRANSFERRED_FUNDS,T00068
R006069,P0055,P0086,TRANSFERRED_FUNDS,T00069
R006070,P0155,P0156,TRANSFERRED_FUNDS,T00070
R006071,P0164,P0349,TRANSFERRED_FUNDS,T00071
R006072,P0048,P0052,TRANSFERRED_FUNDS,T00072
R006073,P0360,P0208,TRANSFERRED_FUNDS,T00073
R006074,P0272,P0461,TRANSFERRED_FUNDS,T00074
R006075,P0447,P0233,TRANSFERRED_FUNDS,T00075
R006076,P0468,P0189,TRANSFERRED_FUNDS,T00076
R006077,P0078,P0478,TRANSFERRED_FUNDS,T00077
R006078,P0424,P0335,TRANSFERRED_FUNDS,T00078
R006079,P0007,P0232,TRANSFERRED_FUNDS,T00079
R006080,P0211,P0270,TRANSFERRED_FUNDS,T00080
R006081,P0378,P0426,TRANSFERRED_FUNDS,T00081
R006082,P0243,P0454,TRANSFERRED_FUNDS,T00082
R006083,P0431,P0160,TRANSFERRED_FUNDS,T00083
R006084,P0172,P0099,TRANSFERRED_FUNDS,T00084
R006085,P0176,P0089,TRANSFERRED_FUNDS,T00085
R006086,P0474,P0195,TRANSFERRED_FUNDS,T00086
R006087,P0416,P0386,TRANSFERRED_FUNDS,T00087
R006088,P0192,P0046,TRANSFERRED_FUNDS,T00088
R006089,P0018,P0115,TRANSFERRED_FUNDS,T00089
R006090,P0128,P0337,TRANSFERRED_FUNDS,T00090
R006091,P0052,P0136,TRANSFERRED_FUNDS,T00091
R006092,P0365,P0331,TRANSFERRED_FUNDS,T00092
R006093,P0408,P0331,TRANSFERRED_FUNDS,T00093
R006094,P0394,P0050,TRANSFERRED_FUNDS,T00094
R006095,P0324,P0378,TRANSFERRED_FUNDS,T00095
R006096,P0030,P0334,TRANSFERRED_FUNDS,T00096
R006097,P0078,P0173,TRANSFERRED_FUNDS,T00097
R006098,P0047,P0186,TRANSFERRED_FUNDS,T00098
R006099,P0323,P0440,TRANSFERRED_FUNDS,T00099
R006100,P0397,P0150,TRANSFERRED_FUNDS,T00100
R006101,P0474,P0388,TRANSFERRED_FUNDS,T00101
R006102,P0281,P0377,TRANSFERRED_FUNDS,T00102
R006103,P0357,P0374,TRANSFERRED_FUNDS,T00103
R006104,P0339,P0425,TRANSFERRED_FUNDS,T00104
R006105,P0274,P0030,TRANSFERRED_FUNDS,T00105
R006106,P0268,P0111,TRANSFERRED_FUNDS,T00106
R006107,P0418,P0291,TRANSFERRED_FUNDS,T00107
R006108,P0165,P0223,TRANSFERRED_FUNDS,T00108
R006109,P0256,P0227,TRANSFERRED_FUNDS,T00109
R006110,P0075,P0151,TRANSFERRED_FUNDS,T00110
R006111,P0218,P0238,TRANSFERRED_FUNDS,T00111
R006112,P0410,P0275,TRANSFERRED_FUNDS,T00112
R006113,P0124,P0011,TRANSFERRED_FUNDS,T00113
R006114,P0155,P0067,TRANSFERRED_FUNDS,T00114
R006115,P0271,P0121,TRANSFERRED_FUNDS,T00115
R006116,P0013,P0310,TRANSFERRED_FUNDS,T00116
R006117,P0054,P0216,TRANSFERRED_FUNDS,T00117
R006118,P0302,P0021,TRANSFERRED_FUNDS,T00118
R006119,P0270,P0405,TRANSFERRED_FUNDS,T00119
R006120,P0225,P0245,TRANSFERRED_FUNDS,T00120
R006121,P0442,P0474,TRANSFERRED_FUNDS,T00121
R006122,P0050,P0067,TRANSFERRED_FUNDS,T00122
R006123,P0115,P0137,TRANSFERRED_FUNDS,T00123
R006124,P0319,P0227,TRANSFERRED_FUNDS,T00124
R006125,P0218,P0175,TRANSFERRED_FUNDS,T00125
R006126,P0156,P0206,TRANSFERRED_FUNDS,T00126
R006127,P0482,P0391,TRANSFERRED_FUNDS,T00127
R006128,P0092,P0035,TRANSFERRED_FUNDS,T00128
R006129,P0237,P0054,TRANSFERRED_FUNDS,T00129
R006130,P0337,P0074,TRANSFERRED_FUNDS,T00130
R006131,P0329,P0233,TRANSFERRED_FUNDS,T00131
R006132,P0428,P0168,TRANSFERRED_FUNDS,T00132
R006133,P0182,P0413,TRANSFERRED_FUNDS,T00133
R006134,P0171,P0364,TRANSFERRED_FUNDS,T00134
R006135,P0215,P0160,TRANSFERRED_FUNDS,T00135
R006136,P0059,P0116,TRANSFERRED_FUNDS,T00136
R006137,P0234,P0224,TRANSFERRED_FUNDS,T00137
R006138,P0396,P0121,TRANSFERRED_FUNDS,T00138
R006139,P0147,P0277,TRANSFERRED_FUNDS,T00139
R006140,P0472,P0132,TRANSFERRED_FUNDS,T00140
R006141,P0423,P0489,TRANSFERRED_FUNDS,T00141
R006142,P0340,P0097,TRANSFERRED_FUNDS,T00142
R006143,P0159,P0056,TRANSFERRED_FUNDS,T00143
R006144,P0425,P0181,TRANSFERRED_FUNDS,T00144
R006145,P0414,P0135,TRANSFERRED_FUNDS,T00145
R006146,P0393,P0297,TRANSFERRED_FUNDS,T00146
R006147,P0052,P0150,TRANSFERRED_FUNDS,T00147
R006148,P0291,P0329,TRANSFERRED_FUNDS,T00148
R006149,P0425,P0296,TRANSFERRED_FUNDS,T00149
R006150,P0267,P0129,TRANSFERRED_FUNDS,T00150
R006151,P0005,P0346,TRANSFERRED_FUNDS,T00151
R006152,P0244,P0038,TRANSFERRED_FUNDS,T00152
R006153,P0358,P0054,TRANSFERRED_FUNDS,T00153
R006154,P0257,P0174,TRANSFERRED_FUNDS,T00154
R006155,P0003,P0427,TRANSFERRED_FUNDS,T00155
R006156,P0145,P0139,TRANSFERRED_FUNDS,T00156
R006157,P0008,P0468,TRANSFERRED_FUNDS,T00157
R006158,P0015,P0407,TRANSFERRED_FUNDS,T00158
R006159,P0326,P0023,TRANSFERRED_FUNDS,T00159
R006160,P0310,P0317,TRANSFERRED_FUNDS,T00160
R006161,P0384,P0152,TRANSFERRED_FUNDS,T00161
R006162,P0290,P0126,TRANSFERRED_FUNDS,T00162
R006163,P0165,P0065,TRANSFERRED_FUNDS,T00163
R006164,P0285,P0232,TRANSFERRED_FUNDS,T00164
R006165,P0476,P0087,TRANSFERRED_FUNDS,T00165
R006166,P0164,P0215,TRANSFERRED_FUNDS,T00166
R006167,P0007,P0284,TRANSFERRED_FUNDS,T00167
R006168,P0279,P0014,TRANSFERRED_FUNDS,T00168
R006169,P0394,P0283,TRANSFERRED_FUNDS,T00169
R006170,P0127,P0001,TRANSFERRED_FUNDS,T00170
R006171,P0234,P0276,TRANSFERRED_FUNDS,T00171
R006172,P0444,P0269,TRANSFERRED_FUNDS,T00172
R006173,P0403,P0371,TRANSFERRED_FUNDS,T00173
R006174,P0006,P0233,TRANSFERRED_FUNDS,T00174
R006175,P0033,P0461,TRANSFERRED_FUNDS,T00175
R006176,P0088,P0482,TRANSFERRED_FUNDS,T00176
R006177,P0303,P0240,TRANSFERRED_FUNDS,T00177
R006178,P0086,P0058,TRANSFERRED_FUNDS,T00178
R006179,P0179,P0436,TRANSFERRED_FUNDS,T00179
R006180,P0031,P0229,TRANSFERRED_FUNDS,T00180
R006181,P0459,P0065,TRANSFERRED_FUNDS,T00181
R006182,P0318,P0340,TRANSFERRED_FUNDS,T00182
R006183,P0305,P0158,TRANSFERRED_FUNDS,T00183
R006184,P0210,P0111,TRANSFERRED_FUNDS,T00184
R006185,P0157,P0299,TRANSFERRED_FUNDS,T00185
R006186,P0103,P0287,TRANSFERRED_FUNDS,T00186
R006187,P0138,P0316,TRANSFERRED_FUNDS,T00187
R006188,P0046,P0028,TRANSFERRED_FUNDS,T00188
R006189,P0118,P0482,TRANSFERRED_FUNDS,T00189
R006190,P0435,P0269,TRANSFERRED_FUNDS,T00190
R006191,P0457,P0264,TRANSFERRED_FUNDS,T00191
R006192,P0336,P0111,TRANSFERRED_FUNDS,T00192
R006193,P0340,P0308,TRANSFERRED_FUNDS,T00193
R006194,P0492,P0467,TRANSFERRED_FUNDS,T00194
R006195,P0010,P0358,TRANSFERRED_FUNDS,T00195
R006196,P0045,P0140,TRANSFERRED_FUNDS,T00196
R006197,P0440,P0422,TRANSFERRED_FUNDS,T00197
R006198,P0240,P0290,TRANSFERRED_FUNDS,T00198
R006199,P0081,P0334,TRANSFERRED_FUNDS,T00199
R006200,P0306,P0400,TRANSFERRED_FUNDS,T00200
R006201,P0436,P0135,TRANSFERRED_FUNDS,T00201
R006202,P0288,P0488,TRANSFERRED_FUNDS,T00202
R006203,P0083,P0263,TRANSFERRED_FUNDS,T00203
R006204,P0155,P0275,TRANSFERRED_FUNDS,T00204
R006205,P0132,P0022,TRANSFERRED_FUNDS,T00205
R006206,P0216,P0095,TRANSFERRED_FUNDS,T00206
R006207,P0277,P0431,TRANSFERRED_FUNDS,T00207
R006208,P0095,P0011,TRANSFERRED_FUNDS,T00208
R006209,P0339,P0012,TRANSFERRED_FUNDS,T00209
R006210,P0042,P0292,TRANSFERRED_FUNDS,T00210
R006211,P0494,P0391,TRANSFERRED_FUNDS,T00211
R006212,P0352,P0076,TRANSFERRED_FUNDS,T00212
R006213,P0420,P0464,TRANSFERRED_FUNDS,T00213
R006214,P0216,P0257,TRANSFERRED_FUNDS,T00214
R006215,P0281,P0138,TRANSFERRED_FUNDS,T00215
R006216,P0374,P0007,TRANSFERRED_FUNDS,T00216
R006217,P0356,P0335,TRANSFERRED_FUNDS,T00217
R006218,P0195,P0439,TRANSFERRED_FUNDS,T00218
R006219,P0096,P0151,TRANSFERRED_FUNDS,T00219
R006220,P0348,P0020,TRANSFERRED_FUNDS,T00220
R006221,P0060,P0293,TRANSFERRED_FUNDS,T00221
R006222,P0230,P0463,TRANSFERRED_FUNDS,T00222
R006223,P0138,P0400,TRANSFERRED_FUNDS,T00223
R006224,P0481,P0185,TRANSFERRED_FUNDS,T00224
R006225,P0460,P0082,TRANSFERRED_FUNDS,T00225
R006226,P0249,P0148,TRANSFERRED_FUNDS,T00226
R006227,P0488,P0460,TRANSFERRED_FUNDS,T00227
R006228,P0109,P0171,TRANSFERRED_FUNDS,T00228
R006229,P0275,P0309,TRANSFERRED_FUNDS,T00229
R006230,P0440,P0402,TRANSFERRED_FUNDS,T00230
R006231,P0354,P0425,TRANSFERRED_FUNDS,T00231
R006232,P0329,P0236,TRANSFERRED_FUNDS,T00232
R006233,P0042,P0259,TRANSFERRED_FUNDS,T00233
R006234,P0456,P0397,TRANSFERRED_FUNDS,T00234
R006235,P0079,P0081,TRANSFERRED_FUNDS,T00235
R006236,P0400,P0445,TRANSFERRED_FUNDS,T00236
R006237,P0128,P0110,TRANSFERRED_FUNDS,T00237
R006238,P0385,P0096,TRANSFERRED_FUNDS,T00238
R006239,P0491,P0231,TRANSFERRED_FUNDS,T00239
R006240,P0178,P0072,TRANSFERRED_FUNDS,T00240
R006241,P0286,P0166,TRANSFERRED_FUNDS,T00241
R006242,P0013,P0372,TRANSFERRED_FUNDS,T00242
R006243,P0137,P0496,TRANSFERRED_FUNDS,T00243
R006244,P0337,P0206,TRANSFERRED_FUNDS,T00244
R006245,P0243,P0058,TRANSFERRED_FUNDS,T00245
R006246,P0028,P0090,TRANSFERRED_FUNDS,T00246
R006247,P0208,P0329,TRANSFERRED_FUNDS,T00247
R006248,P0123,P0147,TRANSFERRED_FUNDS,T00248
R006249,P0179,P0070,TRANSFERRED_FUNDS,T00249
R006250,P0500,P0261,TRANSFERRED_FUNDS,T00250
R006251,P0004,P0147,TRANSFERRED_FUNDS,T00251
R006252,P0160,P0191,TRANSFERRED_FUNDS,T00252
R006253,P0382,P0198,TRANSFERRED_FUNDS,T00253
R006254,P0247,P0021,TRANSFERRED_FUNDS,T00254
R006255,P0333,P0055,TRANSFERRED_FUNDS,T00255
R006256,P0303,P0202,TRANSFERRED_FUNDS,T00256
R006257,P0331,P0226,TRANSFERRED_FUNDS,T00257
R006258,P0179,P0167,TRANSFERRED_FUNDS,T00258
R006259,P0295,P0269,TRANSFERRED_FUNDS,T00259
R006260,P0127,P0453,TRANSFERRED_FUNDS,T00260
R006261,P0316,P0342,TRANSFERRED_FUNDS,T00261
R006262,P0369,P0045,TRANSFERRED_FUNDS,T00262
R006263,P0441,P0056,TRANSFERRED_FUNDS,T00263
R006264,P0402,P0236,TRANSFERRED_FUNDS,T00264
R006265,P0195,P0027,TRANSFERRED_FUNDS,T00265
R006266,P0498,P0002,TRANSFERRED_FUNDS,T00266
R006267,P0225,P0051,TRANSFERRED_FUNDS,T00267
R006268,P0213,P0294,TRANSFERRED_FUNDS,T00268
R006269,P0310,P0106,TRANSFERRED_FUNDS,T00269
R006270,P0200,P0357,TRANSFERRED_FUNDS,T00270
R006271,P0214,P0042,TRANSFERRED_FUNDS,T00271
R006272,P0047,P0359,TRANSFERRED_FUNDS,T00272
R006273,P0197,P0158,TRANSFERRED_FUNDS,T00273
R006274,P0029,P0277,TRANSFERRED_FUNDS,T00274
R006275,P0405,P0317,TRANSFERRED_FUNDS,T00275
R006276,P0084,P0372,TRANSFERRED_FUNDS,T00276
R006277,P0429,P0289,TRANSFERRED_FUNDS,T00277
R006278,P0441,P0165,TRANSFERRED_FUNDS,T00278
R006279,P0069,P0215,TRANSFERRED_FUNDS,T00279
R006280,P0357,P0434,TRANSFERRED_FUNDS,T00280
R006281,P0072,P0465,TRANSFERRED_FUNDS,T00281
R006282,P0189,P0276,TRANSFERRED_FUNDS,T00282
R006283,P0165,P0192,TRANSFERRED_FUNDS,T00283
R006284,P0213,P0265,TRANSFERRED_FUNDS,T00284
R006285,P0254,P0266,TRANSFERRED_FUNDS,T00285
R006286,P0056,P0401,TRANSFERRED_FUNDS,T00286
R006287,P0471,P0158,TRANSFERRED_FUNDS,T00287
R006288,P0121,P0392,TRANSFERRED_FUNDS,T00288
R006289,P0368,P0089,TRANSFERRED_FUNDS,T00289
R006290,P0355,P0265,TRANSFERRED_FUNDS,T00290
R006291,P0148,P0178,TRANSFERRED_FUNDS,T00291
R006292,P0040,P0470,TRANSFERRED_FUNDS,T00292
R006293,P0092,P0416,TRANSFERRED_FUNDS,T00293
R006294,P0171,P0053,TRANSFERRED_FUNDS,T00294
R006295,P0264,P0421,TRANSFERRED_FUNDS,T00295
R006296,P0254,P0359,TRANSFERRED_FUNDS,T00296
R006297,P0052,P0238,TRANSFERRED_FUNDS,T00297
R006298,P0067,P0269,TRANSFERRED_FUNDS,T00298
R006299,P0002,P0400,TRANSFERRED_FUNDS,T00299
R006300,P0426,P0152,TRANSFERRED_FUNDS,T00300
R006301,P0144,P0349,TRANSFERRED_FUNDS,T00301
R006302,P0333,P0495,TRANSFERRED_FUNDS,T00302
R006303,P0371,P0188,TRANSFERRED_FUNDS,T00303
R006304,P0364,P0207,TRANSFERRED_FUNDS,T00304
R006305,P0340,P0483,TRANSFERRED_FUNDS,T00305
R006306,P0170,P0078,TRANSFERRED_FUNDS,T00306
R006307,P0370,P0449,TRANSFERRED_FUNDS,T00307
R006308,P0328,P0490,TRANSFERRED_FUNDS,T00308
R006309,P0244,P0067,TRANSFERRED_FUNDS,T00309
R006310,P0473,P0260,TRANSFERRED_FUNDS,T00310
R006311,P0374,P0382,TRANSFERRED_FUNDS,T00311
R006312,P0087,P0199,TRANSFERRED_FUNDS,T00312
R006313,P0421,P0370,TRANSFERRED_FUNDS,T00313
R006314,P0336,P0241,TRANSFERRED_FUNDS,T00314
R006315,P0019,P0457,TRANSFERRED_FUNDS,T00315
R006316,P0412,P0417,TRANSFERRED_FUNDS,T00316
R006317,P0459,P0040,TRANSFERRED_FUNDS,T00317
R006318,P0009,P0003,TRANSFERRED_FUNDS,T00318
R006319,P0272,P0468,TRANSFERRED_FUNDS,T00319
R006320,P0433,P0325,TRANSFERRED_FUNDS,T00320
R006321,P0027,P0260,TRANSFERRED_FUNDS,T00321
R006322,P0215,P0288,TRANSFERRED_FUNDS,T00322
R006323,P0188,P0487,TRANSFERRED_FUNDS,T00323
R006324,P0261,P0190,TRANSFERRED_FUNDS,T00324
R006325,P0285,P0134,TRANSFERRED_FUNDS,T00325
R006326,P0399,P0225,TRANSFERRED_FUNDS,T00326
R006327,P0297,P0287,TRANSFERRED_FUNDS,T00327
R006328,P0367,P0185,TRANSFERRED_FUNDS,T00328
R006329,P0423,P0443,TRANSFERRED_FUNDS,T00329
R006330,P0236,P0320,TRANSFERRED_FUNDS,T00330
R006331,P0199,P0001,TRANSFERRED_FUNDS,T00331
R006332,P0129,P0234,TRANSFERRED_FUNDS,T00332
R006333,P0233,P0414,TRANSFERRED_FUNDS,T00333
R006334,P0212,P0348,TRANSFERRED_FUNDS,T00334
R006335,P0265,P0305,TRANSFERRED_FUNDS,T00335
R006336,P0166,P0274,TRANSFERRED_FUNDS,T00336
R006337,P0255,P0444,TRANSFERRED_FUNDS,T00337
R006338,P0087,P0149,TRANSFERRED_FUNDS,T00338
R006339,P0123,P0010,TRANSFERRED_FUNDS,T00339
R006340,P0354,P0033,TRANSFERRED_FUNDS,T00340
R006341,P0424,P0220,TRANSFERRED_FUNDS,T00341
R006342,P0379,P0435,TRANSFERRED_FUNDS,T00342
R006343,P0175,P0303,TRANSFERRED_FUNDS,T00343
R006344,P0409,P0412,TRANSFERRED_FUNDS,T00344
R006345,P0368,P0076,TRANSFERRED_FUNDS,T00345
R006346,P0281,P0204,TRANSFERRED_FUNDS,T00346
R006347,P0111,P0081,TRANSFERRED_FUNDS,T00347
R006348,P0139,P0002,TRANSFERRED_FUNDS,T00348
R006349,P0477,P0169,TRANSFERRED_FUNDS,T00349
R006350,P0134,P0378,TRANSFERRED_FUNDS,T00350
R006351,P0123,P0012,TRANSFERRED_FUNDS,T00351
R006352,P0068,P0397,TRANSFERRED_FUNDS,T00352
R006353,P0050,P0098,TRANSFERRED_FUNDS,T00353
R006354,P0481,P0310,TRANSFERRED_FUNDS,T00354
R006355,P0345,P0083,TRANSFERRED_FUNDS,T00355
R006356,P0171,P0032,TRANSFERRED_FUNDS,T00356
R006357,P0366,P0478,TRANSFERRED_FUNDS,T00357
R006358,P0389,P0083,TRANSFERRED_FUNDS,T00358
R006359,P0326,P0482,TRANSFERRED_FUNDS,T00359
R006360,P0302,P0144,TRANSFERRED_FUNDS,T00360
R006361,P0250,P0410,TRANSFERRED_FUNDS,T00361
R006362,P0461,P0394,TRANSFERRED_FUNDS,T00362
R006363,P0479,P0186,TRANSFERRED_FUNDS,T00363
R006364,P0464,P0141,TRANSFERRED_FUNDS,T00364
R006365,P0001,P0329,TRANSFERRED_FUNDS,T00365
R006366,P0028,P0201,TRANSFERRED_FUNDS,T00366
R006367,P0029,P0066,TRANSFERRED_FUNDS,T00367
R006368,P0370,P0497,TRANSFERRED_FUNDS,T00368
R006369,P0430,P0371,TRANSFERRED_FUNDS,T00369
R006370,P0251,P0382,TRANSFERRED_FUNDS,T00370
R006371,P0301,P0075,TRANSFERRED_FUNDS,T00371
R006372,P0343,P0280,TRANSFERRED_FUNDS,T00372
R006373,P0443,P0233,TRANSFERRED_FUNDS,T00373
R006374,P0380,P0094,TRANSFERRED_FUNDS,T00374
R006375,P0080,P0033,TRANSFERRED_FUNDS,T00375
R006376,P0305,P0082,TRANSFERRED_FUNDS,T00376
R006377,P0485,P0272,TRANSFERRED_FUNDS,T00377
R006378,P0370,P0403,TRANSFERRED_FUNDS,T00378
R006379,P0481,P0476,TRANSFERRED_FUNDS,T00379
R006380,P0084,P0112,TRANSFERRED_FUNDS,T00380
R006381,P0198,P0075,TRANSFERRED_FUNDS,T00381
R006382,P0395,P0298,TRANSFERRED_FUNDS,T00382
R006383,P0450,P0369,TRANSFERRED_FUNDS,T00383
R006384,P0039,P0088,TRANSFERRED_FUNDS,T00384
R006385,P0095,P0303,TRANSFERRED_FUNDS,T00385
R006386,P0199,P0227,TRANSFERRED_FUNDS,T00386
R006387,P0422,P0331,TRANSFERRED_FUNDS,T00387
R006388,P0117,P0464,TRANSFERRED_FUNDS,T00388
R006389,P0213,P0466,TRANSFERRED_FUNDS,T00389
R006390,P0355,P0097,TRANSFERRED_FUNDS,T00390
R006391,P0143,P0058,TRANSFERRED_FUNDS,T00391
R006392,P0284,P0420,TRANSFERRED_FUNDS,T00392
R006393,P0268,P0229,TRANSFERRED_FUNDS,T00393
R006394,P0041,P0375,TRANSFERRED_FUNDS,T00394
R006395,P0391,P0017,TRANSFERRED_FUNDS,T00395
R006396,P0247,P0186,TRANSFERRED_FUNDS,T00396
R006397,P0359,P0095,TRANSFERRED_FUNDS,T00397
R006398,P0067,P0116,TRANSFERRED_FUNDS,T00398
R006399,P0349,P0098,TRANSFERRED_FUNDS,T00399
R006400,P0003,P0287,TRANSFERRED_FUNDS,T00400
R006401,P0286,P0224,TRANSFERRED_FUNDS,T00401
R006402,P0202,P0349,TRANSFERRED_FUNDS,T00402
R006403,P0369,P0323,TRANSFERRED_FUNDS,T00403
R006404,P0318,P0051,TRANSFERRED_FUNDS,T00404
R006405,P0379,P0188,TRANSFERRED_FUNDS,T00405
R006406,P0022,P0285,TRANSFERRED_FUNDS,T00406
R006407,P0341,P0430,TRANSFERRED_FUNDS,T00407
R006408,P0001,P0383,TRANSFERRED_FUNDS,T00408
R006409,P0347,P0350,TRANSFERRED_FUNDS,T00409
R006410,P0343,P0362,TRANSFERRED_FUNDS,T00410
R006411,P0408,P0057,TRANSFERRED_FUNDS,T00411
R006412,P0182,P0379,TRANSFERRED_FUNDS,T00412
R006413,P0156,P0037,TRANSFERRED_FUNDS,T00413
R006414,P0209,P0229,TRANSFERRED_FUNDS,T00414
R006415,P0014,P0403,TRANSFERRED_FUNDS,T00415
R006416,P0161,P0292,TRANSFERRED_FUNDS,T00416
R006417,P0019,P0128,TRANSFERRED_FUNDS,T00417
R006418,P0088,P0431,TRANSFERRED_FUNDS,T00418
R006419,P0389,P0102,TRANSFERRED_FUNDS,T00419
R006420,P0164,P0139,TRANSFERRED_FUNDS,T00420
R006421,P0325,P0035,TRANSFERRED_FUNDS,T00421
R006422,P0445,P0031,TRANSFERRED_FUNDS,T00422
R006423,P0177,P0077,TRANSFERRED_FUNDS,T00423
R006424,P0023,P0312,TRANSFERRED_FUNDS,T00424
R006425,P0432,P0480,TRANSFERRED_FUNDS,T00425
R006426,P0334,P0467,TRANSFERRED_FUNDS,T00426
R006427,P0187,P0124,TRANSFERRED_FUNDS,T00427
R006428,P0084,P0187,TRANSFERRED_FUNDS,T00428
R006429,P0142,P0301,TRANSFERRED_FUNDS,T00429
R006430,P0282,P0238,TRANSFERRED_FUNDS,T00430
R006431,P0334,P0321,TRANSFERRED_FUNDS,T00431
R006432,P0084,P0260,TRANSFERRED_FUNDS,T00432
R006433,P0019,P0239,TRANSFERRED_FUNDS,T00433
R006434,P0041,P0377,TRANSFERRED_FUNDS,T00434
R006435,P0376,P0019,TRANSFERRED_FUNDS,T00435
R006436,P0430,P0497,TRANSFERRED_FUNDS,T00436
R006437,P0191,P0201,TRANSFERRED_FUNDS,T00437
R006438,P0058,P0379,TRANSFERRED_FUNDS,T00438
R006439,P0301,P0335,TRANSFERRED_FUNDS,T00439
R006440,P0132,P0300,TRANSFERRED_FUNDS,T00440
R006441,P0337,P0497,TRANSFERRED_FUNDS,T00441
R006442,P0358,P0099,TRANSFERRED_FUNDS,T00442
R006443,P0470,P0292,TRANSFERRED_FUNDS,T00443
R006444,P0292,P0308,TRANSFERRED_FUNDS,T00444
R006445,P0491,P0213,TRANSFERRED_FUNDS,T00445
R006446,P0044,P0067,TRANSFERRED_FUNDS,T00446
R006447,P0021,P0344,TRANSFERRED_FUNDS,T00447
R006448,P0039,P0015,TRANSFERRED_FUNDS,T00448
R006449,P0112,P0046,TRANSFERRED_FUNDS,T00449
R006450,P0263,P0234,TRANSFERRED_FUNDS,T00450
R006451,P0213,P0008,TRANSFERRED_FUNDS,T00451
R006452,P0332,P0060,TRANSFERRED_FUNDS,T00452
R006453,P0268,P0117,TRANSFERRED_FUNDS,T00453
R006454,P0207,P0011,TRANSFERRED_FUNDS,T00454
R006455,P0369,P0068,TRANSFERRED_FUNDS,T00455
R006456,P0351,P0080,TRANSFERRED_FUNDS,T00456
R006457,P0277,P0199,TRANSFERRED_FUNDS,T00457
R006458,P0063,P0061,TRANSFERRED_FUNDS,T00458
R006459,P0090,P0443,TRANSFERRED_FUNDS,T00459
R006460,P0132,P0107,TRANSFERRED_FUNDS,T00460
R006461,P0135,P0058,TRANSFERRED_FUNDS,T00461
R006462,P0332,P0439,TRANSFERRED_FUNDS,T00462
R006463,P0324,P0131,TRANSFERRED_FUNDS,T00463
R006464,P0179,P0111,TRANSFERRED_FUNDS,T00464
R006465,P0019,P0255,TRANSFERRED_FUNDS,T00465
R006466,P0096,P0075,TRANSFERRED_FUNDS,T00466
R006467,P0165,P0376,TRANSFERRED_FUNDS,T00467
R006468,P0157,P0165,TRANSFERRED_FUNDS,T00468
R006469,P0281,P0265,TRANSFERRED_FUNDS,T00469
R006470,P0379,P0313,TRANSFERRED_FUNDS,T00470
R006471,P0066,P0163,TRANSFERRED_FUNDS,T00471
R006472,P0209,P0020,TRANSFERRED_FUNDS,T00472
R006473,P0473,P0477,TRANSFERRED_FUNDS,T00473
R006474,P0427,P0447,TRANSFERRED_FUNDS,T00474
R006475,P0429,P0138,TRANSFERRED_FUNDS,T00475
R006476,P0313,P0350,TRANSFERRED_FUNDS,T00476
R006477,P0442,P0320,TRANSFERRED_FUNDS,T00477
R006478,P0406,P0301,TRANSFERRED_FUNDS,T00478
R006479,P0433,P0406,TRANSFERRED_FUNDS,T00479
R006480,P0230,P0440,TRANSFERRED_FUNDS,T00480
R006481,P0172,P0364,TRANSFERRED_FUNDS,T00481
R006482,P0410,P0183,TRANSFERRED_FUNDS,T00482
R006483,P0153,P0363,TRANSFERRED_FUNDS,T00483
R006484,P0077,P0208,TRANSFERRED_FUNDS,T00484
R006485,P0089,P0246,TRANSFERRED_FUNDS,T00485
R006486,P0222,P0321,TRANSFERRED_FUNDS,T00486
R006487,P0458,P0143,TRANSFERRED_FUNDS,T00487
R006488,P0172,P0036,TRANSFERRED_FUNDS,T00488
R006489,P0374,P0070,TRANSFERRED_FUNDS,T00489
R006490,P0097,P0010,TRANSFERRED_FUNDS,T00490
R006491,P0255,P0317,TRANSFERRED_FUNDS,T00491
R006492,P0234,P0235,TRANSFERRED_FUNDS,T00492
R006493,P0002,P0262,TRANSFERRED_FUNDS,T00493
R006494,P0258,P0313,TRANSFERRED_FUNDS,T00494
R006495,P0043,P0367,TRANSFERRED_FUNDS,T00495
R006496,P0391,P0050,TRANSFERRED_FUNDS,T00496
R006497,P0092,P0029,TRANSFERRED_FUNDS,T00497
R006498,P0406,P0222,TRANSFERRED_FUNDS,T00498
R006499,P0199,P0330,TRANSFERRED_FUNDS,T00499
R006500,P0229,P0424,TRANSFERRED_FUNDS,T00500
R006501,P0376,P0060,TRANSFERRED_FUNDS,T00501
R006502,P0432,P0448,TRANSFERRED_FUNDS,T00502
R006503,P0288,P0470,TRANSFERRED_FUNDS,T00503
R006504,P0398,P0057,TRANSFERRED_FUNDS,T00504
R006505,P0284,P0139,TRANSFERRED_FUNDS,T00505
R006506,P0320,P0014,TRANSFERRED_FUNDS,T00506
R006507,P0344,P0485,TRANSFERRED_FUNDS,T00507
R006508,P0111,P0388,TRANSFERRED_FUNDS,T00508
R006509,P0214,P0118,TRANSFERRED_FUNDS,T00509
R006510,P0305,P0332,TRANSFERRED_FUNDS,T00510
R006511,P0201,P0360,TRANSFERRED_FUNDS,T00511
R006512,P0220,P0005,TRANSFERRED_FUNDS,T00512
R006513,P0270,P0331,TRANSFERRED_FUNDS,T00513
R006514,P0174,P0426,TRANSFERRED_FUNDS,T00514
R006515,P0028,P0281,TRANSFERRED_FUNDS,T00515
R006516,P0321,P0319,TRANSFERRED_FUNDS,T00516
R006517,P0355,P0364,TRANSFERRED_FUNDS,T00517
R006518,P0457,P0221,TRANSFERRED_FUNDS,T00518
R006519,P0300,P0294,TRANSFERRED_FUNDS,T00519
R006520,P0433,P0065,TRANSFERRED_FUNDS,T00520
R006521,P0034,P0201,TRANSFERRED_FUNDS,T00521
R006522,P0358,P0093,TRANSFERRED_FUNDS,T00522
R006523,P0048,P0298,TRANSFERRED_FUNDS,T00523
R006524,P0259,P0057,TRANSFERRED_FUNDS,T00524
R006525,P0108,P0212,TRANSFERRED_FUNDS,T00525
R006526,P0313,P0008,TRANSFERRED_FUNDS,T00526
R006527,P0231,P0227,TRANSFERRED_FUNDS,T00527
R006528,P0048,P0499,TRANSFERRED_FUNDS,T00528
R006529,P0223,P0225,TRANSFERRED_FUNDS,T00529
R006530,P0497,P0355,TRANSFERRED_FUNDS,T00530
R006531,P0423,P0253,TRANSFERRED_FUNDS,T00531
R006532,P0378,P0448,TRANSFERRED_FUNDS,T00532
R006533,P0182,P0331,TRANSFERRED_FUNDS,T00533
R006534,P0165,P0027,TRANSFERRED_FUNDS,T00534
R006535,P0202,P0019,TRANSFERRED_FUNDS,T00535
R006536,P0110,P0218,TRANSFERRED_FUNDS,T00536
R006537,P0220,P0227,TRANSFERRED_FUNDS,T00537
R006538,P0488,P0189,TRANSFERRED_FUNDS,T00538
R006539,P0483,P0039,TRANSFERRED_FUNDS,T00539
R006540,P0339,P0358,TRANSFERRED_FUNDS,T00540
R006541,P0307,P0479,TRANSFERRED_FUNDS,T00541
R006542,P0266,P0054,TRANSFERRED_FUNDS,T00542
R006543,P0280,P0023,TRANSFERRED_FUNDS,T00543
R006544,P0277,P0046,TRANSFERRED_FUNDS,T00544
R006545,P0128,P0325,TRANSFERRED_FUNDS,T00545
R006546,P0258,P0078,TRANSFERRED_FUNDS,T00546
R006547,P0417,P0394,TRANSFERRED_FUNDS,T00547
R006548,P0351,P0315,TRANSFERRED_FUNDS,T00548
R006549,P0178,P0251,TRANSFERRED_FUNDS,T00549
R006550,P0205,P0044,TRANSFERRED_FUNDS,T00550
R006551,P0134,P0160,TRANSFERRED_FUNDS,T00551
R006552,P0144,P0115,TRANSFERRED_FUNDS,T00552
R006553,P0362,P0457,TRANSFERRED_FUNDS,T00553
R006554,P0223,P0491,TRANSFERRED_FUNDS,T00554
R006555,P0087,P0239,TRANSFERRED_FUNDS,T00555
R006556,P0054,P0010,TRANSFERRED_FUNDS,T00556
R006557,P0406,P0439,TRANSFERRED_FUNDS,T00557
R006558,P0196,P0010,TRANSFERRED_FUNDS,T00558
R006559,P0155,P0436,TRANSFERRED_FUNDS,T00559
R006560,P0170,P0300,TRANSFERRED_FUNDS,T00560
R006561,P0272,P0301,TRANSFERRED_FUNDS,T00561
R006562,P0260,P0414,TRANSFERRED_FUNDS,T00562
R006563,P0295,P0460,TRANSFERRED_FUNDS,T00563
R006564,P0343,P0300,TRANSFERRED_FUNDS,T00564
R006565,P0098,P0449,TRANSFERRED_FUNDS,T00565
R006566,P0091,P0120,TRANSFERRED_FUNDS,T00566
R006567,P0211,P0044,TRANSFERRED_FUNDS,T00567
R006568,P0115,P0375,TRANSFERRED_FUNDS,T00568
R006569,P0394,P0226,TRANSFERRED_FUNDS,T00569
R006570,P0331,P0019,TRANSFERRED_FUNDS,T00570
R006571,P0225,P0174,TRANSFERRED_FUNDS,T00571
R006572,P0240,P0309,TRANSFERRED_FUNDS,T00572
R006573,P0386,P0111,TRANSFERRED_FUNDS,T00573
R006574,P0112,P0335,TRANSFERRED_FUNDS,T00574
R006575,P0294,P0009,TRANSFERRED_FUNDS,T00575
R006576,P0478,P0304,TRANSFERRED_FUNDS,T00576
R006577,P0276,P0480,TRANSFERRED_FUNDS,T00577
R006578,P0152,P0205,TRANSFERRED_FUNDS,T00578
R006579,P0405,P0500,TRANSFERRED_FUNDS,T00579
R006580,P0252,P0207,TRANSFERRED_FUNDS,T00580
R006581,P0477,P0312,TRANSFERRED_FUNDS,T00581
R006582,P0011,P0194,TRANSFERRED_FUNDS,T00582
R006583,P0259,P0454,TRANSFERRED_FUNDS,T00583
R006584,P0082,P0362,TRANSFERRED_FUNDS,T00584
R006585,P0190,P0434,TRANSFERRED_FUNDS,T00585
R006586,P0067,P0387,TRANSFERRED_FUNDS,T00586
R006587,P0129,P0360,TRANSFERRED_FUNDS,T00587
R006588,P0154,P0370,TRANSFERRED_FUNDS,T00588
R006589,P0010,P0353,TRANSFERRED_FUNDS,T00589
R006590,P0205,P0100,TRANSFERRED_FUNDS,T00590
R006591,P0194,P0486,TRANSFERRED_FUNDS,T00591
R006592,P0268,P0062,TRANSFERRED_FUNDS,T00592
R006593,P0272,P0201,TRANSFERRED_FUNDS,T00593
R006594,P0365,P0208,TRANSFERRED_FUNDS,T00594
R006595,P0352,P0285,TRANSFERRED_FUNDS,T00595
R006596,P0177,P0340,TRANSFERRED_FUNDS,T00596
R006597,P0009,P0239,TRANSFERRED_FUNDS,T00597
R006598,P0408,P0150,TRANSFERRED_FUNDS,T00598
R006599,P0484,P0012,TRANSFERRED_FUNDS,T00599
R006600,P0264,P0364,TRANSFERRED_FUNDS,T00600
R006601,P0415,P0164,TRANSFERRED_FUNDS,T00601
R006602,P0271,P0077,TRANSFERRED_FUNDS,T00602
R006603,P0386,P0045,TRANSFERRED_FUNDS,T00603
R006604,P0287,P0267,TRANSFERRED_FUNDS,T00604
R006605,P0252,P0386,TRANSFERRED_FUNDS,T00605
R006606,P0013,P0235,TRANSFERRED_FUNDS,T00606
R006607,P0433,P0069,TRANSFERRED_FUNDS,T00607
R006608,P0305,P0183,TRANSFERRED_FUNDS,T00608
R006609,P0411,P0029,TRANSFERRED_FUNDS,T00609
R006610,P0229,P0444,TRANSFERRED_FUNDS,T00610
R006611,P0018,P0398,TRANSFERRED_FUNDS,T00611
R006612,P0164,P0248,TRANSFERRED_FUNDS,T00612
R006613,P0334,P0113,TRANSFERRED_FUNDS,T00613
R006614,P0107,P0112,TRANSFERRED_FUNDS,T00614
R006615,P0093,P0498,TRANSFERRED_FUNDS,T00615
R006616,P0044,P0183,TRANSFERRED_FUNDS,T00616
R006617,P0377,P0115,TRANSFERRED_FUNDS,T00617
R006618,P0224,P0213,TRANSFERRED_FUNDS,T00618
R006619,P0261,P0452,TRANSFERRED_FUNDS,T00619
R006620,P0335,P0124,TRANSFERRED_FUNDS,T00620
R006621,P0176,P0039,TRANSFERRED_FUNDS,T00621
R006622,P0357,P0231,TRANSFERRED_FUNDS,T00622
R006623,P0243,P0104,TRANSFERRED_FUNDS,T00623
R006624,P0035,P0134,TRANSFERRED_FUNDS,T00624
R006625,P0253,P0343,TRANSFERRED_FUNDS,T00625
R006626,P0305,P0194,TRANSFERRED_FUNDS,T00626
R006627,P0031,P0032,TRANSFERRED_FUNDS,T00627
R006628,P0347,P0262,TRANSFERRED_FUNDS,T00628
R006629,P0169,P0475,TRANSFERRED_FUNDS,T00629
R006630,P0229,P0267,TRANSFERRED_FUNDS,T00630
R006631,P0243,P0245,TRANSFERRED_FUNDS,T00631
R006632,P0134,P0001,TRANSFERRED_FUNDS,T00632
R006633,P0481,P0242,TRANSFERRED_FUNDS,T00633
R006634,P0059,P0454,TRANSFERRED_FUNDS,T00634
R006635,P0338,P0450,TRANSFERRED_FUNDS,T00635
R006636,P0273,P0332,TRANSFERRED_FUNDS,T00636
R006637,P0409,P0417,TRANSFERRED_FUNDS,T00637
R006638,P0292,P0115,TRANSFERRED_FUNDS,T00638
R006639,P0199,P0092,TRANSFERRED_FUNDS,T00639
R006640,P0175,P0346,TRANSFERRED_FUNDS,T00640
R006641,P0399,P0157,TRANSFERRED_FUNDS,T00641
R006642,P0185,P0318,TRANSFERRED_FUNDS,T00642
R006643,P0205,P0337,TRANSFERRED_FUNDS,T00643
R006644,P0093,P0352,TRANSFERRED_FUNDS,T00644
R006645,P0135,P0225,TRANSFERRED_FUNDS,T00645
R006646,P0454,P0134,TRANSFERRED_FUNDS,T00646
R006647,P0184,P0259,TRANSFERRED_FUNDS,T00647
R006648,P0393,P0363,TRANSFERRED_FUNDS,T00648
R006649,P0374,P0336,TRANSFERRED_FUNDS,T00649
R006650,P0448,P0311,TRANSFERRED_FUNDS,T00650
R006651,P0032,P0140,TRANSFERRED_FUNDS,T00651
R006652,P0170,P0464,TRANSFERRED_FUNDS,T00652
R006653,P0231,P0033,TRANSFERRED_FUNDS,T00653
R006654,P0266,P0120,TRANSFERRED_FUNDS,T00654
R006655,P0399,P0137,TRANSFERRED_FUNDS,T00655
R006656,P0422,P0299,TRANSFERRED_FUNDS,T00656
R006657,P0282,P0163,TRANSFERRED_FUNDS,T00657
R006658,P0412,P0144,TRANSFERRED_FUNDS,T00658
R006659,P0460,P0394,TRANSFERRED_FUNDS,T00659
R006660,P0392,P0004,TRANSFERRED_FUNDS,T00660
R006661,P0264,P0269,TRANSFERRED_FUNDS,T00661
R006662,P0456,P0322,TRANSFERRED_FUNDS,T00662
R006663,P0232,P0206,TRANSFERRED_FUNDS,T00663
R006664,P0481,P0337,TRANSFERRED_FUNDS,T00664
R006665,P0158,P0225,TRANSFERRED_FUNDS,T00665
R006666,P0180,P0229,TRANSFERRED_FUNDS,T00666
R006667,P0401,P0483,TRANSFERRED_FUNDS,T00667
R006668,P0063,P0430,TRANSFERRED_FUNDS,T00668
R006669,P0380,P0251,TRANSFERRED_FUNDS,T00669
R006670,P0433,P0044,TRANSFERRED_FUNDS,T00670
R006671,P0370,P0254,TRANSFERRED_FUNDS,T00671
R006672,P0011,P0358,TRANSFERRED_FUNDS,T00672
R006673,P0354,P0432,TRANSFERRED_FUNDS,T00673
R006674,P0213,P0444,TRANSFERRED_FUNDS,T00674
R006675,P0160,P0383,TRANSFERRED_FUNDS,T00675
R006676,P0280,P0268,TRANSFERRED_FUNDS,T00676
R006677,P0089,P0480,TRANSFERRED_FUNDS,T00677
R006678,P0093,P0160,TRANSFERRED_FUNDS,T00678
R006679,P0323,P0093,TRANSFERRED_FUNDS,T00679
R006680,P0208,P0334,TRANSFERRED_FUNDS,T00680
R006681,P0352,P0234,TRANSFERRED_FUNDS,T00681
R006682,P0048,P0327,TRANSFERRED_FUNDS,T00682
R006683,P0293,P0184,TRANSFERRED_FUNDS,T00683
R006684,P0171,P0234,TRANSFERRED_FUNDS,T00684
R006685,P0099,P0490,TRANSFERRED_FUNDS,T00685
R006686,P0258,P0029,TRANSFERRED_FUNDS,T00686
R006687,P0097,P0150,TRANSFERRED_FUNDS,T00687
R006688,P0123,P0129,TRANSFERRED_FUNDS,T00688
R006689,P0147,P0245,TRANSFERRED_FUNDS,T00689
R006690,P0449,P0162,TRANSFERRED_FUNDS,T00690
R006691,P0486,P0034,TRANSFERRED_FUNDS,T00691
R006692,P0171,P0044,TRANSFERRED_FUNDS,T00692
R006693,P0496,P0001,TRANSFERRED_FUNDS,T00693
R006694,P0223,P0234,TRANSFERRED_FUNDS,T00694
R006695,P0500,P0342,TRANSFERRED_FUNDS,T00695
R006696,P0108,P0050,TRANSFERRED_FUNDS,T00696
R006697,P0161,P0125,TRANSFERRED_FUNDS,T00697
R006698,P0456,P0152,TRANSFERRED_FUNDS,T00698
R006699,P0005,P0438,TRANSFERRED_FUNDS,T00699
R006700,P0125,P0356,TRANSFERRED_FUNDS,T00700
R006701,P0046,P0017,TRANSFERRED_FUNDS,T00701
R006702,P0486,P0154,TRANSFERRED_FUNDS,T00702
R006703,P0394,P0439,TRANSFERRED_FUNDS,T00703
R006704,P0302,P0343,TRANSFERRED_FUNDS,T00704
R006705,P0391,P0437,TRANSFERRED_FUNDS,T00705
R006706,P0120,P0049,TRANSFERRED_FUNDS,T00706
R006707,P0220,P0273,TRANSFERRED_FUNDS,T00707
R006708,P0101,P0096,TRANSFERRED_FUNDS,T00708
R006709,P0411,P0473,TRANSFERRED_FUNDS,T00709
R006710,P0190,P0199,TRANSFERRED_FUNDS,T00710
R006711,P0448,P0242,TRANSFERRED_FUNDS,T00711
R006712,P0222,P0121,TRANSFERRED_FUNDS,T00712
R006713,P0343,P0160,TRANSFERRED_FUNDS,T00713
R006714,P0449,P0060,TRANSFERRED_FUNDS,T00714
R006715,P0477,P0489,TRANSFERRED_FUNDS,T00715
R006716,P0402,P0212,TRANSFERRED_FUNDS,T00716
R006717,P0290,P0072,TRANSFERRED_FUNDS,T00717
R006718,P0402,P0012,TRANSFERRED_FUNDS,T00718
R006719,P0151,P0076,TRANSFERRED_FUNDS,T00719
R006720,P0046,P0315,TRANSFERRED_FUNDS,T00720
R006721,P0135,P0490,TRANSFERRED_FUNDS,T00721
R006722,P0175,P0026,TRANSFERRED_FUNDS,T00722
R006723,P0248,P0278,TRANSFERRED_FUNDS,T00723
R006724,P0297,P0378,TRANSFERRED_FUNDS,T00724
R006725,P0069,P0448,TRANSFERRED_FUNDS,T00725
R006726,P0477,P0010,TRANSFERRED_FUNDS,T00726
R006727,P0371,P0304,TRANSFERRED_FUNDS,T00727
R006728,P0451,P0428,TRANSFERRED_FUNDS,T00728
R006729,P0456,P0002,TRANSFERRED_FUNDS,T00729
R006730,P0482,P0153,TRANSFERRED_FUNDS,T00730
R006731,P0223,P0287,TRANSFERRED_FUNDS,T00731
R006732,P0199,P0263,TRANSFERRED_FUNDS,T00732
R006733,P0159,P0373,TRANSFERRED_FUNDS,T00733
R006734,P0350,P0357,TRANSFERRED_FUNDS,T00734
R006735,P0267,P0009,TRANSFERRED_FUNDS,T00735
R006736,P0394,P0103,TRANSFERRED_FUNDS,T00736
R006737,P0109,P0470,TRANSFERRED_FUNDS,T00737
R006738,P0469,P0184,TRANSFERRED_FUNDS,T00738
R006739,P0096,P0053,TRANSFERRED_FUNDS,T00739
R006740,P0137,P0295,TRANSFERRED_FUNDS,T00740
R006741,P0379,P0336,TRANSFERRED_FUNDS,T00741
R006742,P0389,P0350,TRANSFERRED_FUNDS,T00742
R006743,P0496,P0056,TRANSFERRED_FUNDS,T00743
R006744,P0410,P0337,TRANSFERRED_FUNDS,T00744
R006745,P0121,P0195,TRANSFERRED_FUNDS,T00745
R006746,P0330,P0214,TRANSFERRED_FUNDS,T00746
R006747,P0066,P0010,TRANSFERRED_FUNDS,T00747
R006748,P0278,P0325,TRANSFERRED_FUNDS,T00748
R006749,P0013,P0462,TRANSFERRED_FUNDS,T00749
R006750,P0423,P0267,TRANSFERRED_FUNDS,T00750
R006751,P0175,P0458,TRANSFERRED_FUNDS,T00751
R006752,P0010,P0320,TRANSFERRED_FUNDS,T00752
R006753,P0312,P0154,TRANSFERRED_FUNDS,T00753
R006754,P0336,P0137,TRANSFERRED_FUNDS,T00754
R006755,P0031,P0002,TRANSFERRED_FUNDS,T00755
R006756,P0191,P0101,TRANSFERRED_FUNDS,T00756
R006757,P0499,P0406,TRANSFERRED_FUNDS,T00757
R006758,P0092,P0407,TRANSFERRED_FUNDS,T00758
R006759,P0089,P0475,TRANSFERRED_FUNDS,T00759
R006760,P0280,P0380,TRANSFERRED_FUNDS,T00760
R006761,P0306,P0254,TRANSFERRED_FUNDS,T00761
R006762,P0142,P0283,TRANSFERRED_FUNDS,T00762
R006763,P0050,P0350,TRANSFERRED_FUNDS,T00763
R006764,P0108,P0084,TRANSFERRED_FUNDS,T00764
R006765,P0457,P0392,TRANSFERRED_FUNDS,T00765
R006766,P0489,P0401,TRANSFERRED_FUNDS,T00766
R006767,P0467,P0328,TRANSFERRED_FUNDS,T00767
R006768,P0291,P0051,TRANSFERRED_FUNDS,T00768
R006769,P0330,P0398,TRANSFERRED_FUNDS,T00769
R006770,P0417,P0394,TRANSFERRED_FUNDS,T00770
R006771,P0352,P0014,TRANSFERRED_FUNDS,T00771
R006772,P0260,P0468,TRANSFERRED_FUNDS,T00772
R006773,P0436,P0500,TRANSFERRED_FUNDS,T00773
R006774,P0022,P0134,TRANSFERRED_FUNDS,T00774
R006775,P0074,P0303,TRANSFERRED_FUNDS,T00775
R006776,P0347,P0339,TRANSFERRED_FUNDS,T00776
R006777,P0425,P0325,TRANSFERRED_FUNDS,T00777
R006778,P0405,P0103,TRANSFERRED_FUNDS,T00778
R006779,P0013,P0110,TRANSFERRED_FUNDS,T00779
R006780,P0385,P0043,TRANSFERRED_FUNDS,T00780
R006781,P0496,P0283,TRANSFERRED_FUNDS,T00781
R006782,P0353,P0157,TRANSFERRED_FUNDS,T00782
R006783,P0032,P0234,TRANSFERRED_FUNDS,T00783
R006784,P0486,P0283,TRANSFERRED_FUNDS,T00784
R006785,P0132,P0500,TRANSFERRED_FUNDS,T00785
R006786,P0179,P0354,TRANSFERRED_FUNDS,T00786
R006787,P0164,P0030,TRANSFERRED_FUNDS,T00787
R006788,P0125,P0364,TRANSFERRED_FUNDS,T00788
R006789,P0450,P0018,TRANSFERRED_FUNDS,T00789
R006790,P0264,P0420,TRANSFERRED_FUNDS,T00790
R006791,P0337,P0056,TRANSFERRED_FUNDS,T00791
R006792,P0341,P0129,TRANSFERRED_FUNDS,T00792
R006793,P0299,P0146,TRANSFERRED_FUNDS,T00793
R006794,P0168,P0453,TRANSFERRED_FUNDS,T00794
R006795,P0198,P0075,TRANSFERRED_FUNDS,T00795
R006796,P0221,P0041,TRANSFERRED_FUNDS,T00796
R006797,P0480,P0080,TRANSFERRED_FUNDS,T00797
R006798,P0467,P0431,TRANSFERRED_FUNDS,T00798
R006799,P0339,P0067,TRANSFERRED_FUNDS,T00799
R006800,P0302,P0131,TRANSFERRED_FUNDS,T00800
R006801,P0057,P0050,TRANSFERRED_FUNDS,T00801
R006802,P0081,P0129,TRANSFERRED_FUNDS,T00802
R006803,P0384,P0176,TRANSFERRED_FUNDS,T00803
R006804,P0417,P0040,TRANSFERRED_FUNDS,T00804
R006805,P0419,P0404,TRANSFERRED_FUNDS,T00805
R006806,P0153,P0265,TRANSFERRED_FUNDS,T00806
R006807,P0031,P0001,TRANSFERRED_FUNDS,T00807
R006808,P0364,P0107,TRANSFERRED_FUNDS,T00808
R006809,P0063,P0215,TRANSFERRED_FUNDS,T00809
R006810,P0173,P0189,TRANSFERRED_FUNDS,T00810
R006811,P0464,P0126,TRANSFERRED_FUNDS,T00811
R006812,P0373,P0332,TRANSFERRED_FUNDS,T00812
R006813,P0158,P0051,TRANSFERRED_FUNDS,T00813
R006814,P0145,P0202,TRANSFERRED_FUNDS,T00814
R006815,P0012,P0384,TRANSFERRED_FUNDS,T00815
R006816,P0309,P0330,TRANSFERRED_FUNDS,T00816
R006817,P0263,P0346,TRANSFERRED_FUNDS,T00817
R006818,P0315,P0189,TRANSFERRED_FUNDS,T00818
R006819,P0497,P0139,TRANSFERRED_FUNDS,T00819
R006820,P0036,P0224,TRANSFERRED_FUNDS,T00820
R006821,P0170,P0488,TRANSFERRED_FUNDS,T00821
R006822,P0044,P0014,TRANSFERRED_FUNDS,T00822
R006823,P0147,P0489,TRANSFERRED_FUNDS,T00823
R006824,P0299,P0041,TRANSFERRED_FUNDS,T00824
R006825,P0464,P0446,TRANSFERRED_FUNDS,T00825
R006826,P0173,P0047,TRANSFERRED_FUNDS,T00826
R006827,P0368,P0500,TRANSFERRED_FUNDS,T00827
R006828,P0218,P0132,TRANSFERRED_FUNDS,T00828
R006829,P0072,P0071,TRANSFERRED_FUNDS,T00829
R006830,P0066,P0283,TRANSFERRED_FUNDS,T00830
R006831,P0398,P0269,TRANSFERRED_FUNDS,T00831
R006832,P0088,P0291,TRANSFERRED_FUNDS,T00832
R006833,P0012,P0457,TRANSFERRED_FUNDS,T00833
R006834,P0330,P0476,TRANSFERRED_FUNDS,T00834
R006835,P0161,P0397,TRANSFERRED_FUNDS,T00835
R006836,P0125,P0369,TRANSFERRED_FUNDS,T00836
R006837,P0160,P0321,TRANSFERRED_FUNDS,T00837
R006838,P0265,P0386,TRANSFERRED_FUNDS,T00838
R006839,P0149,P0186,TRANSFERRED_FUNDS,T00839
R006840,P0191,P0117,TRANSFERRED_FUNDS,T00840
R006841,P0453,P0071,TRANSFERRED_FUNDS,T00841
R006842,P0113,P0009,TRANSFERRED_FUNDS,T00842
R006843,P0108,P0034,TRANSFERRED_FUNDS,T00843
R006844,P0427,P0158,TRANSFERRED_FUNDS,T00844
R006845,P0128,P0239,TRANSFERRED_FUNDS,T00845
R006846,P0448,P0347,TRANSFERRED_FUNDS,T00846
R006847,P0172,P0340,TRANSFERRED_FUNDS,T00847
R006848,P0457,P0245,TRANSFERRED_FUNDS,T00848
R006849,P0065,P0219,TRANSFERRED_FUNDS,T00849
R006850,P0289,P0239,TRANSFERRED_FUNDS,T00850
R006851,P0243,P0314,TRANSFERRED_FUNDS,T00851
R006852,P0180,P0207,TRANSFERRED_FUNDS,T00852
R006853,P0040,P0033,TRANSFERRED_FUNDS,T00853
R006854,P0438,P0230,TRANSFERRED_FUNDS,T00854
R006855,P0317,P0319,TRANSFERRED_FUNDS,T00855
R006856,P0359,P0229,TRANSFERRED_FUNDS,T00856
R006857,P0290,P0211,TRANSFERRED_FUNDS,T00857
R006858,P0058,P0467,TRANSFERRED_FUNDS,T00858
R006859,P0256,P0161,TRANSFERRED_FUNDS,T00859
R006860,P0326,P0095,TRANSFERRED_FUNDS,T00860
R006861,P0034,P0074,TRANSFERRED_FUNDS,T00861
R006862,P0375,P0145,TRANSFERRED_FUNDS,T00862
R006863,P0190,P0478,TRANSFERRED_FUNDS,T00863
R006864,P0368,P0466,TRANSFERRED_FUNDS,T00864
R006865,P0044,P0414,TRANSFERRED_FUNDS,T00865
R006866,P0058,P0209,TRANSFERRED_FUNDS,T00866
R006867,P0379,P0442,TRANSFERRED_FUNDS,T00867
R006868,P0158,P0467,TRANSFERRED_FUNDS,T00868
R006869,P0021,P0250,TRANSFERRED_FUNDS,T00869
R006870,P0270,P0414,TRANSFERRED_FUNDS,T00870
R006871,P0061,P0190,TRANSFERRED_FUNDS,T00871
R006872,P0066,P0123,TRANSFERRED_FUNDS,T00872
R006873,P0061,P0165,TRANSFERRED_FUNDS,T00873
R006874,P0006,P0094,TRANSFERRED_FUNDS,T00874
R006875,P0108,P0207,TRANSFERRED_FUNDS,T00875
R006876,P0174,P0409,TRANSFERRED_FUNDS,T00876
R006877,P0380,P0298,TRANSFERRED_FUNDS,T00877
R006878,P0416,P0144,TRANSFERRED_FUNDS,T00878
R006879,P0255,P0178,TRANSFERRED_FUNDS,T00879
R006880,P0012,P0183,TRANSFERRED_FUNDS,T00880
R006881,P0035,P0456,TRANSFERRED_FUNDS,T00881
R006882,P0324,P0158,TRANSFERRED_FUNDS,T00882
R006883,P0080,P0376,TRANSFERRED_FUNDS,T00883
R006884,P0397,P0261,TRANSFERRED_FUNDS,T00884
R006885,P0158,P0480,TRANSFERRED_FUNDS,T00885
R006886,P0423,P0105,TRANSFERRED_FUNDS,T00886
R006887,P0490,P0027,TRANSFERRED_FUNDS,T00887
R006888,P0387,P0204,TRANSFERRED_FUNDS,T00888
R006889,P0276,P0269,TRANSFERRED_FUNDS,T00889
R006890,P0270,P0087,TRANSFERRED_FUNDS,T00890
R006891,P0331,P0113,TRANSFERRED_FUNDS,T00891
R006892,P0238,P0148,TRANSFERRED_FUNDS,T00892
R006893,P0380,P0150,TRANSFERRED_FUNDS,T00893
R006894,P0237,P0459,TRANSFERRED_FUNDS,T00894
R006895,P0329,P0325,TRANSFERRED_FUNDS,T00895
R006896,P0425,P0412,TRANSFERRED_FUNDS,T00896
R006897,P0254,P0168,TRANSFERRED_FUNDS,T00897
R006898,P0406,P0172,TRANSFERRED_FUNDS,T00898
R006899,P0181,P0176,TRANSFERRED_FUNDS,T00899
R006900,P0327,P0414,TRANSFERRED_FUNDS,T00900
R006901,P0308,P0402,TRANSFERRED_FUNDS,T00901
R006902,P0329,P0029,TRANSFERRED_FUNDS,T00902
R006903,P0192,P0173,TRANSFERRED_FUNDS,T00903
R006904,P0037,P0249,TRANSFERRED_FUNDS,T00904
R006905,P0054,P0078,TRANSFERRED_FUNDS,T00905
R006906,P0301,P0090,TRANSFERRED_FUNDS,T00906
R006907,P0295,P0321,TRANSFERRED_FUNDS,T00907
R006908,P0354,P0066,TRANSFERRED_FUNDS,T00908
R006909,P0188,P0176,TRANSFERRED_FUNDS,T00909
R006910,P0256,P0241,TRANSFERRED_FUNDS,T00910
R006911,P0182,P0221,TRANSFERRED_FUNDS,T00911
R006912,P0207,P0158,TRANSFERRED_FUNDS,T00912
R006913,P0139,P0111,TRANSFERRED_FUNDS,T00913
R006914,P0259,P0382,TRANSFERRED_FUNDS,T00914
R006915,P0013,P0095,TRANSFERRED_FUNDS,T00915
R006916,P0038,P0002,TRANSFERRED_FUNDS,T00916
R006917,P0208,P0022,TRANSFERRED_FUNDS,T00917
R006918,P0175,P0081,TRANSFERRED_FUNDS,T00918
R006919,P0055,P0371,TRANSFERRED_FUNDS,T00919
R006920,P0215,P0025,TRANSFERRED_FUNDS,T00920
R006921,P0225,P0088,TRANSFERRED_FUNDS,T00921
R006922,P0294,P0123,TRANSFERRED_FUNDS,T00922
R006923,P0294,P0176,TRANSFERRED_FUNDS,T00923
R006924,P0100,P0405,TRANSFERRED_FUNDS,T00924
R006925,P0376,P0001,TRANSFERRED_FUNDS,T00925
R006926,P0022,P0204,TRANSFERRED_FUNDS,T00926
R006927,P0345,P0370,TRANSFERRED_FUNDS,T00927
R006928,P0130,P0140,TRANSFERRED_FUNDS,T00928
R006929,P0204,P0129,TRANSFERRED_FUNDS,T00929
R006930,P0464,P0381,TRANSFERRED_FUNDS,T00930
R006931,P0407,P0455,TRANSFERRED_FUNDS,T00931
R006932,P0292,P0193,TRANSFERRED_FUNDS,T00932
R006933,P0018,P0153,TRANSFERRED_FUNDS,T00933
R006934,P0074,P0126,TRANSFERRED_FUNDS,T00934
R006935,P0062,P0357,TRANSFERRED_FUNDS,T00935
R006936,P0309,P0193,TRANSFERRED_FUNDS,T00936
R006937,P0456,P0296,TRANSFERRED_FUNDS,T00937
R006938,P0268,P0221,TRANSFERRED_FUNDS,T00938
R006939,P0487,P0139,TRANSFERRED_FUNDS,T00939
R006940,P0092,P0017,TRANSFERRED_FUNDS,T00940
R006941,P0462,P0147,TRANSFERRED_FUNDS,T00941
R006942,P0024,P0478,TRANSFERRED_FUNDS,T00942
R006943,P0085,P0074,TRANSFERRED_FUNDS,T00943
R006944,P0477,P0487,TRANSFERRED_FUNDS,T00944
R006945,P0099,P0376,TRANSFERRED_FUNDS,T00945
R006946,P0085,P0277,TRANSFERRED_FUNDS,T00946
R006947,P0249,P0397,TRANSFERRED_FUNDS,T00947
R006948,P0242,P0342,TRANSFERRED_FUNDS,T00948
R006949,P0391,P0449,TRANSFERRED_FUNDS,T00949
R006950,P0033,P0413,TRANSFERRED_FUNDS,T00950
R006951,P0180,P0089,TRANSFERRED_FUNDS,T00951
R006952,P0114,P0187,TRANSFERRED_FUNDS,T00952
R006953,P0239,P0253,TRANSFERRED_FUNDS,T00953
R006954,P0147,P0408,TRANSFERRED_FUNDS,T00954
R006955,P0124,P0323,TRANSFERRED_FUNDS,T00955
R006956,P0282,P0349,TRANSFERRED_FUNDS,T00956
R006957,P0210,P0018,TRANSFERRED_FUNDS,T00957
R006958,P0475,P0479,TRANSFERRED_FUNDS,T00958
R006959,P0203,P0371,TRANSFERRED_FUNDS,T00959
R006960,P0160,P0067,TRANSFERRED_FUNDS,T00960
R006961,P0101,P0338,TRANSFERRED_FUNDS,T00961
R006962,P0062,P0455,TRANSFERRED_FUNDS,T00962
R006963,P0040,P0380,TRANSFERRED_FUNDS,T00963
R006964,P0389,P0018,TRANSFERRED_FUNDS,T00964
R006965,P0195,P0038,TRANSFERRED_FUNDS,T00965
R006966,P0439,P0219,TRANSFERRED_FUNDS,T00966
R006967,P0043,P0301,TRANSFERRED_FUNDS,T00967
R006968,P0102,P0251,TRANSFERRED_FUNDS,T00968
R006969,P0086,P0317,TRANSFERRED_FUNDS,T00969
R006970,P0170,P0006,TRANSFERRED_FUNDS,T00970
R006971,P0399,P0424,TRANSFERRED_FUNDS,T00971
R006972,P0419,P0096,TRANSFERRED_FUNDS,T00972
R006973,P0138,P0396,TRANSFERRED_FUNDS,T00973
R006974,P0005,P0151,TRANSFERRED_FUNDS,T00974
R006975,P0044,P0300,TRANSFERRED_FUNDS,T00975
R006976,P0386,P0202,TRANSFERRED_FUNDS,T00976
R006977,P0345,P0207,TRANSFERRED_FUNDS,T00977
R006978,P0390,P0060,TRANSFERRED_FUNDS,T00978
R006979,P0261,P0173,TRANSFERRED_FUNDS,T00979
R006980,P0309,P0365,TRANSFERRED_FUNDS,T00980
R006981,P0092,P0408,TRANSFERRED_FUNDS,T00981
R006982,P0150,P0484,TRANSFERRED_FUNDS,T00982
R006983,P0067,P0451,TRANSFERRED_FUNDS,T00983
R006984,P0280,P0132,TRANSFERRED_FUNDS,T00984
R006985,P0170,P0405,TRANSFERRED_FUNDS,T00985
R006986,P0251,P0208,TRANSFERRED_FUNDS,T00986
R006987,P0083,P0082,TRANSFERRED_FUNDS,T00987
R006988,P0431,P0267,TRANSFERRED_FUNDS,T00988
R006989,P0008,P0256,TRANSFERRED_FUNDS,T00989
R006990,P0145,P0025,TRANSFERRED_FUNDS,T00990
R006991,P0242,P0262,TRANSFERRED_FUNDS,T00991
R006992,P0058,P0181,TRANSFERRED_FUNDS,T00992
R006993,P0213,P0268,TRANSFERRED_FUNDS,T00993
R006994,P0266,P0013,TRANSFERRED_FUNDS,T00994
R006995,P0190,P0214,TRANSFERRED_FUNDS,T00995
R006996,P0013,P0026,TRANSFERRED_FUNDS,T00996
R006997,P0249,P0187,TRANSFERRED_FUNDS,T00997
R006998,P0355,P0210,TRANSFERRED_FUNDS,T00998
R006999,P0448,P0003,TRANSFERRED_FUNDS,T00999
R007000,P0121,P0459,TRANSFERRED_FUNDS,T01000
R007001,P0136,P0073,TRANSFERRED_FUNDS,T01001
R007002,P0148,P0231,TRANSFERRED_FUNDS,T01002
R007003,P0117,P0297,TRANSFERRED_FUNDS,T01003
R007004,P0351,P0209,TRANSFERRED_FUNDS,T01004
R007005,P0168,P0134,TRANSFERRED_FUNDS,T01005
R007006,P0380,P0449,TRANSFERRED_FUNDS,T01006
R007007,P0374,P0390,TRANSFERRED_FUNDS,T01007
R007008,P0294,P0447,TRANSFERRED_FUNDS,T01008
R007009,P0016,P0348,TRANSFERRED_FUNDS,T01009
R007010,P0044,P0401,TRANSFERRED_FUNDS,T01010
R007011,P0054,P0323,TRANSFERRED_FUNDS,T01011
R007012,P0257,P0014,TRANSFERRED_FUNDS,T01012
R007013,P0288,P0371,TRANSFERRED_FUNDS,T01013
R007014,P0320,P0107,TRANSFERRED_FUNDS,T01014
R007015,P0091,P0225,TRANSFERRED_FUNDS,T01015
R007016,P0169,P0425,TRANSFERRED_FUNDS,T01016
R007017,P0185,P0309,TRANSFERRED_FUNDS,T01017
R007018,P0251,P0120,TRANSFERRED_FUNDS,T01018
R007019,P0364,P0362,TRANSFERRED_FUNDS,T01019
R007020,P0459,P0076,TRANSFERRED_FUNDS,T01020
R007021,P0179,P0122,TRANSFERRED_FUNDS,T01021
R007022,P0398,P0050,TRANSFERRED_FUNDS,T01022
R007023,P0097,P0398,TRANSFERRED_FUNDS,T01023
R007024,P0130,P0186,TRANSFERRED_FUNDS,T01024
R007025,P0341,P0203,TRANSFERRED_FUNDS,T01025
R007026,P0400,P0401,TRANSFERRED_FUNDS,T01026
R007027,P0280,P0205,TRANSFERRED_FUNDS,T01027
R007028,P0427,P0304,TRANSFERRED_FUNDS,T01028
R007029,P0103,P0298,TRANSFERRED_FUNDS,T01029
R007030,P0003,P0487,TRANSFERRED_FUNDS,T01030
R007031,P0166,P0433,TRANSFERRED_FUNDS,T01031
R007032,P0208,P0203,TRANSFERRED_FUNDS,T01032
R007033,P0500,P0349,TRANSFERRED_FUNDS,T01033
R007034,P0109,P0468,TRANSFERRED_FUNDS,T01034
R007035,P0233,P0080,TRANSFERRED_FUNDS,T01035
R007036,P0061,P0299,TRANSFERRED_FUNDS,T01036
R007037,P0499,P0205,TRANSFERRED_FUNDS,T01037
R007038,P0397,P0211,TRANSFERRED_FUNDS,T01038
R007039,P0356,P0341,TRANSFERRED_FUNDS,T01039
R007040,P0497,P0194,TRANSFERRED_FUNDS,T01040
R007041,P0333,P0448,TRANSFERRED_FUNDS,T01041
R007042,P0317,P0481,TRANSFERRED_FUNDS,T01042
R007043,P0423,P0212,TRANSFERRED_FUNDS,T01043
R007044,P0380,P0095,TRANSFERRED_FUNDS,T01044
R007045,P0141,P0157,TRANSFERRED_FUNDS,T01045
R007046,P0434,P0149,TRANSFERRED_FUNDS,T01046
R007047,P0003,P0378,TRANSFERRED_FUNDS,T01047
R007048,P0129,P0499,TRANSFERRED_FUNDS,T01048
R007049,P0054,P0437,TRANSFERRED_FUNDS,T01049
R007050,P0102,P0062,TRANSFERRED_FUNDS,T01050
R007051,P0392,P0140,TRANSFERRED_FUNDS,T01051
R007052,P0075,P0051,TRANSFERRED_FUNDS,T01052
R007053,P0068,P0496,TRANSFERRED_FUNDS,T01053
R007054,P0407,P0303,TRANSFERRED_FUNDS,T01054
R007055,P0048,P0343,TRANSFERRED_FUNDS,T01055
R007056,P0228,P0105,TRANSFERRED_FUNDS,T01056
R007057,P0052,P0017,TRANSFERRED_FUNDS,T01057
R007058,P0277,P0122,TRANSFERRED_FUNDS,T01058
R007059,P0377,P0106,TRANSFERRED_FUNDS,T01059
R007060,P0052,P0013,TRANSFERRED_FUNDS,T01060
R007061,P0377,P0490,TRANSFERRED_FUNDS,T01061
R007062,P0163,P0333,TRANSFERRED_FUNDS,T01062
R007063,P0345,P0363,TRANSFERRED_FUNDS,T01063
R007064,P0357,P0226,TRANSFERRED_FUNDS,T01064
R007065,P0494,P0324,TRANSFERRED_FUNDS,T01065
R007066,P0477,P0413,TRANSFERRED_FUNDS,T01066
R007067,P0134,P0229,TRANSFERRED_FUNDS,T01067
R007068,P0447,P0134,TRANSFERRED_FUNDS,T01068
R007069,P0325,P0260,TRANSFERRED_FUNDS,T01069
R007070,P0056,P0249,TRANSFERRED_FUNDS,T01070
R007071,P0494,P0073,TRANSFERRED_FUNDS,T01071
R007072,P0473,P0277,TRANSFERRED_FUNDS,T01072
R007073,P0304,P0462,TRANSFERRED_FUNDS,T01073
R007074,P0353,P0022,TRANSFERRED_FUNDS,T01074
R007075,P0178,P0236,TRANSFERRED_FUNDS,T01075
R007076,P0214,P0294,TRANSFERRED_FUNDS,T01076
R007077,P0340,P0330,TRANSFERRED_FUNDS,T01077
R007078,P0091,P0190,TRANSFERRED_FUNDS,T01078
R007079,P0101,P0055,TRANSFERRED_FUNDS,T01079
R007080,P0374,P0215,TRANSFERRED_FUNDS,T01080
R007081,P0112,P0472,TRANSFERRED_FUNDS,T01081
R007082,P0213,P0239,TRANSFERRED_FUNDS,T01082
R007083,P0042,P0221,TRANSFERRED_FUNDS,T01083
R007084,P0164,P0140,TRANSFERRED_FUNDS,T01084
R007085,P0350,P0011,TRANSFERRED_FUNDS,T01085
R007086,P0407,P0356,TRANSFERRED_FUNDS,T01086
R007087,P0041,P0066,TRANSFERRED_FUNDS,T01087
R007088,P0248,P0003,TRANSFERRED_FUNDS,T01088
R007089,P0494,P0123,TRANSFERRED_FUNDS,T01089
R007090,P0233,P0405,TRANSFERRED_FUNDS,T01090
R007091,P0340,P0352,TRANSFERRED_FUNDS,T01091
R007092,P0072,P0305,TRANSFERRED_FUNDS,T01092
R007093,P0438,P0027,TRANSFERRED_FUNDS,T01093
R007094,P0221,P0087,TRANSFERRED_FUNDS,T01094
R007095,P0388,P0055,TRANSFERRED_FUNDS,T01095
R007096,P0474,P0454,TRANSFERRED_FUNDS,T01096
R007097,P0354,P0480,TRANSFERRED_FUNDS,T01097
R007098,P0252,P0494,TRANSFERRED_FUNDS,T01098
R007099,P0312,P0421,TRANSFERRED_FUNDS,T01099
R007100,P0177,P0127,TRANSFERRED_FUNDS,T01100
R007101,P0168,P0410,TRANSFERRED_FUNDS,T01101
R007102,P0430,P0053,TRANSFERRED_FUNDS,T01102
R007103,P0362,P0120,TRANSFERRED_FUNDS,T01103
R007104,P0309,P0447,TRANSFERRED_FUNDS,T01104
R007105,P0245,P0173,TRANSFERRED_FUNDS,T01105
R007106,P0215,P0420,TRANSFERRED_FUNDS,T01106
R007107,P0046,P0133,TRANSFERRED_FUNDS,T01107
R007108,P0386,P0032,TRANSFERRED_FUNDS,T01108
R007109,P0210,P0347,TRANSFERRED_FUNDS,T01109
R007110,P0170,P0331,TRANSFERRED_FUNDS,T01110
R007111,P0387,P0268,TRANSFERRED_FUNDS,T01111
R007112,P0482,P0108,TRANSFERRED_FUNDS,T01112
R007113,P0219,P0249,TRANSFERRED_FUNDS,T01113
R007114,P0104,P0478,TRANSFERRED_FUNDS,T01114
R007115,P0350,P0344,TRANSFERRED_FUNDS,T01115
R007116,P0056,P0447,TRANSFERRED_FUNDS,T01116
R007117,P0210,P0127,TRANSFERRED_FUNDS,T01117
R007118,P0361,P0411,TRANSFERRED_FUNDS,T01118
R007119,P0365,P0332,TRANSFERRED_FUNDS,T01119
R007120,P0355,P0209,TRANSFERRED_FUNDS,T01120
R007121,P0091,P0258,TRANSFERRED_FUNDS,T01121
R007122,P0237,P0416,TRANSFERRED_FUNDS,T01122
R007123,P0190,P0441,TRANSFERRED_FUNDS,T01123
R007124,P0306,P0388,TRANSFERRED_FUNDS,T01124
R007125,P0311,P0138,TRANSFERRED_FUNDS,T01125
R007126,P0218,P0341,TRANSFERRED_FUNDS,T01126
R007127,P0066,P0311,TRANSFERRED_FUNDS,T01127
R007128,P0121,P0401,TRANSFERRED_FUNDS,T01128
R007129,P0375,P0237,TRANSFERRED_FUNDS,T01129
R007130,P0167,P0356,TRANSFERRED_FUNDS,T01130
R007131,P0298,P0105,TRANSFERRED_FUNDS,T01131
R007132,P0160,P0460,TRANSFERRED_FUNDS,T01132
R007133,P0467,P0037,TRANSFERRED_FUNDS,T01133
R007134,P0370,P0448,TRANSFERRED_FUNDS,T01134
R007135,P0237,P0432,TRANSFERRED_FUNDS,T01135
R007136,P0466,P0074,TRANSFERRED_FUNDS,T01136
R007137,P0017,P0159,TRANSFERRED_FUNDS,T01137
R007138,P0082,P0382,TRANSFERRED_FUNDS,T01138
R007139,P0239,P0476,TRANSFERRED_FUNDS,T01139
R007140,P0129,P0472,TRANSFERRED_FUNDS,T01140
R007141,P0479,P0417,TRANSFERRED_FUNDS,T01141
R007142,P0405,P0494,TRANSFERRED_FUNDS,T01142
R007143,P0251,P0165,TRANSFERRED_FUNDS,T01143
R007144,P0001,P0299,TRANSFERRED_FUNDS,T01144
R007145,P0336,P0182,TRANSFERRED_FUNDS,T01145
R007146,P0012,P0250,TRANSFERRED_FUNDS,T01146
R007147,P0144,P0487,TRANSFERRED_FUNDS,T01147
R007148,P0372,P0022,TRANSFERRED_FUNDS,T01148
R007149,P0380,P0033,TRANSFERRED_FUNDS,T01149
R007150,P0079,P0289,TRANSFERRED_FUNDS,T01150
R007151,P0301,P0074,TRANSFERRED_FUNDS,T01151
R007152,P0108,P0317,TRANSFERRED_FUNDS,T01152
R007153,P0300,P0353,TRANSFERRED_FUNDS,T01153
R007154,P0401,P0377,TRANSFERRED_FUNDS,T01154
R007155,P0132,P0463,TRANSFERRED_FUNDS,T01155
R007156,P0293,P0029,TRANSFERRED_FUNDS,T01156
R007157,P0065,P0124,TRANSFERRED_FUNDS,T01157
R007158,P0356,P0317,TRANSFERRED_FUNDS,T01158
R007159,P0492,P0469,TRANSFERRED_FUNDS,T01159
R007160,P0360,P0395,TRANSFERRED_FUNDS,T01160
R007161,P0476,P0279,TRANSFERRED_FUNDS,T01161
R007162,P0423,P0196,TRANSFERRED_FUNDS,T01162
R007163,P0422,P0484,TRANSFERRED_FUNDS,T01163
R007164,P0286,P0279,TRANSFERRED_FUNDS,T01164
R007165,P0176,P0034,TRANSFERRED_FUNDS,T01165
R007166,P0149,P0288,TRANSFERRED_FUNDS,T01166
R007167,P0287,P0071,TRANSFERRED_FUNDS,T01167
R007168,P0022,P0061,TRANSFERRED_FUNDS,T01168
R007169,P0208,P0339,TRANSFERRED_FUNDS,T01169
R007170,P0135,P0412,TRANSFERRED_FUNDS,T01170
R007171,P0328,P0382,TRANSFERRED_FUNDS,T01171
R007172,P0475,P0478,TRANSFERRED_FUNDS,T01172
R007173,P0248,P0379,TRANSFERRED_FUNDS,T01173
R007174,P0368,P0352,TRANSFERRED_FUNDS,T01174
R007175,P0323,P0022,TRANSFERRED_FUNDS,T01175
R007176,P0369,P0419,TRANSFERRED_FUNDS,T01176
R007177,P0321,P0436,TRANSFERRED_FUNDS,T01177
R007178,P0344,P0009,TRANSFERRED_FUNDS,T01178
R007179,P0292,P0085,TRANSFERRED_FUNDS,T01179
R007180,P0476,P0193,TRANSFERRED_FUNDS,T01180
R007181,P0267,P0059,TRANSFERRED_FUNDS,T01181
R007182,P0279,P0411,TRANSFERRED_FUNDS,T01182
R007183,P0471,P0278,TRANSFERRED_FUNDS,T01183
R007184,P0349,P0246,TRANSFERRED_FUNDS,T01184
R007185,P0072,P0409,TRANSFERRED_FUNDS,T01185
R007186,P0452,P0163,TRANSFERRED_FUNDS,T01186
R007187,P0217,P0159,TRANSFERRED_FUNDS,T01187
R007188,P0463,P0036,TRANSFERRED_FUNDS,T01188
R007189,P0466,P0400,TRANSFERRED_FUNDS,T01189
R007190,P0268,P0201,TRANSFERRED_FUNDS,T01190
R007191,P0360,P0201,TRANSFERRED_FUNDS,T01191
R007192,P0340,P0081,TRANSFERRED_FUNDS,T01192
R007193,P0135,P0496,TRANSFERRED_FUNDS,T01193
R007194,P0037,P0244,TRANSFERRED_FUNDS,T01194
R007195,P0134,P0165,TRANSFERRED_FUNDS,T01195
R007196,P0308,P0330,TRANSFERRED_FUNDS,T01196
R007197,P0319,P0346,TRANSFERRED_FUNDS,T01197
R007198,P0071,P0267,TRANSFERRED_FUNDS,T01198
R007199,P0315,P0175,TRANSFERRED_FUNDS,T01199
R007200,P0401,P0482,TRANSFERRED_FUNDS,T01200
R007201,P0436,P0368,TRANSFERRED_FUNDS,T01201
R007202,P0110,P0471,TRANSFERRED_FUNDS,T01202
R007203,P0497,P0164,TRANSFERRED_FUNDS,T01203
R007204,P0277,P0343,TRANSFERRED_FUNDS,T01204
R007205,P0355,P0154,TRANSFERRED_FUNDS,T01205
R007206,P0316,P0295,TRANSFERRED_FUNDS,T01206
R007207,P0186,P0281,TRANSFERRED_FUNDS,T01207
R007208,P0379,P0094,TRANSFERRED_FUNDS,T01208
R007209,P0349,P0473,TRANSFERRED_FUNDS,T01209
R007210,P0487,P0463,TRANSFERRED_FUNDS,T01210
R007211,P0156,P0397,TRANSFERRED_FUNDS,T01211
R007212,P0252,P0305,TRANSFERRED_FUNDS,T01212
R007213,P0139,P0030,TRANSFERRED_FUNDS,T01213
R007214,P0422,P0354,TRANSFERRED_FUNDS,T01214
R007215,P0348,P0069,TRANSFERRED_FUNDS,T01215
R007216,P0334,P0232,TRANSFERRED_FUNDS,T01216
R007217,P0314,P0028,TRANSFERRED_FUNDS,T01217
R007218,P0384,P0460,TRANSFERRED_FUNDS,T01218
R007219,P0014,P0493,TRANSFERRED_FUNDS,T01219
R007220,P0354,P0141,TRANSFERRED_FUNDS,T01220
R007221,P0118,P0328,TRANSFERRED_FUNDS,T01221
R007222,P0391,P0035,TRANSFERRED_FUNDS,T01222
R007223,P0233,P0089,TRANSFERRED_FUNDS,T01223
R007224,P0168,P0183,TRANSFERRED_FUNDS,T01224
R007225,P0110,P0238,TRANSFERRED_FUNDS,T01225
R007226,P0253,P0391,TRANSFERRED_FUNDS,T01226
R007227,P0382,P0109,TRANSFERRED_FUNDS,T01227
R007228,P0408,P0093,TRANSFERRED_FUNDS,T01228
R007229,P0240,P0199,TRANSFERRED_FUNDS,T01229
R007230,P0319,P0313,TRANSFERRED_FUNDS,T01230
R007231,P0251,P0147,TRANSFERRED_FUNDS,T01231
R007232,P0437,P0107,TRANSFERRED_FUNDS,T01232
R007233,P0296,P0456,TRANSFERRED_FUNDS,T01233
R007234,P0328,P0319,TRANSFERRED_FUNDS,T01234
R007235,P0204,P0082,TRANSFERRED_FUNDS,T01235
R007236,P0307,P0479,TRANSFERRED_FUNDS,T01236
R007237,P0017,P0299,TRANSFERRED_FUNDS,T01237
R007238,P0039,P0385,TRANSFERRED_FUNDS,T01238
R007239,P0471,P0107,TRANSFERRED_FUNDS,T01239
R007240,P0387,P0232,TRANSFERRED_FUNDS,T01240
R007241,P0479,P0150,TRANSFERRED_FUNDS,T01241
R007242,P0466,P0160,TRANSFERRED_FUNDS,T01242
R007243,P0299,P0184,TRANSFERRED_FUNDS,T01243
R007244,P0249,P0371,TRANSFERRED_FUNDS,T01244
R007245,P0288,P0209,TRANSFERRED_FUNDS,T01245
R007246,P0203,P0238,TRANSFERRED_FUNDS,T01246
R007247,P0035,P0051,TRANSFERRED_FUNDS,T01247
R007248,P0003,P0161,TRANSFERRED_FUNDS,T01248
R007249,P0212,P0258,TRANSFERRED_FUNDS,T01249
R007250,P0447,P0085,TRANSFERRED_FUNDS,T01250
R007251,P0491,P0313,TRANSFERRED_FUNDS,T01251
R007252,P0024,P0435,TRANSFERRED_FUNDS,T01252
R007253,P0353,P0204,TRANSFERRED_FUNDS,T01253
R007254,P0355,P0488,TRANSFERRED_FUNDS,T01254
R007255,P0361,P0401,TRANSFERRED_FUNDS,T01255
R007256,P0017,P0367,TRANSFERRED_FUNDS,T01256
R007257,P0073,P0391,TRANSFERRED_FUNDS,T01257
R007258,P0440,P0409,TRANSFERRED_FUNDS,T01258
R007259,P0315,P0081,TRANSFERRED_FUNDS,T01259
R007260,P0057,P0095,TRANSFERRED_FUNDS,T01260
R007261,P0090,P0298,TRANSFERRED_FUNDS,T01261
R007262,P0420,P0196,TRANSFERRED_FUNDS,T01262
R007263,P0125,P0166,TRANSFERRED_FUNDS,T01263
R007264,P0262,P0238,TRANSFERRED_FUNDS,T01264
R007265,P0323,P0047,TRANSFERRED_FUNDS,T01265
R007266,P0068,P0345,TRANSFERRED_FUNDS,T01266
R007267,P0386,P0413,TRANSFERRED_FUNDS,T01267
R007268,P0161,P0115,TRANSFERRED_FUNDS,T01268
R007269,P0443,P0339,TRANSFERRED_FUNDS,T01269
R007270,P0322,P0429,TRANSFERRED_FUNDS,T01270
R007271,P0178,P0115,TRANSFERRED_FUNDS,T01271
R007272,P0332,P0308,TRANSFERRED_FUNDS,T01272
R007273,P0282,P0367,TRANSFERRED_FUNDS,T01273
R007274,P0165,P0041,TRANSFERRED_FUNDS,T01274
R007275,P0355,P0023,TRANSFERRED_FUNDS,T01275
R007276,P0255,P0342,TRANSFERRED_FUNDS,T01276
R007277,P0235,P0128,TRANSFERRED_FUNDS,T01277
R007278,P0148,P0458,TRANSFERRED_FUNDS,T01278
R007279,P0217,P0436,TRANSFERRED_FUNDS,T01279
R007280,P0313,P0368,TRANSFERRED_FUNDS,T01280
R007281,P0162,P0343,TRANSFERRED_FUNDS,T01281
R007282,P0385,P0165,TRANSFERRED_FUNDS,T01282
R007283,P0317,P0336,TRANSFERRED_FUNDS,T01283
R007284,P0032,P0015,TRANSFERRED_FUNDS,T01284
R007285,P0188,P0398,TRANSFERRED_FUNDS,T01285
R007286,P0149,P0184,TRANSFERRED_FUNDS,T01286
R007287,P0009,P0367,TRANSFERRED_FUNDS,T01287
R007288,P0347,P0261,TRANSFERRED_FUNDS,T01288
R007289,P0449,P0264,TRANSFERRED_FUNDS,T01289
R007290,P0475,P0487,TRANSFERRED_FUNDS,T01290
R007291,P0292,P0019,TRANSFERRED_FUNDS,T01291
R007292,P0090,P0167,TRANSFERRED_FUNDS,T01292
R007293,P0192,P0160,TRANSFERRED_FUNDS,T01293
R007294,P0311,P0025,TRANSFERRED_FUNDS,T01294
R007295,P0428,P0230,TRANSFERRED_FUNDS,T01295
R007296,P0425,P0402,TRANSFERRED_FUNDS,T01296
R007297,P0440,P0350,TRANSFERRED_FUNDS,T01297
R007298,P0217,P0301,TRANSFERRED_FUNDS,T01298
R007299,P0390,P0187,TRANSFERRED_FUNDS,T01299
R007300,P0135,P0404,TRANSFERRED_FUNDS,T01300
R007301,P0161,P0398,TRANSFERRED_FUNDS,T01301
R007302,P0276,P0497,TRANSFERRED_FUNDS,T01302
R007303,P0378,P0032,TRANSFERRED_FUNDS,T01303
R007304,P0434,P0068,TRANSFERRED_FUNDS,T01304
R007305,P0430,P0337,TRANSFERRED_FUNDS,T01305
R007306,P0199,P0289,TRANSFERRED_FUNDS,T01306
R007307,P0223,P0454,TRANSFERRED_FUNDS,T01307
R007308,P0331,P0092,TRANSFERRED_FUNDS,T01308
R007309,P0010,P0006,TRANSFERRED_FUNDS,T01309
R007310,P0182,P0417,TRANSFERRED_FUNDS,T01310
R007311,P0014,P0473,TRANSFERRED_FUNDS,T01311
R007312,P0363,P0399,TRANSFERRED_FUNDS,T01312
R007313,P0172,P0488,TRANSFERRED_FUNDS,T01313
R007314,P0134,P0308,TRANSFERRED_FUNDS,T01314
R007315,P0178,P0475,TRANSFERRED_FUNDS,T01315
R007316,P0245,P0184,TRANSFERRED_FUNDS,T01316
R007317,P0044,P0125,TRANSFERRED_FUNDS,T01317
R007318,P0255,P0446,TRANSFERRED_FUNDS,T01318
R007319,P0265,P0046,TRANSFERRED_FUNDS,T01319
R007320,P0119,P0120,TRANSFERRED_FUNDS,T01320
R007321,P0450,P0343,TRANSFERRED_FUNDS,T01321
R007322,P0049,P0137,TRANSFERRED_FUNDS,T01322
R007323,P0042,P0323,TRANSFERRED_FUNDS,T01323
R007324,P0239,P0450,TRANSFERRED_FUNDS,T01324
R007325,P0258,P0249,TRANSFERRED_FUNDS,T01325
R007326,P0382,P0262,TRANSFERRED_FUNDS,T01326
R007327,P0331,P0021,TRANSFERRED_FUNDS,T01327
R007328,P0486,P0089,TRANSFERRED_FUNDS,T01328
R007329,P0426,P0260,TRANSFERRED_FUNDS,T01329
R007330,P0157,P0145,TRANSFERRED_FUNDS,T01330
R007331,P0123,P0442,TRANSFERRED_FUNDS,T01331
R007332,P0252,P0264,TRANSFERRED_FUNDS,T01332
R007333,P0301,P0181,TRANSFERRED_FUNDS,T01333
R007334,P0411,P0149,TRANSFERRED_FUNDS,T01334
R007335,P0319,P0303,TRANSFERRED_FUNDS,T01335
R007336,P0401,P0444,TRANSFERRED_FUNDS,T01336
R007337,P0085,P0069,TRANSFERRED_FUNDS,T01337
R007338,P0256,P0023,TRANSFERRED_FUNDS,T01338
R007339,P0425,P0485,TRANSFERRED_FUNDS,T01339
R007340,P0403,P0049,TRANSFERRED_FUNDS,T01340
R007341,P0347,P0142,TRANSFERRED_FUNDS,T01341
R007342,P0115,P0456,TRANSFERRED_FUNDS,T01342
R007343,P0379,P0342,TRANSFERRED_FUNDS,T01343
R007344,P0171,P0363,TRANSFERRED_FUNDS,T01344
R007345,P0115,P0126,TRANSFERRED_FUNDS,T01345
R007346,P0120,P0210,TRANSFERRED_FUNDS,T01346
R007347,P0025,P0042,TRANSFERRED_FUNDS,T01347
R007348,P0314,P0490,TRANSFERRED_FUNDS,T01348
R007349,P0284,P0189,TRANSFERRED_FUNDS,T01349
R007350,P0042,P0048,TRANSFERRED_FUNDS,T01350
R007351,P0325,P0028,TRANSFERRED_FUNDS,T01351
R007352,P0264,P0071,TRANSFERRED_FUNDS,T01352
R007353,P0138,P0006,TRANSFERRED_FUNDS,T01353
R007354,P0194,P0222,TRANSFERRED_FUNDS,T01354
R007355,P0326,P0173,TRANSFERRED_FUNDS,T01355
R007356,P0425,P0295,TRANSFERRED_FUNDS,T01356
R007357,P0126,P0455,TRANSFERRED_FUNDS,T01357
R007358,P0438,P0052,TRANSFERRED_FUNDS,T01358
R007359,P0132,P0474,TRANSFERRED_FUNDS,T01359
R007360,P0452,P0421,TRANSFERRED_FUNDS,T01360
R007361,P0068,P0420,TRANSFERRED_FUNDS,T01361
R007362,P0147,P0261,TRANSFERRED_FUNDS,T01362
R007363,P0343,P0467,TRANSFERRED_FUNDS,T01363
R007364,P0225,P0073,TRANSFERRED_FUNDS,T01364
R007365,P0432,P0076,TRANSFERRED_FUNDS,T01365
R007366,P0129,P0403,TRANSFERRED_FUNDS,T01366
R007367,P0056,P0230,TRANSFERRED_FUNDS,T01367
R007368,P0292,P0132,TRANSFERRED_FUNDS,T01368
R007369,P0167,P0052,TRANSFERRED_FUNDS,T01369
R007370,P0157,P0216,TRANSFERRED_FUNDS,T01370
R007371,P0265,P0035,TRANSFERRED_FUNDS,T01371
R007372,P0082,P0163,TRANSFERRED_FUNDS,T01372
R007373,P0388,P0262,TRANSFERRED_FUNDS,T01373
R007374,P0163,P0443,TRANSFERRED_FUNDS,T01374
R007375,P0118,P0459,TRANSFERRED_FUNDS,T01375
R007376,P0043,P0244,TRANSFERRED_FUNDS,T01376
R007377,P0122,P0481,TRANSFERRED_FUNDS,T01377
R007378,P0360,P0312,TRANSFERRED_FUNDS,T01378
R007379,P0270,P0113,TRANSFERRED_FUNDS,T01379
R007380,P0248,P0459,TRANSFERRED_FUNDS,T01380
R007381,P0378,P0063,TRANSFERRED_FUNDS,T01381
R007382,P0084,P0132,TRANSFERRED_FUNDS,T01382
R007383,P0497,P0391,TRANSFERRED_FUNDS,T01383
R007384,P0437,P0270,TRANSFERRED_FUNDS,T01384
R007385,P0096,P0148,TRANSFERRED_FUNDS,T01385
R007386,P0118,P0500,TRANSFERRED_FUNDS,T01386
R007387,P0228,P0153,TRANSFERRED_FUNDS,T01387
R007388,P0177,P0111,TRANSFERRED_FUNDS,T01388
R007389,P0027,P0439,TRANSFERRED_FUNDS,T01389
R007390,P0121,P0306,TRANSFERRED_FUNDS,T01390
R007391,P0116,P0490,TRANSFERRED_FUNDS,T01391
R007392,P0001,P0272,TRANSFERRED_FUNDS,T01392
R007393,P0496,P0328,TRANSFERRED_FUNDS,T01393
R007394,P0350,P0476,TRANSFERRED_FUNDS,T01394
R007395,P0082,P0486,TRANSFERRED_FUNDS,T01395
R007396,P0144,P0410,TRANSFERRED_FUNDS,T01396
R007397,P0032,P0286,TRANSFERRED_FUNDS,T01397
R007398,P0289,P0362,TRANSFERRED_FUNDS,T01398
R007399,P0467,P0052,TRANSFERRED_FUNDS,T01399
R007400,P0062,P0255,TRANSFERRED_FUNDS,T01400
R007401,P0400,P0329,TRANSFERRED_FUNDS,T01401
R007402,P0098,P0103,TRANSFERRED_FUNDS,T01402
R007403,P0416,P0159,TRANSFERRED_FUNDS,T01403
R007404,P0289,P0347,TRANSFERRED_FUNDS,T01404
R007405,P0394,P0306,TRANSFERRED_FUNDS,T01405
R007406,P0007,P0139,TRANSFERRED_FUNDS,T01406
R007407,P0346,P0484,TRANSFERRED_FUNDS,T01407
R007408,P0076,P0142,TRANSFERRED_FUNDS,T01408
R007409,P0498,P0396,TRANSFERRED_FUNDS,T01409
R007410,P0314,P0331,TRANSFERRED_FUNDS,T01410
R007411,P0495,P0391,TRANSFERRED_FUNDS,T01411
R007412,P0193,P0099,TRANSFERRED_FUNDS,T01412
R007413,P0332,P0117,TRANSFERRED_FUNDS,T01413
R007414,P0336,P0408,TRANSFERRED_FUNDS,T01414
R007415,P0157,P0131,TRANSFERRED_FUNDS,T01415
R007416,P0430,P0294,TRANSFERRED_FUNDS,T01416
R007417,P0459,P0070,TRANSFERRED_FUNDS,T01417
R007418,P0254,P0318,TRANSFERRED_FUNDS,T01418
R007419,P0026,P0076,TRANSFERRED_FUNDS,T01419
R007420,P0292,P0258,TRANSFERRED_FUNDS,T01420
R007421,P0144,P0149,TRANSFERRED_FUNDS,T01421
R007422,P0226,P0197,TRANSFERRED_FUNDS,T01422
R007423,P0418,P0464,TRANSFERRED_FUNDS,T01423
R007424,P0479,P0397,TRANSFERRED_FUNDS,T01424
R007425,P0296,P0183,TRANSFERRED_FUNDS,T01425
R007426,P0184,P0438,TRANSFERRED_FUNDS,T01426
R007427,P0025,P0027,TRANSFERRED_FUNDS,T01427
R007428,P0499,P0011,TRANSFERRED_FUNDS,T01428
R007429,P0200,P0031,TRANSFERRED_FUNDS,T01429
R007430,P0114,P0050,TRANSFERRED_FUNDS,T01430
R007431,P0432,P0242,TRANSFERRED_FUNDS,T01431
R007432,P0018,P0010,TRANSFERRED_FUNDS,T01432
R007433,P0385,P0276,TRANSFERRED_FUNDS,T01433
R007434,P0123,P0300,TRANSFERRED_FUNDS,T01434
R007435,P0281,P0139,TRANSFERRED_FUNDS,T01435
R007436,P0382,P0355,TRANSFERRED_FUNDS,T01436
R007437,P0258,P0039,TRANSFERRED_FUNDS,T01437
R007438,P0475,P0091,TRANSFERRED_FUNDS,T01438
R007439,P0413,P0040,TRANSFERRED_FUNDS,T01439
R007440,P0100,P0437,TRANSFERRED_FUNDS,T01440
R007441,P0423,P0058,TRANSFERRED_FUNDS,T01441
R007442,P0340,P0267,TRANSFERRED_FUNDS,T01442
R007443,P0489,P0387,TRANSFERRED_FUNDS,T01443
R007444,P0195,P0079,TRANSFERRED_FUNDS,T01444
R007445,P0186,P0019,TRANSFERRED_FUNDS,T01445
R007446,P0345,P0151,TRANSFERRED_FUNDS,T01446
R007447,P0082,P0443,TRANSFERRED_FUNDS,T01447
R007448,P0167,P0145,TRANSFERRED_FUNDS,T01448
R007449,P0345,P0143,TRANSFERRED_FUNDS,T01449
R007450,P0416,P0040,TRANSFERRED_FUNDS,T01450
R007451,P0153,P0190,TRANSFERRED_FUNDS,T01451
R007452,P0106,P0198,TRANSFERRED_FUNDS,T01452
R007453,P0383,P0474,TRANSFERRED_FUNDS,T01453
R007454,P0226,P0082,TRANSFERRED_FUNDS,T01454
R007455,P0232,P0444,TRANSFERRED_FUNDS,T01455
R007456,P0086,P0210,TRANSFERRED_FUNDS,T01456
R007457,P0253,P0156,TRANSFERRED_FUNDS,T01457
R007458,P0143,P0413,TRANSFERRED_FUNDS,T01458
R007459,P0482,P0086,TRANSFERRED_FUNDS,T01459
R007460,P0388,P0088,TRANSFERRED_FUNDS,T01460
R007461,P0401,P0219,TRANSFERRED_FUNDS,T01461
R007462,P0148,P0310,TRANSFERRED_FUNDS,T01462
R007463,P0193,P0140,TRANSFERRED_FUNDS,T01463
R007464,P0317,P0432,TRANSFERRED_FUNDS,T01464
R007465,P0332,P0097,TRANSFERRED_FUNDS,T01465
R007466,P0319,P0249,TRANSFERRED_FUNDS,T01466
R007467,P0220,P0024,TRANSFERRED_FUNDS,T01467
R007468,P0434,P0176,TRANSFERRED_FUNDS,T01468
R007469,P0190,P0095,TRANSFERRED_FUNDS,T01469
R007470,P0328,P0375,TRANSFERRED_FUNDS,T01470
R007471,P0131,P0003,TRANSFERRED_FUNDS,T01471
R007472,P0347,P0380,TRANSFERRED_FUNDS,T01472
R007473,P0239,P0313,TRANSFERRED_FUNDS,T01473
R007474,P0213,P0429,TRANSFERRED_FUNDS,T01474
R007475,P0124,P0174,TRANSFERRED_FUNDS,T01475
R007476,P0331,P0486,TRANSFERRED_FUNDS,T01476
R007477,P0165,P0135,TRANSFERRED_FUNDS,T01477
R007478,P0230,P0295,TRANSFERRED_FUNDS,T01478
R007479,P0179,P0376,TRANSFERRED_FUNDS,T01479
R007480,P0298,P0332,TRANSFERRED_FUNDS,T01480
R007481,P0110,P0197,TRANSFERRED_FUNDS,T01481
R007482,P0168,P0207,TRANSFERRED_FUNDS,T01482
R007483,P0454,P0345,TRANSFERRED_FUNDS,T01483
R007484,P0456,P0472,TRANSFERRED_FUNDS,T01484
R007485,P0448,P0221,TRANSFERRED_FUNDS,T01485
R007486,P0120,P0030,TRANSFERRED_FUNDS,T01486
R007487,P0003,P0279,TRANSFERRED_FUNDS,T01487
R007488,P0346,P0399,TRANSFERRED_FUNDS,T01488
R007489,P0056,P0434,TRANSFERRED_FUNDS,T01489
R007490,P0412,P0146,TRANSFERRED_FUNDS,T01490
R007491,P0331,P0366,TRANSFERRED_FUNDS,T01491
R007492,P0088,P0111,TRANSFERRED_FUNDS,T01492
R007493,P0450,P0005,TRANSFERRED_FUNDS,T01493
R007494,P0493,P0406,TRANSFERRED_FUNDS,T01494
R007495,P0329,P0198,TRANSFERRED_FUNDS,T01495
R007496,P0411,P0393,TRANSFERRED_FUNDS,T01496
R007497,P0029,P0188,TRANSFERRED_FUNDS,T01497
R007498,P0022,P0289,TRANSFERRED_FUNDS,T01498
R007499,P0114,P0351,TRANSFERRED_FUNDS,T01499
R007500,P0160,P0414,TRANSFERRED_FUNDS,T01500
R007501,P0319,P0491,TRANSFERRED_FUNDS,T01501
R007502,P0289,P0426,TRANSFERRED_FUNDS,T01502
R007503,P0030,P0109,TRANSFERRED_FUNDS,T01503
R007504,P0272,P0488,TRANSFERRED_FUNDS,T01504
R007505,P0400,P0369,TRANSFERRED_FUNDS,T01505
R007506,P0374,P0396,TRANSFERRED_FUNDS,T01506
R007507,P0492,P0047,TRANSFERRED_FUNDS,T01507
R007508,P0453,P0018,TRANSFERRED_FUNDS,T01508
R007509,P0015,P0317,TRANSFERRED_FUNDS,T01509
R007510,P0136,P0211,TRANSFERRED_FUNDS,T01510
R007511,P0283,P0239,TRANSFERRED_FUNDS,T01511
R007512,P0120,P0244,TRANSFERRED_FUNDS,T01512
R007513,P0500,P0214,TRANSFERRED_FUNDS,T01513
R007514,P0313,P0087,TRANSFERRED_FUNDS,T01514
R007515,P0475,P0025,TRANSFERRED_FUNDS,T01515
R007516,P0497,P0205,TRANSFERRED_FUNDS,T01516
R007517,P0027,P0001,TRANSFERRED_FUNDS,T01517
R007518,P0263,P0111,TRANSFERRED_FUNDS,T01518
R007519,P0346,P0353,TRANSFERRED_FUNDS,T01519
R007520,P0444,P0037,TRANSFERRED_FUNDS,T01520
R007521,P0002,P0270,TRANSFERRED_FUNDS,T01521
R007522,P0416,P0233,TRANSFERRED_FUNDS,T01522
R007523,P0032,P0425,TRANSFERRED_FUNDS,T01523
R007524,P0471,P0077,TRANSFERRED_FUNDS,T01524
R007525,P0060,P0087,TRANSFERRED_FUNDS,T01525
R007526,P0448,P0484,TRANSFERRED_FUNDS,T01526
R007527,P0433,P0382,TRANSFERRED_FUNDS,T01527
R007528,P0390,P0469,TRANSFERRED_FUNDS,T01528
R007529,P0290,P0101,TRANSFERRED_FUNDS,T01529
R007530,P0058,P0003,TRANSFERRED_FUNDS,T01530
R007531,P0316,P0266,TRANSFERRED_FUNDS,T01531
R007532,P0021,P0430,TRANSFERRED_FUNDS,T01532
R007533,P0157,P0041,TRANSFERRED_FUNDS,T01533
R007534,P0118,P0429,TRANSFERRED_FUNDS,T01534
R007535,P0381,P0078,TRANSFERRED_FUNDS,T01535
R007536,P0196,P0132,TRANSFERRED_FUNDS,T01536
R007537,P0260,P0324,TRANSFERRED_FUNDS,T01537
R007538,P0229,P0075,TRANSFERRED_FUNDS,T01538
R007539,P0011,P0445,TRANSFERRED_FUNDS,T01539
R007540,P0130,P0438,TRANSFERRED_FUNDS,T01540
R007541,P0200,P0162,TRANSFERRED_FUNDS,T01541
R007542,P0362,P0142,TRANSFERRED_FUNDS,T01542
R007543,P0433,P0266,TRANSFERRED_FUNDS,T01543
R007544,P0326,P0269,TRANSFERRED_FUNDS,T01544
R007545,P0239,P0486,TRANSFERRED_FUNDS,T01545
R007546,P0002,P0451,TRANSFERRED_FUNDS,T01546
R007547,P0496,P0129,TRANSFERRED_FUNDS,T01547
R007548,P0126,P0495,TRANSFERRED_FUNDS,T01548
R007549,P0060,P0338,TRANSFERRED_FUNDS,T01549
R007550,P0148,P0258,TRANSFERRED_FUNDS,T01550
R007551,P0433,P0352,TRANSFERRED_FUNDS,T01551
R007552,P0080,P0009,TRANSFERRED_FUNDS,T01552
R007553,P0106,P0316,TRANSFERRED_FUNDS,T01553
R007554,P0055,P0399,TRANSFERRED_FUNDS,T01554
R007555,P0426,P0375,TRANSFERRED_FUNDS,T01555
R007556,P0266,P0453,TRANSFERRED_FUNDS,T01556
R007557,P0382,P0251,TRANSFERRED_FUNDS,T01557
R007558,P0315,P0032,TRANSFERRED_FUNDS,T01558
R007559,P0314,P0222,TRANSFERRED_FUNDS,T01559
R007560,P0297,P0469,TRANSFERRED_FUNDS,T01560
R007561,P0444,P0230,TRANSFERRED_FUNDS,T01561
R007562,P0194,P0017,TRANSFERRED_FUNDS,T01562
R007563,P0312,P0435,TRANSFERRED_FUNDS,T01563
R007564,P0433,P0313,TRANSFERRED_FUNDS,T01564
R007565,P0132,P0406,TRANSFERRED_FUNDS,T01565
R007566,P0153,P0421,TRANSFERRED_FUNDS,T01566
R007567,P0426,P0497,TRANSFERRED_FUNDS,T01567
R007568,P0435,P0136,TRANSFERRED_FUNDS,T01568
R007569,P0240,P0237,TRANSFERRED_FUNDS,T01569
R007570,P0418,P0461,TRANSFERRED_FUNDS,T01570
R007571,P0102,P0131,TRANSFERRED_FUNDS,T01571
R007572,P0383,P0298,TRANSFERRED_FUNDS,T01572
R007573,P0267,P0466,TRANSFERRED_FUNDS,T01573
R007574,P0075,P0480,TRANSFERRED_FUNDS,T01574
R007575,P0393,P0194,TRANSFERRED_FUNDS,T01575
R007576,P0388,P0376,TRANSFERRED_FUNDS,T01576
R007577,P0441,P0157,TRANSFERRED_FUNDS,T01577
R007578,P0157,P0176,TRANSFERRED_FUNDS,T01578
R007579,P0097,P0457,TRANSFERRED_FUNDS,T01579
R007580,P0080,P0330,TRANSFERRED_FUNDS,T01580
R007581,P0120,P0197,TRANSFERRED_FUNDS,T01581
R007582,P0151,P0184,TRANSFERRED_FUNDS,T01582
R007583,P0089,P0111,TRANSFERRED_FUNDS,T01583
R007584,P0405,P0490,TRANSFERRED_FUNDS,T01584
R007585,P0112,P0179,TRANSFERRED_FUNDS,T01585
R007586,P0415,P0083,TRANSFERRED_FUNDS,T01586
R007587,P0307,P0494,TRANSFERRED_FUNDS,T01587
R007588,P0395,P0248,TRANSFERRED_FUNDS,T01588
R007589,P0462,P0325,TRANSFERRED_FUNDS,T01589
R007590,P0499,P0404,TRANSFERRED_FUNDS,T01590
R007591,P0315,P0281,TRANSFERRED_FUNDS,T01591
R007592,P0120,P0415,TRANSFERRED_FUNDS,T01592
R007593,P0038,P0406,TRANSFERRED_FUNDS,T01593
R007594,P0234,P0247,TRANSFERRED_FUNDS,T01594
R007595,P0449,P0046,TRANSFERRED_FUNDS,T01595
R007596,P0384,P0396,TRANSFERRED_FUNDS,T01596
R007597,P0429,P0079,TRANSFERRED_FUNDS,T01597
R007598,P0125,P0313,TRANSFERRED_FUNDS,T01598
R007599,P0038,P0058,TRANSFERRED_FUNDS,T01599
R007600,P0449,P0370,TRANSFERRED_FUNDS,T01600
R007601,P0296,P0398,TRANSFERRED_FUNDS,T01601
R007602,P0460,P0308,TRANSFERRED_FUNDS,T01602
R007603,P0012,P0189,TRANSFERRED_FUNDS,T01603
R007604,P0311,P0386,TRANSFERRED_FUNDS,T01604
R007605,P0033,P0020,TRANSFERRED_FUNDS,T01605
R007606,P0330,P0297,TRANSFERRED_FUNDS,T01606
R007607,P0008,P0019,TRANSFERRED_FUNDS,T01607
R007608,P0116,P0071,TRANSFERRED_FUNDS,T01608
R007609,P0172,P0204,TRANSFERRED_FUNDS,T01609
R007610,P0330,P0212,TRANSFERRED_FUNDS,T01610
R007611,P0428,P0325,TRANSFERRED_FUNDS,T01611
R007612,P0479,P0085,TRANSFERRED_FUNDS,T01612
R007613,P0214,P0378,TRANSFERRED_FUNDS,T01613
R007614,P0052,P0045,TRANSFERRED_FUNDS,T01614
R007615,P0383,P0032,TRANSFERRED_FUNDS,T01615
R007616,P0441,P0306,TRANSFERRED_FUNDS,T01616
R007617,P0056,P0137,TRANSFERRED_FUNDS,T01617
R007618,P0459,P0150,TRANSFERRED_FUNDS,T01618
R007619,P0016,P0407,TRANSFERRED_FUNDS,T01619
R007620,P0375,P0196,TRANSFERRED_FUNDS,T01620
R007621,P0260,P0376,TRANSFERRED_FUNDS,T01621
R007622,P0260,P0447,TRANSFERRED_FUNDS,T01622
R007623,P0154,P0363,TRANSFERRED_FUNDS,T01623
R007624,P0372,P0305,TRANSFERRED_FUNDS,T01624
R007625,P0183,P0273,TRANSFERRED_FUNDS,T01625
R007626,P0133,P0127,TRANSFERRED_FUNDS,T01626
R007627,P0069,P0408,TRANSFERRED_FUNDS,T01627
R007628,P0334,P0157,TRANSFERRED_FUNDS,T01628
R007629,P0235,P0468,TRANSFERRED_FUNDS,T01629
R007630,P0175,P0177,TRANSFERRED_FUNDS,T01630
R007631,P0334,P0481,TRANSFERRED_FUNDS,T01631
R007632,P0011,P0005,TRANSFERRED_FUNDS,T01632
R007633,P0303,P0313,TRANSFERRED_FUNDS,T01633
R007634,P0390,P0425,TRANSFERRED_FUNDS,T01634
R007635,P0165,P0410,TRANSFERRED_FUNDS,T01635
R007636,P0290,P0379,TRANSFERRED_FUNDS,T01636
R007637,P0226,P0361,TRANSFERRED_FUNDS,T01637
R007638,P0500,P0381,TRANSFERRED_FUNDS,T01638
R007639,P0435,P0402,TRANSFERRED_FUNDS,T01639
R007640,P0174,P0411,TRANSFERRED_FUNDS,T01640
R007641,P0017,P0382,TRANSFERRED_FUNDS,T01641
R007642,P0378,P0180,TRANSFERRED_FUNDS,T01642
R007643,P0441,P0338,TRANSFERRED_FUNDS,T01643
R007644,P0190,P0205,TRANSFERRED_FUNDS,T01644
R007645,P0343,P0383,TRANSFERRED_FUNDS,T01645
R007646,P0419,P0184,TRANSFERRED_FUNDS,T01646
R007647,P0272,P0369,TRANSFERRED_FUNDS,T01647
R007648,P0063,P0114,TRANSFERRED_FUNDS,T01648
R007649,P0033,P0228,TRANSFERRED_FUNDS,T01649
R007650,P0122,P0342,TRANSFERRED_FUNDS,T01650
R007651,P0101,P0211,TRANSFERRED_FUNDS,T01651
R007652,P0324,P0091,TRANSFERRED_FUNDS,T01652
R007653,P0174,P0220,TRANSFERRED_FUNDS,T01653
R007654,P0284,P0254,TRANSFERRED_FUNDS,T01654
R007655,P0478,P0036,TRANSFERRED_FUNDS,T01655
R007656,P0453,P0312,TRANSFERRED_FUNDS,T01656
R007657,P0343,P0263,TRANSFERRED_FUNDS,T01657
R007658,P0402,P0421,TRANSFERRED_FUNDS,T01658
R007659,P0170,P0222,TRANSFERRED_FUNDS,T01659
R007660,P0110,P0313,TRANSFERRED_FUNDS,T01660
R007661,P0102,P0345,TRANSFERRED_FUNDS,T01661
R007662,P0221,P0043,TRANSFERRED_FUNDS,T01662
R007663,P0307,P0316,TRANSFERRED_FUNDS,T01663
R007664,P0339,P0274,TRANSFERRED_FUNDS,T01664
R007665,P0079,P0342,TRANSFERRED_FUNDS,T01665
R007666,P0053,P0162,TRANSFERRED_FUNDS,T01666
R007667,P0226,P0405,TRANSFERRED_FUNDS,T01667
R007668,P0303,P0226,TRANSFERRED_FUNDS,T01668
R007669,P0193,P0316,TRANSFERRED_FUNDS,T01669
R007670,P0066,P0376,TRANSFERRED_FUNDS,T01670
R007671,P0203,P0266,TRANSFERRED_FUNDS,T01671
R007672,P0150,P0041,TRANSFERRED_FUNDS,T01672
R007673,P0122,P0106,TRANSFERRED_FUNDS,T01673
R007674,P0045,P0164,TRANSFERRED_FUNDS,T01674
R007675,P0363,P0278,TRANSFERRED_FUNDS,T01675
R007676,P0088,P0199,TRANSFERRED_FUNDS,T01676
R007677,P0022,P0202,TRANSFERRED_FUNDS,T01677
R007678,P0385,P0210,TRANSFERRED_FUNDS,T01678
R007679,P0351,P0190,TRANSFERRED_FUNDS,T01679
R007680,P0444,P0088,TRANSFERRED_FUNDS,T01680
R007681,P0046,P0219,TRANSFERRED_FUNDS,T01681
R007682,P0103,P0356,TRANSFERRED_FUNDS,T01682
R007683,P0377,P0416,TRANSFERRED_FUNDS,T01683
R007684,P0264,P0489,TRANSFERRED_FUNDS,T01684
R007685,P0344,P0149,TRANSFERRED_FUNDS,T01685
R007686,P0489,P0139,TRANSFERRED_FUNDS,T01686
R007687,P0016,P0003,TRANSFERRED_FUNDS,T01687
R007688,P0401,P0173,TRANSFERRED_FUNDS,T01688
R007689,P0241,P0472,TRANSFERRED_FUNDS,T01689
R007690,P0455,P0151,TRANSFERRED_FUNDS,T01690
R007691,P0423,P0406,TRANSFERRED_FUNDS,T01691
R007692,P0257,P0108,TRANSFERRED_FUNDS,T01692
R007693,P0103,P0388,TRANSFERRED_FUNDS,T01693
R007694,P0440,P0403,TRANSFERRED_FUNDS,T01694
R007695,P0101,P0021,TRANSFERRED_FUNDS,T01695
R007696,P0181,P0238,TRANSFERRED_FUNDS,T01696
R007697,P0233,P0030,TRANSFERRED_FUNDS,T01697
R007698,P0012,P0234,TRANSFERRED_FUNDS,T01698
R007699,P0023,P0480,TRANSFERRED_FUNDS,T01699
R007700,P0345,P0183,TRANSFERRED_FUNDS,T01700
R007701,P0365,P0076,TRANSFERRED_FUNDS,T01701
R007702,P0216,P0263,TRANSFERRED_FUNDS,T01702
R007703,P0441,P0434,TRANSFERRED_FUNDS,T01703
R007704,P0391,P0131,TRANSFERRED_FUNDS,T01704
R007705,P0333,P0364,TRANSFERRED_FUNDS,T01705
R007706,P0345,P0140,TRANSFERRED_FUNDS,T01706
R007707,P0101,P0292,TRANSFERRED_FUNDS,T01707
R007708,P0264,P0433,TRANSFERRED_FUNDS,T01708
R007709,P0404,P0396,TRANSFERRED_FUNDS,T01709
R007710,P0003,P0452,TRANSFERRED_FUNDS,T01710
R007711,P0352,P0080,TRANSFERRED_FUNDS,T01711
R007712,P0055,P0199,TRANSFERRED_FUNDS,T01712
R007713,P0063,P0304,TRANSFERRED_FUNDS,T01713
R007714,P0298,P0324,TRANSFERRED_FUNDS,T01714
R007715,P0290,P0049,TRANSFERRED_FUNDS,T01715
R007716,P0489,P0313,TRANSFERRED_FUNDS,T01716
R007717,P0050,P0212,TRANSFERRED_FUNDS,T01717
R007718,P0435,P0269,TRANSFERRED_FUNDS,T01718
R007719,P0186,P0234,TRANSFERRED_FUNDS,T01719
R007720,P0053,P0262,TRANSFERRED_FUNDS,T01720
R007721,P0365,P0226,TRANSFERRED_FUNDS,T01721
R007722,P0065,P0211,TRANSFERRED_FUNDS,T01722
R007723,P0401,P0045,TRANSFERRED_FUNDS,T01723
R007724,P0266,P0315,TRANSFERRED_FUNDS,T01724
R007725,P0055,P0465,TRANSFERRED_FUNDS,T01725
R007726,P0173,P0407,TRANSFERRED_FUNDS,T01726
R007727,P0103,P0040,TRANSFERRED_FUNDS,T01727
R007728,P0394,P0412,TRANSFERRED_FUNDS,T01728
R007729,P0126,P0060,TRANSFERRED_FUNDS,T01729
R007730,P0366,P0498,TRANSFERRED_FUNDS,T01730
R007731,P0410,P0094,TRANSFERRED_FUNDS,T01731
R007732,P0127,P0488,TRANSFERRED_FUNDS,T01732
R007733,P0190,P0033,TRANSFERRED_FUNDS,T01733
R007734,P0450,P0066,TRANSFERRED_FUNDS,T01734
R007735,P0321,P0397,TRANSFERRED_FUNDS,T01735
R007736,P0110,P0306,TRANSFERRED_FUNDS,T01736
R007737,P0241,P0049,TRANSFERRED_FUNDS,T01737
R007738,P0355,P0100,TRANSFERRED_FUNDS,T01738
R007739,P0048,P0445,TRANSFERRED_FUNDS,T01739
R007740,P0120,P0402,TRANSFERRED_FUNDS,T01740
R007741,P0104,P0146,TRANSFERRED_FUNDS,T01741
R007742,P0243,P0160,TRANSFERRED_FUNDS,T01742
R007743,P0493,P0259,TRANSFERRED_FUNDS,T01743
R007744,P0155,P0331,TRANSFERRED_FUNDS,T01744
R007745,P0162,P0156,TRANSFERRED_FUNDS,T01745
R007746,P0059,P0264,TRANSFERRED_FUNDS,T01746
R007747,P0286,P0338,TRANSFERRED_FUNDS,T01747
R007748,P0458,P0169,TRANSFERRED_FUNDS,T01748
R007749,P0481,P0251,TRANSFERRED_FUNDS,T01749
R007750,P0461,P0399,TRANSFERRED_FUNDS,T01750
R007751,P0394,P0034,TRANSFERRED_FUNDS,T01751
R007752,P0159,P0392,TRANSFERRED_FUNDS,T01752
R007753,P0280,P0361,TRANSFERRED_FUNDS,T01753
R007754,P0215,P0318,TRANSFERRED_FUNDS,T01754
R007755,P0113,P0280,TRANSFERRED_FUNDS,T01755
R007756,P0151,P0246,TRANSFERRED_FUNDS,T01756
R007757,P0158,P0045,TRANSFERRED_FUNDS,T01757
R007758,P0123,P0329,TRANSFERRED_FUNDS,T01758
R007759,P0014,P0218,TRANSFERRED_FUNDS,T01759
R007760,P0424,P0460,TRANSFERRED_FUNDS,T01760
R007761,P0372,P0499,TRANSFERRED_FUNDS,T01761
R007762,P0188,P0216,TRANSFERRED_FUNDS,T01762
R007763,P0449,P0216,TRANSFERRED_FUNDS,T01763
R007764,P0444,P0121,TRANSFERRED_FUNDS,T01764
R007765,P0226,P0438,TRANSFERRED_FUNDS,T01765
R007766,P0160,P0434,TRANSFERRED_FUNDS,T01766
R007767,P0459,P0351,TRANSFERRED_FUNDS,T01767
R007768,P0241,P0462,TRANSFERRED_FUNDS,T01768
R007769,P0267,P0096,TRANSFERRED_FUNDS,T01769
R007770,P0344,P0470,TRANSFERRED_FUNDS,T01770
R007771,P0377,P0126,TRANSFERRED_FUNDS,T01771
R007772,P0094,P0245,TRANSFERRED_FUNDS,T01772
R007773,P0352,P0374,TRANSFERRED_FUNDS,T01773
R007774,P0109,P0041,TRANSFERRED_FUNDS,T01774
R007775,P0203,P0145,TRANSFERRED_FUNDS,T01775
R007776,P0050,P0432,TRANSFERRED_FUNDS,T01776
R007777,P0405,P0261,TRANSFERRED_FUNDS,T01777
R007778,P0319,P0240,TRANSFERRED_FUNDS,T01778
R007779,P0321,P0361,TRANSFERRED_FUNDS,T01779
R007780,P0451,P0183,TRANSFERRED_FUNDS,T01780
R007781,P0245,P0044,TRANSFERRED_FUNDS,T01781
R007782,P0045,P0235,TRANSFERRED_FUNDS,T01782
R007783,P0332,P0445,TRANSFERRED_FUNDS,T01783
R007784,P0363,P0465,TRANSFERRED_FUNDS,T01784
R007785,P0327,P0368,TRANSFERRED_FUNDS,T01785
R007786,P0276,P0441,TRANSFERRED_FUNDS,T01786
R007787,P0344,P0265,TRANSFERRED_FUNDS,T01787
R007788,P0439,P0218,TRANSFERRED_FUNDS,T01788
R007789,P0011,P0118,TRANSFERRED_FUNDS,T01789
R007790,P0031,P0329,TRANSFERRED_FUNDS,T01790
R007791,P0469,P0072,TRANSFERRED_FUNDS,T01791
R007792,P0140,P0387,TRANSFERRED_FUNDS,T01792
R007793,P0227,P0209,TRANSFERRED_FUNDS,T01793
R007794,P0413,P0115,TRANSFERRED_FUNDS,T01794
R007795,P0430,P0289,TRANSFERRED_FUNDS,T01795
R007796,P0244,P0224,TRANSFERRED_FUNDS,T01796
R007797,P0323,P0386,TRANSFERRED_FUNDS,T01797
R007798,P0037,P0016,TRANSFERRED_FUNDS,T01798
R007799,P0349,P0291,TRANSFERRED_FUNDS,T01799
R007800,P0303,P0245,TRANSFERRED_FUNDS,T01800
R007801,P0106,P0268,TRANSFERRED_FUNDS,T01801
R007802,P0204,P0036,TRANSFERRED_FUNDS,T01802
R007803,P0230,P0211,TRANSFERRED_FUNDS,T01803
R007804,P0059,P0487,TRANSFERRED_FUNDS,T01804
R007805,P0324,P0165,TRANSFERRED_FUNDS,T01805
R007806,P0144,P0370,TRANSFERRED_FUNDS,T01806
R007807,P0177,P0380,TRANSFERRED_FUNDS,T01807
R007808,P0321,P0098,TRANSFERRED_FUNDS,T01808
R007809,P0296,P0445,TRANSFERRED_FUNDS,T01809
R007810,P0092,P0446,TRANSFERRED_FUNDS,T01810
R007811,P0393,P0170,TRANSFERRED_FUNDS,T01811
R007812,P0498,P0399,TRANSFERRED_FUNDS,T01812
R007813,P0144,P0054,TRANSFERRED_FUNDS,T01813
R007814,P0208,P0367,TRANSFERRED_FUNDS,T01814
R007815,P0409,P0252,TRANSFERRED_FUNDS,T01815
R007816,P0105,P0154,TRANSFERRED_FUNDS,T01816
R007817,P0150,P0453,TRANSFERRED_FUNDS,T01817
R007818,P0294,P0461,TRANSFERRED_FUNDS,T01818
R007819,P0084,P0433,TRANSFERRED_FUNDS,T01819
R007820,P0402,P0452,TRANSFERRED_FUNDS,T01820
R007821,P0418,P0376,TRANSFERRED_FUNDS,T01821
R007822,P0493,P0485,TRANSFERRED_FUNDS,T01822
R007823,P0418,P0054,TRANSFERRED_FUNDS,T01823
R007824,P0457,P0137,TRANSFERRED_FUNDS,T01824
R007825,P0175,P0458,TRANSFERRED_FUNDS,T01825
R007826,P0011,P0375,TRANSFERRED_FUNDS,T01826
R007827,P0216,P0121,TRANSFERRED_FUNDS,T01827
R007828,P0141,P0352,TRANSFERRED_FUNDS,T01828
R007829,P0479,P0141,TRANSFERRED_FUNDS,T01829
R007830,P0319,P0461,TRANSFERRED_FUNDS,T01830
R007831,P0499,P0325,TRANSFERRED_FUNDS,T01831
R007832,P0203,P0201,TRANSFERRED_FUNDS,T01832
R007833,P0142,P0180,TRANSFERRED_FUNDS,T01833
R007834,P0163,P0475,TRANSFERRED_FUNDS,T01834
R007835,P0224,P0084,TRANSFERRED_FUNDS,T01835
R007836,P0191,P0357,TRANSFERRED_FUNDS,T01836
R007837,P0347,P0453,TRANSFERRED_FUNDS,T01837
R007838,P0034,P0295,TRANSFERRED_FUNDS,T01838
R007839,P0336,P0447,TRANSFERRED_FUNDS,T01839
R007840,P0370,P0381,TRANSFERRED_FUNDS,T01840
R007841,P0442,P0386,TRANSFERRED_FUNDS,T01841
R007842,P0001,P0066,TRANSFERRED_FUNDS,T01842
R007843,P0296,P0442,TRANSFERRED_FUNDS,T01843
R007844,P0378,P0142,TRANSFERRED_FUNDS,T01844
R007845,P0227,P0259,TRANSFERRED_FUNDS,T01845
R007846,P0359,P0497,TRANSFERRED_FUNDS,T01846
R007847,P0280,P0255,TRANSFERRED_FUNDS,T01847
R007848,P0217,P0460,TRANSFERRED_FUNDS,T01848
R007849,P0158,P0378,TRANSFERRED_FUNDS,T01849
R007850,P0213,P0278,TRANSFERRED_FUNDS,T01850
R007851,P0262,P0250,TRANSFERRED_FUNDS,T01851
R007852,P0100,P0358,TRANSFERRED_FUNDS,T01852
R007853,P0370,P0298,TRANSFERRED_FUNDS,T01853
R007854,P0284,P0440,TRANSFERRED_FUNDS,T01854
R007855,P0014,P0332,TRANSFERRED_FUNDS,T01855
R007856,P0191,P0497,TRANSFERRED_FUNDS,T01856
R007857,P0403,P0440,TRANSFERRED_FUNDS,T01857
R007858,P0362,P0356,TRANSFERRED_FUNDS,T01858
R007859,P0003,P0297,TRANSFERRED_FUNDS,T01859
R007860,P0489,P0215,TRANSFERRED_FUNDS,T01860
R007861,P0467,P0259,TRANSFERRED_FUNDS,T01861
R007862,P0077,P0089,TRANSFERRED_FUNDS,T01862
R007863,P0010,P0133,TRANSFERRED_FUNDS,T01863
R007864,P0216,P0202,TRANSFERRED_FUNDS,T01864
R007865,P0355,P0409,TRANSFERRED_FUNDS,T01865
R007866,P0293,P0144,TRANSFERRED_FUNDS,T01866
R007867,P0332,P0330,TRANSFERRED_FUNDS,T01867
R007868,P0147,P0395,TRANSFERRED_FUNDS,T01868
R007869,P0217,P0091,TRANSFERRED_FUNDS,T01869
R007870,P0130,P0252,TRANSFERRED_FUNDS,T01870
R007871,P0104,P0285,TRANSFERRED_FUNDS,T01871
R007872,P0495,P0258,TRANSFERRED_FUNDS,T01872
R007873,P0032,P0026,TRANSFERRED_FUNDS,T01873
R007874,P0270,P0396,TRANSFERRED_FUNDS,T01874
R007875,P0323,P0236,TRANSFERRED_FUNDS,T01875
R007876,P0430,P0200,TRANSFERRED_FUNDS,T01876
R007877,P0337,P0448,TRANSFERRED_FUNDS,T01877
R007878,P0393,P0104,TRANSFERRED_FUNDS,T01878
R007879,P0371,P0101,TRANSFERRED_FUNDS,T01879
R007880,P0284,P0263,TRANSFERRED_FUNDS,T01880
R007881,P0408,P0205,TRANSFERRED_FUNDS,T01881
R007882,P0063,P0492,TRANSFERRED_FUNDS,T01882
R007883,P0446,P0369,TRANSFERRED_FUNDS,T01883
R007884,P0467,P0194,TRANSFERRED_FUNDS,T01884
R007885,P0073,P0128,TRANSFERRED_FUNDS,T01885
R007886,P0414,P0424,TRANSFERRED_FUNDS,T01886
R007887,P0500,P0252,TRANSFERRED_FUNDS,T01887
R007888,P0185,P0069,TRANSFERRED_FUNDS,T01888
R007889,P0268,P0013,TRANSFERRED_FUNDS,T01889
R007890,P0473,P0469,TRANSFERRED_FUNDS,T01890
R007891,P0101,P0476,TRANSFERRED_FUNDS,T01891
R007892,P0305,P0466,TRANSFERRED_FUNDS,T01892
R007893,P0203,P0238,TRANSFERRED_FUNDS,T01893
R007894,P0210,P0340,TRANSFERRED_FUNDS,T01894
R007895,P0046,P0460,TRANSFERRED_FUNDS,T01895
R007896,P0226,P0234,TRANSFERRED_FUNDS,T01896
R007897,P0437,P0212,TRANSFERRED_FUNDS,T01897
R007898,P0118,P0360,TRANSFERRED_FUNDS,T01898
R007899,P0035,P0312,TRANSFERRED_FUNDS,T01899
R007900,P0296,P0225,TRANSFERRED_FUNDS,T01900
R007901,P0487,P0404,TRANSFERRED_FUNDS,T01901
R007902,P0186,P0111,TRANSFERRED_FUNDS,T01902
R007903,P0343,P0218,TRANSFERRED_FUNDS,T01903
R007904,P0199,P0061,TRANSFERRED_FUNDS,T01904
R007905,P0124,P0078,TRANSFERRED_FUNDS,T01905
R007906,P0242,P0256,TRANSFERRED_FUNDS,T01906
R007907,P0056,P0271,TRANSFERRED_FUNDS,T01907
R007908,P0057,P0315,TRANSFERRED_FUNDS,T01908
R007909,P0042,P0109,TRANSFERRED_FUNDS,T01909
R007910,P0011,P0205,TRANSFERRED_FUNDS,T01910
R007911,P0094,P0136,TRANSFERRED_FUNDS,T01911
R007912,P0307,P0282,TRANSFERRED_FUNDS,T01912
R007913,P0414,P0204,TRANSFERRED_FUNDS,T01913
R007914,P0239,P0072,TRANSFERRED_FUNDS,T01914
R007915,P0261,P0332,TRANSFERRED_FUNDS,T01915
R007916,P0014,P0297,TRANSFERRED_FUNDS,T01916
R007917,P0478,P0359,TRANSFERRED_FUNDS,T01917
R007918,P0500,P0138,TRANSFERRED_FUNDS,T01918
R007919,P0477,P0168,TRANSFERRED_FUNDS,T01919
R007920,P0316,P0015,TRANSFERRED_FUNDS,T01920
R007921,P0383,P0115,TRANSFERRED_FUNDS,T01921
R007922,P0250,P0192,TRANSFERRED_FUNDS,T01922
R007923,P0488,P0407,TRANSFERRED_FUNDS,T01923
R007924,P0431,P0151,TRANSFERRED_FUNDS,T01924
R007925,P0032,P0250,TRANSFERRED_FUNDS,T01925
R007926,P0310,P0326,TRANSFERRED_FUNDS,T01926
R007927,P0077,P0083,TRANSFERRED_FUNDS,T01927
R007928,P0158,P0446,TRANSFERRED_FUNDS,T01928
R007929,P0044,P0388,TRANSFERRED_FUNDS,T01929
R007930,P0487,P0018,TRANSFERRED_FUNDS,T01930
R007931,P0006,P0070,TRANSFERRED_FUNDS,T01931
R007932,P0380,P0031,TRANSFERRED_FUNDS,T01932
R007933,P0413,P0448,TRANSFERRED_FUNDS,T01933
R007934,P0224,P0356,TRANSFERRED_FUNDS,T01934
R007935,P0355,P0020,TRANSFERRED_FUNDS,T01935
R007936,P0184,P0124,TRANSFERRED_FUNDS,T01936
R007937,P0347,P0006,TRANSFERRED_FUNDS,T01937
R007938,P0457,P0447,TRANSFERRED_FUNDS,T01938
R007939,P0255,P0176,TRANSFERRED_FUNDS,T01939
R007940,P0207,P0314,TRANSFERRED_FUNDS,T01940
R007941,P0272,P0453,TRANSFERRED_FUNDS,T01941
R007942,P0444,P0300,TRANSFERRED_FUNDS,T01942
R007943,P0444,P0133,TRANSFERRED_FUNDS,T01943
R007944,P0484,P0224,TRANSFERRED_FUNDS,T01944
R007945,P0093,P0066,TRANSFERRED_FUNDS,T01945
R007946,P0498,P0275,TRANSFERRED_FUNDS,T01946
R007947,P0098,P0319,TRANSFERRED_FUNDS,T01947
R007948,P0466,P0229,TRANSFERRED_FUNDS,T01948
R007949,P0102,P0107,TRANSFERRED_FUNDS,T01949
R007950,P0041,P0163,TRANSFERRED_FUNDS,T01950
R007951,P0301,P0468,TRANSFERRED_FUNDS,T01951
R007952,P0179,P0378,TRANSFERRED_FUNDS,T01952
R007953,P0363,P0034,TRANSFERRED_FUNDS,T01953
R007954,P0421,P0419,TRANSFERRED_FUNDS,T01954
R007955,P0334,P0403,TRANSFERRED_FUNDS,T01955
R007956,P0266,P0437,TRANSFERRED_FUNDS,T01956
R007957,P0361,P0414,TRANSFERRED_FUNDS,T01957
R007958,P0424,P0098,TRANSFERRED_FUNDS,T01958
R007959,P0296,P0407,TRANSFERRED_FUNDS,T01959
R007960,P0075,P0036,TRANSFERRED_FUNDS,T01960
R007961,P0280,P0226,TRANSFERRED_FUNDS,T01961
R007962,P0296,P0493,TRANSFERRED_FUNDS,T01962
R007963,P0096,P0283,TRANSFERRED_FUNDS,T01963
R007964,P0074,P0039,TRANSFERRED_FUNDS,T01964
R007965,P0197,P0443,TRANSFERRED_FUNDS,T01965
R007966,P0381,P0055,TRANSFERRED_FUNDS,T01966
R007967,P0210,P0028,TRANSFERRED_FUNDS,T01967
R007968,P0280,P0182,TRANSFERRED_FUNDS,T01968
R007969,P0314,P0480,TRANSFERRED_FUNDS,T01969
R007970,P0140,P0493,TRANSFERRED_FUNDS,T01970
R007971,P0279,P0484,TRANSFERRED_FUNDS,T01971
R007972,P0236,P0036,TRANSFERRED_FUNDS,T01972
R007973,P0433,P0483,TRANSFERRED_FUNDS,T01973
R007974,P0130,P0262,TRANSFERRED_FUNDS,T01974
R007975,P0242,P0019,TRANSFERRED_FUNDS,T01975
R007976,P0079,P0116,TRANSFERRED_FUNDS,T01976
R007977,P0025,P0427,TRANSFERRED_FUNDS,T01977
R007978,P0300,P0333,TRANSFERRED_FUNDS,T01978
R007979,P0201,P0447,TRANSFERRED_FUNDS,T01979
R007980,P0440,P0050,TRANSFERRED_FUNDS,T01980
R007981,P0399,P0372,TRANSFERRED_FUNDS,T01981
R007982,P0214,P0203,TRANSFERRED_FUNDS,T01982
R007983,P0222,P0429,TRANSFERRED_FUNDS,T01983
R007984,P0015,P0179,TRANSFERRED_FUNDS,T01984
R007985,P0437,P0185,TRANSFERRED_FUNDS,T01985
R007986,P0220,P0169,TRANSFERRED_FUNDS,T01986
R007987,P0109,P0423,TRANSFERRED_FUNDS,T01987
R007988,P0496,P0128,TRANSFERRED_FUNDS,T01988
R007989,P0250,P0137,TRANSFERRED_FUNDS,T01989
R007990,P0449,P0291,TRANSFERRED_FUNDS,T01990
R007991,P0167,P0446,TRANSFERRED_FUNDS,T01991
R007992,P0405,P0393,TRANSFERRED_FUNDS,T01992
R007993,P0304,P0064,TRANSFERRED_FUNDS,T01993
R007994,P0217,P0465,TRANSFERRED_FUNDS,T01994
R007995,P0466,P0392,TRANSFERRED_FUNDS,T01995
R007996,P0346,P0334,TRANSFERRED_FUNDS,T01996
R007997,P0052,P0039,TRANSFERRED_FUNDS,T01997
R007998,P0332,P0214,TRANSFERRED_FUNDS,T01998
R007999,P0231,P0099,TRANSFERRED_FUNDS,T01999
R008000,P0486,P0439,TRANSFERRED_FUNDS,T02000
R008001,P0464,P0276,TRANSFERRED_FUNDS,T02001
R008002,P0190,P0084,TRANSFERRED_FUNDS,T02002
R008003,P0472,P0394,TRANSFERRED_FUNDS,T02003
R008004,P0198,P0112,TRANSFERRED_FUNDS,T02004
R008005,P0264,P0227,TRANSFERRED_FUNDS,T02005
R008006,P0412,P0187,TRANSFERRED_FUNDS,T02006
R008007,P0494,P0461,TRANSFERRED_FUNDS,T02007
R008008,P0018,P0383,TRANSFERRED_FUNDS,T02008
R008009,P0017,P0026,TRANSFERRED_FUNDS,T02009
R008010,P0337,P0180,TRANSFERRED_FUNDS,T02010
R008011,P0168,P0241,TRANSFERRED_FUNDS,T02011
R008012,P0468,P0048,TRANSFERRED_FUNDS,T02012
R008013,P0351,P0279,TRANSFERRED_FUNDS,T02013
R008014,P0055,P0287,TRANSFERRED_FUNDS,T02014
R008015,P0318,P0495,TRANSFERRED_FUNDS,T02015
R008016,P0471,P0055,TRANSFERRED_FUNDS,T02016
R008017,P0447,P0414,TRANSFERRED_FUNDS,T02017
R008018,P0388,P0432,TRANSFERRED_FUNDS,T02018
R008019,P0219,P0209,TRANSFERRED_FUNDS,T02019
R008020,P0305,P0175,TRANSFERRED_FUNDS,T02020
R008021,P0048,P0019,TRANSFERRED_FUNDS,T02021
R008022,P0471,P0187,TRANSFERRED_FUNDS,T02022
R008023,P0467,P0203,TRANSFERRED_FUNDS,T02023
R008024,P0284,P0186,TRANSFERRED_FUNDS,T02024
R008025,P0342,P0171,TRANSFERRED_FUNDS,T02025
R008026,P0351,P0205,TRANSFERRED_FUNDS,T02026
R008027,P0218,P0222,TRANSFERRED_FUNDS,T02027
R008028,P0456,P0181,TRANSFERRED_FUNDS,T02028
R008029,P0118,P0142,TRANSFERRED_FUNDS,T02029
R008030,P0120,P0458,TRANSFERRED_FUNDS,T02030
R008031,P0093,P0095,TRANSFERRED_FUNDS,T02031
R008032,P0262,P0434,TRANSFERRED_FUNDS,T02032
R008033,P0056,P0270,TRANSFERRED_FUNDS,T02033
R008034,P0198,P0454,TRANSFERRED_FUNDS,T02034
R008035,P0120,P0207,TRANSFERRED_FUNDS,T02035
R008036,P0276,P0482,TRANSFERRED_FUNDS,T02036
R008037,P0385,P0106,TRANSFERRED_FUNDS,T02037
R008038,P0185,P0043,TRANSFERRED_FUNDS,T02038
R008039,P0101,P0177,TRANSFERRED_FUNDS,T02039
R008040,P0485,P0228,TRANSFERRED_FUNDS,T02040
R008041,P0260,P0149,TRANSFERRED_FUNDS,T02041
R008042,P0158,P0234,TRANSFERRED_FUNDS,T02042
R008043,P0384,P0090,TRANSFERRED_FUNDS,T02043
R008044,P0456,P0413,TRANSFERRED_FUNDS,T02044
R008045,P0039,P0313,TRANSFERRED_FUNDS,T02045
R008046,P0452,P0088,TRANSFERRED_FUNDS,T02046
R008047,P0175,P0342,TRANSFERRED_FUNDS,T02047
R008048,P0062,P0111,TRANSFERRED_FUNDS,T02048
R008049,P0349,P0254,TRANSFERRED_FUNDS,T02049
R008050,P0230,P0158,TRANSFERRED_FUNDS,T02050
R008051,P0444,P0232,TRANSFERRED_FUNDS,T02051
R008052,P0078,P0295,TRANSFERRED_FUNDS,T02052
R008053,P0250,P0178,TRANSFERRED_FUNDS,T02053
R008054,P0249,P0302,TRANSFERRED_FUNDS,T02054
R008055,P0260,P0460,TRANSFERRED_FUNDS,T02055
R008056,P0135,P0077,TRANSFERRED_FUNDS,T02056
R008057,P0260,P0020,TRANSFERRED_FUNDS,T02057
R008058,P0161,P0040,TRANSFERRED_FUNDS,T02058
R008059,P0189,P0473,TRANSFERRED_FUNDS,T02059
R008060,P0122,P0160,TRANSFERRED_FUNDS,T02060
R008061,P0493,P0219,TRANSFERRED_FUNDS,T02061
R008062,P0025,P0457,TRANSFERRED_FUNDS,T02062
R008063,P0466,P0061,TRANSFERRED_FUNDS,T02063
R008064,P0109,P0126,TRANSFERRED_FUNDS,T02064
R008065,P0432,P0092,TRANSFERRED_FUNDS,T02065
R008066,P0196,P0314,TRANSFERRED_FUNDS,T02066
R008067,P0482,P0345,TRANSFERRED_FUNDS,T02067
R008068,P0484,P0153,TRANSFERRED_FUNDS,T02068
R008069,P0117,P0097,TRANSFERRED_FUNDS,T02069
R008070,P0139,P0004,TRANSFERRED_FUNDS,T02070
R008071,P0037,P0323,TRANSFERRED_FUNDS,T02071
R008072,P0008,P0317,TRANSFERRED_FUNDS,T02072
R008073,P0294,P0192,TRANSFERRED_FUNDS,T02073
R008074,P0337,P0491,TRANSFERRED_FUNDS,T02074
R008075,P0160,P0299,TRANSFERRED_FUNDS,T02075
R008076,P0299,P0439,TRANSFERRED_FUNDS,T02076
R008077,P0397,P0097,TRANSFERRED_FUNDS,T02077
R008078,P0197,P0282,TRANSFERRED_FUNDS,T02078
R008079,P0090,P0305,TRANSFERRED_FUNDS,T02079
R008080,P0040,P0433,TRANSFERRED_FUNDS,T02080
R008081,P0124,P0459,TRANSFERRED_FUNDS,T02081
R008082,P0160,P0272,TRANSFERRED_FUNDS,T02082
R008083,P0366,P0087,TRANSFERRED_FUNDS,T02083
R008084,P0422,P0305,TRANSFERRED_FUNDS,T02084
R008085,P0404,P0160,TRANSFERRED_FUNDS,T02085
R008086,P0175,P0002,TRANSFERRED_FUNDS,T02086
R008087,P0004,P0194,TRANSFERRED_FUNDS,T02087
R008088,P0366,P0371,TRANSFERRED_FUNDS,T02088
R008089,P0315,P0025,TRANSFERRED_FUNDS,T02089
R008090,P0246,P0119,TRANSFERRED_FUNDS,T02090
R008091,P0091,P0253,TRANSFERRED_FUNDS,T02091
R008092,P0072,P0414,TRANSFERRED_FUNDS,T02092
R008093,P0106,P0401,TRANSFERRED_FUNDS,T02093
R008094,P0314,P0439,TRANSFERRED_FUNDS,T02094
R008095,P0426,P0107,TRANSFERRED_FUNDS,T02095
R008096,P0456,P0023,TRANSFERRED_FUNDS,T02096
R008097,P0134,P0238,TRANSFERRED_FUNDS,T02097
R008098,P0168,P0432,TRANSFERRED_FUNDS,T02098
R008099,P0388,P0423,TRANSFERRED_FUNDS,T02099
R008100,P0106,P0027,TRANSFERRED_FUNDS,T02100
R008101,P0493,P0491,TRANSFERRED_FUNDS,T02101
R008102,P0432,P0190,TRANSFERRED_FUNDS,T02102
R008103,P0338,P0178,TRANSFERRED_FUNDS,T02103
R008104,P0216,P0031,TRANSFERRED_FUNDS,T02104
R008105,P0367,P0014,TRANSFERRED_FUNDS,T02105
R008106,P0131,P0452,TRANSFERRED_FUNDS,T02106
R008107,P0046,P0133,TRANSFERRED_FUNDS,T02107
R008108,P0149,P0047,TRANSFERRED_FUNDS,T02108
R008109,P0438,P0046,TRANSFERRED_FUNDS,T02109
R008110,P0215,P0159,TRANSFERRED_FUNDS,T02110
R008111,P0358,P0185,TRANSFERRED_FUNDS,T02111
R008112,P0220,P0021,TRANSFERRED_FUNDS,T02112
R008113,P0277,P0386,TRANSFERRED_FUNDS,T02113
R008114,P0267,P0133,TRANSFERRED_FUNDS,T02114
R008115,P0312,P0468,TRANSFERRED_FUNDS,T02115
R008116,P0306,P0164,TRANSFERRED_FUNDS,T02116
R008117,P0290,P0086,TRANSFERRED_FUNDS,T02117
R008118,P0329,P0248,TRANSFERRED_FUNDS,T02118
R008119,P0165,P0091,TRANSFERRED_FUNDS,T02119
R008120,P0235,P0182,TRANSFERRED_FUNDS,T02120
R008121,P0053,P0084,TRANSFERRED_FUNDS,T02121
R008122,P0275,P0097,TRANSFERRED_FUNDS,T02122
R008123,P0217,P0178,TRANSFERRED_FUNDS,T02123
R008124,P0042,P0377,TRANSFERRED_FUNDS,T02124
R008125,P0066,P0322,TRANSFERRED_FUNDS,T02125
R008126,P0330,P0390,TRANSFERRED_FUNDS,T02126
R008127,P0329,P0398,TRANSFERRED_FUNDS,T02127
R008128,P0155,P0148,TRANSFERRED_FUNDS,T02128
R008129,P0148,P0347,TRANSFERRED_FUNDS,T02129
R008130,P0148,P0289,TRANSFERRED_FUNDS,T02130
R008131,P0454,P0267,TRANSFERRED_FUNDS,T02131
R008132,P0066,P0186,TRANSFERRED_FUNDS,T02132
R008133,P0111,P0019,TRANSFERRED_FUNDS,T02133
R008134,P0128,P0478,TRANSFERRED_FUNDS,T02134
R008135,P0181,P0033,TRANSFERRED_FUNDS,T02135
R008136,P0147,P0405,TRANSFERRED_FUNDS,T02136
R008137,P0482,P0403,TRANSFERRED_FUNDS,T02137
R008138,P0294,P0328,TRANSFERRED_FUNDS,T02138
R008139,P0241,P0053,TRANSFERRED_FUNDS,T02139
R008140,P0213,P0457,TRANSFERRED_FUNDS,T02140
R008141,P0024,P0341,TRANSFERRED_FUNDS,T02141
R008142,P0420,P0011,TRANSFERRED_FUNDS,T02142
R008143,P0367,P0072,TRANSFERRED_FUNDS,T02143
R008144,P0493,P0187,TRANSFERRED_FUNDS,T02144
R008145,P0441,P0417,TRANSFERRED_FUNDS,T02145
R008146,P0115,P0070,TRANSFERRED_FUNDS,T02146
R008147,P0182,P0467,TRANSFERRED_FUNDS,T02147
R008148,P0500,P0065,TRANSFERRED_FUNDS,T02148
R008149,P0322,P0069,TRANSFERRED_FUNDS,T02149
R008150,P0066,P0059,TRANSFERRED_FUNDS,T02150
R008151,P0104,P0466,TRANSFERRED_FUNDS,T02151
R008152,P0331,P0019,TRANSFERRED_FUNDS,T02152
R008153,P0428,P0317,TRANSFERRED_FUNDS,T02153
R008154,P0442,P0226,TRANSFERRED_FUNDS,T02154
R008155,P0415,P0017,TRANSFERRED_FUNDS,T02155
R008156,P0328,P0181,TRANSFERRED_FUNDS,T02156
R008157,P0217,P0275,TRANSFERRED_FUNDS,T02157
R008158,P0465,P0090,TRANSFERRED_FUNDS,T02158
R008159,P0182,P0407,TRANSFERRED_FUNDS,T02159
R008160,P0349,P0021,TRANSFERRED_FUNDS,T02160
R008161,P0199,P0422,TRANSFERRED_FUNDS,T02161
R008162,P0449,P0450,TRANSFERRED_FUNDS,T02162
R008163,P0291,P0233,TRANSFERRED_FUNDS,T02163
R008164,P0361,P0281,TRANSFERRED_FUNDS,T02164
R008165,P0175,P0174,TRANSFERRED_FUNDS,T02165
R008166,P0374,P0241,TRANSFERRED_FUNDS,T02166
R008167,P0323,P0196,TRANSFERRED_FUNDS,T02167
R008168,P0169,P0220,TRANSFERRED_FUNDS,T02168
R008169,P0299,P0120,TRANSFERRED_FUNDS,T02169
R008170,P0390,P0316,TRANSFERRED_FUNDS,T02170
R008171,P0041,P0308,TRANSFERRED_FUNDS,T02171
R008172,P0357,P0288,TRANSFERRED_FUNDS,T02172
R008173,P0201,P0292,TRANSFERRED_FUNDS,T02173
R008174,P0487,P0056,TRANSFERRED_FUNDS,T02174
R008175,P0149,P0288,TRANSFERRED_FUNDS,T02175
R008176,P0061,P0089,TRANSFERRED_FUNDS,T02176
R008177,P0307,P0357,TRANSFERRED_FUNDS,T02177
R008178,P0149,P0047,TRANSFERRED_FUNDS,T02178
R008179,P0254,P0435,TRANSFERRED_FUNDS,T02179
R008180,P0464,P0112,TRANSFERRED_FUNDS,T02180
R008181,P0105,P0104,TRANSFERRED_FUNDS,T02181
R008182,P0067,P0259,TRANSFERRED_FUNDS,T02182
R008183,P0257,P0222,TRANSFERRED_FUNDS,T02183
R008184,P0427,P0382,TRANSFERRED_FUNDS,T02184
R008185,P0046,P0198,TRANSFERRED_FUNDS,T02185
R008186,P0365,P0344,TRANSFERRED_FUNDS,T02186
R008187,P0157,P0359,TRANSFERRED_FUNDS,T02187
R008188,P0106,P0403,TRANSFERRED_FUNDS,T02188
R008189,P0351,P0405,TRANSFERRED_FUNDS,T02189
R008190,P0041,P0010,TRANSFERRED_FUNDS,T02190
R008191,P0254,P0034,TRANSFERRED_FUNDS,T02191
R008192,P0029,P0339,TRANSFERRED_FUNDS,T02192
R008193,P0294,P0213,TRANSFERRED_FUNDS,T02193
R008194,P0280,P0297,TRANSFERRED_FUNDS,T02194
R008195,P0313,P0232,TRANSFERRED_FUNDS,T02195
R008196,P0154,P0105,TRANSFERRED_FUNDS,T02196
R008197,P0052,P0135,TRANSFERRED_FUNDS,T02197
R008198,P0086,P0380,TRANSFERRED_FUNDS,T02198
R008199,P0363,P0446,TRANSFERRED_FUNDS,T02199
R008200,P0072,P0330,TRANSFERRED_FUNDS,T02200
R008201,P0459,P0263,TRANSFERRED_FUNDS,T02201
R008202,P0350,P0140,TRANSFERRED_FUNDS,T02202
R008203,P0447,P0445,TRANSFERRED_FUNDS,T02203
R008204,P0409,P0494,TRANSFERRED_FUNDS,T02204
R008205,P0150,P0002,TRANSFERRED_FUNDS,T02205
R008206,P0286,P0179,TRANSFERRED_FUNDS,T02206
R008207,P0361,P0124,TRANSFERRED_FUNDS,T02207
R008208,P0140,P0367,TRANSFERRED_FUNDS,T02208
R008209,P0206,P0466,TRANSFERRED_FUNDS,T02209
R008210,P0131,P0037,TRANSFERRED_FUNDS,T02210
R008211,P0156,P0232,TRANSFERRED_FUNDS,T02211
R008212,P0137,P0353,TRANSFERRED_FUNDS,T02212
R008213,P0379,P0442,TRANSFERRED_FUNDS,T02213
R008214,P0109,P0308,TRANSFERRED_FUNDS,T02214
R008215,P0065,P0130,TRANSFERRED_FUNDS,T02215
R008216,P0233,P0145,TRANSFERRED_FUNDS,T02216
R008217,P0345,P0122,TRANSFERRED_FUNDS,T02217
R008218,P0173,P0385,TRANSFERRED_FUNDS,T02218
R008219,P0258,P0439,TRANSFERRED_FUNDS,T02219
R008220,P0051,P0281,TRANSFERRED_FUNDS,T02220
R008221,P0158,P0402,TRANSFERRED_FUNDS,T02221
R008222,P0480,P0133,TRANSFERRED_FUNDS,T02222
R008223,P0021,P0310,TRANSFERRED_FUNDS,T02223
R008224,P0005,P0312,TRANSFERRED_FUNDS,T02224
R008225,P0008,P0311,TRANSFERRED_FUNDS,T02225
R008226,P0184,P0444,TRANSFERRED_FUNDS,T02226
R008227,P0163,P0319,TRANSFERRED_FUNDS,T02227
R008228,P0175,P0333,TRANSFERRED_FUNDS,T02228
R008229,P0226,P0029,TRANSFERRED_FUNDS,T02229
R008230,P0459,P0105,TRANSFERRED_FUNDS,T02230
R008231,P0243,P0001,TRANSFERRED_FUNDS,T02231
R008232,P0460,P0332,TRANSFERRED_FUNDS,T02232
R008233,P0472,P0177,TRANSFERRED_FUNDS,T02233
R008234,P0102,P0240,TRANSFERRED_FUNDS,T02234
R008235,P0019,P0351,TRANSFERRED_FUNDS,T02235
R008236,P0123,P0117,TRANSFERRED_FUNDS,T02236
R008237,P0474,P0445,TRANSFERRED_FUNDS,T02237
R008238,P0295,P0468,TRANSFERRED_FUNDS,T02238
R008239,P0391,P0129,TRANSFERRED_FUNDS,T02239
R008240,P0036,P0473,TRANSFERRED_FUNDS,T02240
R008241,P0305,P0213,TRANSFERRED_FUNDS,T02241
R008242,P0277,P0385,TRANSFERRED_FUNDS,T02242
R008243,P0212,P0336,TRANSFERRED_FUNDS,T02243
R008244,P0189,P0155,TRANSFERRED_FUNDS,T02244
R008245,P0451,P0427,TRANSFERRED_FUNDS,T02245
R008246,P0494,P0335,TRANSFERRED_FUNDS,T02246
R008247,P0061,P0127,TRANSFERRED_FUNDS,T02247
R008248,P0328,P0176,TRANSFERRED_FUNDS,T02248
R008249,P0195,P0222,TRANSFERRED_FUNDS,T02249
R008250,P0206,P0157,TRANSFERRED_FUNDS,T02250
R008251,P0169,P0043,TRANSFERRED_FUNDS,T02251
R008252,P0095,P0264,TRANSFERRED_FUNDS,T02252
R008253,P0452,P0167,TRANSFERRED_FUNDS,T02253
R008254,P0262,P0338,TRANSFERRED_FUNDS,T02254
R008255,P0422,P0367,TRANSFERRED_FUNDS,T02255
R008256,P0291,P0109,TRANSFERRED_FUNDS,T02256
R008257,P0182,P0499,TRANSFERRED_FUNDS,T02257
R008258,P0282,P0123,TRANSFERRED_FUNDS,T02258
R008259,P0062,P0343,TRANSFERRED_FUNDS,T02259
R008260,P0199,P0151,TRANSFERRED_FUNDS,T02260
R008261,P0046,P0074,TRANSFERRED_FUNDS,T02261
R008262,P0329,P0040,TRANSFERRED_FUNDS,T02262
R008263,P0080,P0158,TRANSFERRED_FUNDS,T02263
R008264,P0105,P0005,TRANSFERRED_FUNDS,T02264
R008265,P0055,P0205,TRANSFERRED_FUNDS,T02265
R008266,P0325,P0011,TRANSFERRED_FUNDS,T02266
R008267,P0293,P0059,TRANSFERRED_FUNDS,T02267
R008268,P0346,P0178,TRANSFERRED_FUNDS,T02268
R008269,P0322,P0204,TRANSFERRED_FUNDS,T02269
R008270,P0479,P0153,TRANSFERRED_FUNDS,T02270
R008271,P0374,P0038,TRANSFERRED_FUNDS,T02271
R008272,P0485,P0134,TRANSFERRED_FUNDS,T02272
R008273,P0199,P0250,TRANSFERRED_FUNDS,T02273
R008274,P0484,P0394,TRANSFERRED_FUNDS,T02274
R008275,P0246,P0338,TRANSFERRED_FUNDS,T02275
R008276,P0323,P0439,TRANSFERRED_FUNDS,T02276
R008277,P0264,P0210,TRANSFERRED_FUNDS,T02277
R008278,P0354,P0120,TRANSFERRED_FUNDS,T02278
R008279,P0250,P0315,TRANSFERRED_FUNDS,T02279
R008280,P0425,P0232,TRANSFERRED_FUNDS,T02280
R008281,P0487,P0214,TRANSFERRED_FUNDS,T02281
R008282,P0291,P0198,TRANSFERRED_FUNDS,T02282
R008283,P0145,P0320,TRANSFERRED_FUNDS,T02283
R008284,P0181,P0062,TRANSFERRED_FUNDS,T02284
R008285,P0182,P0217,TRANSFERRED_FUNDS,T02285
R008286,P0022,P0408,TRANSFERRED_FUNDS,T02286
R008287,P0299,P0486,TRANSFERRED_FUNDS,T02287
R008288,P0204,P0015,TRANSFERRED_FUNDS,T02288
R008289,P0431,P0081,TRANSFERRED_FUNDS,T02289
R008290,P0364,P0207,TRANSFERRED_FUNDS,T02290
R008291,P0386,P0006,TRANSFERRED_FUNDS,T02291
R008292,P0345,P0480,TRANSFERRED_FUNDS,T02292
R008293,P0318,P0451,TRANSFERRED_FUNDS,T02293
R008294,P0173,P0489,TRANSFERRED_FUNDS,T02294
R008295,P0024,P0467,TRANSFERRED_FUNDS,T02295
R008296,P0217,P0292,TRANSFERRED_FUNDS,T02296
R008297,P0417,P0361,TRANSFERRED_FUNDS,T02297
R008298,P0384,P0490,TRANSFERRED_FUNDS,T02298
R008299,P0492,P0390,TRANSFERRED_FUNDS,T02299
R008300,P0026,P0071,TRANSFERRED_FUNDS,T02300
R008301,P0426,P0432,TRANSFERRED_FUNDS,T02301
R008302,P0321,P0418,TRANSFERRED_FUNDS,T02302
R008303,P0427,P0170,TRANSFERRED_FUNDS,T02303
R008304,P0072,P0304,TRANSFERRED_FUNDS,T02304
R008305,P0079,P0076,TRANSFERRED_FUNDS,T02305
R008306,P0125,P0191,TRANSFERRED_FUNDS,T02306
R008307,P0296,P0277,TRANSFERRED_FUNDS,T02307
R008308,P0358,P0062,TRANSFERRED_FUNDS,T02308
R008309,P0299,P0255,TRANSFERRED_FUNDS,T02309
R008310,P0278,P0422,TRANSFERRED_FUNDS,T02310
R008311,P0225,P0283,TRANSFERRED_FUNDS,T02311
R008312,P0483,P0274,TRANSFERRED_FUNDS,T02312
R008313,P0004,P0326,TRANSFERRED_FUNDS,T02313
R008314,P0304,P0395,TRANSFERRED_FUNDS,T02314
R008315,P0169,P0054,TRANSFERRED_FUNDS,T02315
R008316,P0134,P0408,TRANSFERRED_FUNDS,T02316
R008317,P0139,P0102,TRANSFERRED_FUNDS,T02317
R008318,P0420,P0012,TRANSFERRED_FUNDS,T02318
R008319,P0159,P0347,TRANSFERRED_FUNDS,T02319
R008320,P0315,P0321,TRANSFERRED_FUNDS,T02320
R008321,P0360,P0225,TRANSFERRED_FUNDS,T02321
R008322,P0432,P0303,TRANSFERRED_FUNDS,T02322
R008323,P0006,P0389,TRANSFERRED_FUNDS,T02323
R008324,P0122,P0473,TRANSFERRED_FUNDS,T02324
R008325,P0149,P0460,TRANSFERRED_FUNDS,T02325
R008326,P0282,P0060,TRANSFERRED_FUNDS,T02326
R008327,P0225,P0303,TRANSFERRED_FUNDS,T02327
R008328,P0011,P0321,TRANSFERRED_FUNDS,T02328
R008329,P0386,P0488,TRANSFERRED_FUNDS,T02329
R008330,P0028,P0445,TRANSFERRED_FUNDS,T02330
R008331,P0434,P0448,TRANSFERRED_FUNDS,T02331
R008332,P0423,P0431,TRANSFERRED_FUNDS,T02332
R008333,P0455,P0333,TRANSFERRED_FUNDS,T02333
R008334,P0267,P0144,TRANSFERRED_FUNDS,T02334
R008335,P0408,P0402,TRANSFERRED_FUNDS,T02335
R008336,P0194,P0304,TRANSFERRED_FUNDS,T02336
R008337,P0415,P0092,TRANSFERRED_FUNDS,T02337
R008338,P0267,P0380,TRANSFERRED_FUNDS,T02338
R008339,P0484,P0457,TRANSFERRED_FUNDS,T02339
R008340,P0124,P0260,TRANSFERRED_FUNDS,T02340
R008341,P0008,P0461,TRANSFERRED_FUNDS,T02341
R008342,P0341,P0151,TRANSFERRED_FUNDS,T02342
R008343,P0244,P0211,TRANSFERRED_FUNDS,T02343
R008344,P0437,P0374,TRANSFERRED_FUNDS,T02344
R008345,P0063,P0368,TRANSFERRED_FUNDS,T02345
R008346,P0477,P0450,TRANSFERRED_FUNDS,T02346
R008347,P0043,P0411,TRANSFERRED_FUNDS,T02347
R008348,P0253,P0265,TRANSFERRED_FUNDS,T02348
R008349,P0211,P0145,TRANSFERRED_FUNDS,T02349
R008350,P0211,P0422,TRANSFERRED_FUNDS,T02350
R008351,P0055,P0422,TRANSFERRED_FUNDS,T02351
R008352,P0467,P0318,TRANSFERRED_FUNDS,T02352
R008353,P0398,P0031,TRANSFERRED_FUNDS,T02353
R008354,P0333,P0052,TRANSFERRED_FUNDS,T02354
R008355,P0442,P0175,TRANSFERRED_FUNDS,T02355
R008356,P0283,P0189,TRANSFERRED_FUNDS,T02356
R008357,P0049,P0147,TRANSFERRED_FUNDS,T02357
R008358,P0098,P0393,TRANSFERRED_FUNDS,T02358
R008359,P0325,P0403,TRANSFERRED_FUNDS,T02359
R008360,P0262,P0304,TRANSFERRED_FUNDS,T02360
R008361,P0493,P0025,TRANSFERRED_FUNDS,T02361
R008362,P0355,P0125,TRANSFERRED_FUNDS,T02362
R008363,P0416,P0042,TRANSFERRED_FUNDS,T02363
R008364,P0203,P0026,TRANSFERRED_FUNDS,T02364
R008365,P0204,P0288,TRANSFERRED_FUNDS,T02365
R008366,P0459,P0325,TRANSFERRED_FUNDS,T02366
R008367,P0263,P0395,TRANSFERRED_FUNDS,T02367
R008368,P0040,P0438,TRANSFERRED_FUNDS,T02368
R008369,P0118,P0158,TRANSFERRED_FUNDS,T02369
R008370,P0383,P0024,TRANSFERRED_FUNDS,T02370
R008371,P0332,P0419,TRANSFERRED_FUNDS,T02371
R008372,P0001,P0322,TRANSFERRED_FUNDS,T02372
R008373,P0085,P0483,TRANSFERRED_FUNDS,T02373
R008374,P0361,P0041,TRANSFERRED_FUNDS,T02374
R008375,P0089,P0160,TRANSFERRED_FUNDS,T02375
R008376,P0155,P0378,TRANSFERRED_FUNDS,T02376
R008377,P0390,P0152,TRANSFERRED_FUNDS,T02377
R008378,P0238,P0273,TRANSFERRED_FUNDS,T02378
R008379,P0289,P0212,TRANSFERRED_FUNDS,T02379
R008380,P0478,P0429,TRANSFERRED_FUNDS,T02380
R008381,P0477,P0047,TRANSFERRED_FUNDS,T02381
R008382,P0369,P0374,TRANSFERRED_FUNDS,T02382
R008383,P0185,P0004,TRANSFERRED_FUNDS,T02383
R008384,P0317,P0187,TRANSFERRED_FUNDS,T02384
R008385,P0102,P0323,TRANSFERRED_FUNDS,T02385
R008386,P0227,P0398,TRANSFERRED_FUNDS,T02386
R008387,P0037,P0245,TRANSFERRED_FUNDS,T02387
R008388,P0477,P0055,TRANSFERRED_FUNDS,T02388
R008389,P0206,P0285,TRANSFERRED_FUNDS,T02389
R008390,P0160,P0408,TRANSFERRED_FUNDS,T02390
R008391,P0499,P0016,TRANSFERRED_FUNDS,T02391
R008392,P0159,P0394,TRANSFERRED_FUNDS,T02392
R008393,P0274,P0200,TRANSFERRED_FUNDS,T02393
R008394,P0116,P0400,TRANSFERRED_FUNDS,T02394
R008395,P0029,P0168,TRANSFERRED_FUNDS,T02395
R008396,P0436,P0474,TRANSFERRED_FUNDS,T02396
R008397,P0088,P0043,TRANSFERRED_FUNDS,T02397
R008398,P0210,P0437,TRANSFERRED_FUNDS,T02398
R008399,P0079,P0014,TRANSFERRED_FUNDS,T02399
R008400,P0487,P0339,TRANSFERRED_FUNDS,T02400
R008401,P0472,P0151,TRANSFERRED_FUNDS,T02401
R008402,P0359,P0081,TRANSFERRED_FUNDS,T02402
R008403,P0015,P0033,TRANSFERRED_FUNDS,T02403
R008404,P0411,P0200,TRANSFERRED_FUNDS,T02404
R008405,P0472,P0193,TRANSFERRED_FUNDS,T02405
R008406,P0069,P0052,TRANSFERRED_FUNDS,T02406
R008407,P0295,P0111,TRANSFERRED_FUNDS,T02407
R008408,P0373,P0369,TRANSFERRED_FUNDS,T02408
R008409,P0247,P0021,TRANSFERRED_FUNDS,T02409
R008410,P0046,P0424,TRANSFERRED_FUNDS,T02410
R008411,P0163,P0199,TRANSFERRED_FUNDS,T02411
R008412,P0143,P0052,TRANSFERRED_FUNDS,T02412
R008413,P0200,P0215,TRANSFERRED_FUNDS,T02413
R008414,P0235,P0396,TRANSFERRED_FUNDS,T02414
R008415,P0072,P0020,TRANSFERRED_FUNDS,T02415
R008416,P0268,P0353,TRANSFERRED_FUNDS,T02416
R008417,P0321,P0270,TRANSFERRED_FUNDS,T02417
R008418,P0292,P0217,TRANSFERRED_FUNDS,T02418
R008419,P0414,P0096,TRANSFERRED_FUNDS,T02419
R008420,P0370,P0447,TRANSFERRED_FUNDS,T02420
R008421,P0236,P0216,TRANSFERRED_FUNDS,T02421
R008422,P0365,P0469,TRANSFERRED_FUNDS,T02422
R008423,P0447,P0423,TRANSFERRED_FUNDS,T02423
R008424,P0431,P0265,TRANSFERRED_FUNDS,T02424
R008425,P0221,P0345,TRANSFERRED_FUNDS,T02425
R008426,P0420,P0130,TRANSFERRED_FUNDS,T02426
R008427,P0083,P0304,TRANSFERRED_FUNDS,T02427
R008428,P0112,P0067,TRANSFERRED_FUNDS,T02428
R008429,P0002,P0034,TRANSFERRED_FUNDS,T02429
R008430,P0279,P0290,TRANSFERRED_FUNDS,T02430
R008431,P0008,P0144,TRANSFERRED_FUNDS,T02431
R008432,P0251,P0478,TRANSFERRED_FUNDS,T02432
R008433,P0159,P0427,TRANSFERRED_FUNDS,T02433
R008434,P0022,P0449,TRANSFERRED_FUNDS,T02434
R008435,P0377,P0001,TRANSFERRED_FUNDS,T02435
R008436,P0231,P0281,TRANSFERRED_FUNDS,T02436
R008437,P0379,P0419,TRANSFERRED_FUNDS,T02437
R008438,P0313,P0029,TRANSFERRED_FUNDS,T02438
R008439,P0377,P0309,TRANSFERRED_FUNDS,T02439
R008440,P0099,P0203,TRANSFERRED_FUNDS,T02440
R008441,P0391,P0295,TRANSFERRED_FUNDS,T02441
R008442,P0394,P0268,TRANSFERRED_FUNDS,T02442
R008443,P0387,P0277,TRANSFERRED_FUNDS,T02443
R008444,P0210,P0301,TRANSFERRED_FUNDS,T02444
R008445,P0359,P0100,TRANSFERRED_FUNDS,T02445
R008446,P0495,P0244,TRANSFERRED_FUNDS,T02446
R008447,P0235,P0163,TRANSFERRED_FUNDS,T02447
R008448,P0367,P0473,TRANSFERRED_FUNDS,T02448
R008449,P0353,P0197,TRANSFERRED_FUNDS,T02449
R008450,P0363,P0277,TRANSFERRED_FUNDS,T02450
R008451,P0374,P0046,TRANSFERRED_FUNDS,T02451
R008452,P0071,P0133,TRANSFERRED_FUNDS,T02452
R008453,P0408,P0228,TRANSFERRED_FUNDS,T02453
R008454,P0020,P0406,TRANSFERRED_FUNDS,T02454
R008455,P0021,P0165,TRANSFERRED_FUNDS,T02455
R008456,P0152,P0432,TRANSFERRED_FUNDS,T02456
R008457,P0488,P0409,TRANSFERRED_FUNDS,T02457
R008458,P0492,P0303,TRANSFERRED_FUNDS,T02458
R008459,P0052,P0116,TRANSFERRED_FUNDS,T02459
R008460,P0270,P0237,TRANSFERRED_FUNDS,T02460
R008461,P0430,P0367,TRANSFERRED_FUNDS,T02461
R008462,P0012,P0052,TRANSFERRED_FUNDS,T02462
R008463,P0418,P0337,TRANSFERRED_FUNDS,T02463
R008464,P0455,P0383,TRANSFERRED_FUNDS,T02464
R008465,P0392,P0476,TRANSFERRED_FUNDS,T02465
R008466,P0150,P0200,TRANSFERRED_FUNDS,T02466
R008467,P0273,P0224,TRANSFERRED_FUNDS,T02467
R008468,P0431,P0226,TRANSFERRED_FUNDS,T02468
R008469,P0340,P0084,TRANSFERRED_FUNDS,T02469
R008470,P0025,P0257,TRANSFERRED_FUNDS,T02470
R008471,P0164,P0398,TRANSFERRED_FUNDS,T02471
R008472,P0336,P0257,TRANSFERRED_FUNDS,T02472
R008473,P0494,P0390,TRANSFERRED_FUNDS,T02473
R008474,P0500,P0383,TRANSFERRED_FUNDS,T02474
R008475,P0165,P0152,TRANSFERRED_FUNDS,T02475
R008476,P0053,P0250,TRANSFERRED_FUNDS,T02476
R008477,P0341,P0097,TRANSFERRED_FUNDS,T02477
R008478,P0290,P0478,TRANSFERRED_FUNDS,T02478
R008479,P0039,P0356,TRANSFERRED_FUNDS,T02479
R008480,P0215,P0035,TRANSFERRED_FUNDS,T02480
R008481,P0295,P0191,TRANSFERRED_FUNDS,T02481
R008482,P0111,P0366,TRANSFERRED_FUNDS,T02482
R008483,P0497,P0084,TRANSFERRED_FUNDS,T02483
R008484,P0204,P0069,TRANSFERRED_FUNDS,T02484
R008485,P0321,P0305,TRANSFERRED_FUNDS,T02485
R008486,P0014,P0178,TRANSFERRED_FUNDS,T02486
R008487,P0499,P0360,TRANSFERRED_FUNDS,T02487
R008488,P0013,P0412,TRANSFERRED_FUNDS,T02488
R008489,P0153,P0141,TRANSFERRED_FUNDS,T02489
R008490,P0436,P0432,TRANSFERRED_FUNDS,T02490
R008491,P0022,P0484,TRANSFERRED_FUNDS,T02491
R008492,P0459,P0081,TRANSFERRED_FUNDS,T02492
R008493,P0080,P0411,TRANSFERRED_FUNDS,T02493
R008494,P0059,P0231,TRANSFERRED_FUNDS,T02494
R008495,P0092,P0422,TRANSFERRED_FUNDS,T02495
R008496,P0012,P0165,TRANSFERRED_FUNDS,T02496
R008497,P0061,P0382,TRANSFERRED_FUNDS,T02497
R008498,P0363,P0201,TRANSFERRED_FUNDS,T02498
R008499,P0095,P0003,TRANSFERRED_FUNDS,T02499
R008500,P0143,P0266,TRANSFERRED_FUNDS,T02500
R008501,P0117,P0332,TRANSFERRED_FUNDS,T02501
R008502,P0216,P0252,TRANSFERRED_FUNDS,T02502
R008503,P0479,P0193,TRANSFERRED_FUNDS,T02503
R008504,P0167,P0105,TRANSFERRED_FUNDS,T02504
R008505,P0496,P0391,TRANSFERRED_FUNDS,T02505
R008506,P0080,P0215,TRANSFERRED_FUNDS,T02506
R008507,P0184,P0244,TRANSFERRED_FUNDS,T02507
R008508,P0272,P0174,TRANSFERRED_FUNDS,T02508
R008509,P0202,P0421,TRANSFERRED_FUNDS,T02509
R008510,P0398,P0357,TRANSFERRED_FUNDS,T02510
R008511,P0230,P0291,TRANSFERRED_FUNDS,T02511
R008512,P0276,P0349,TRANSFERRED_FUNDS,T02512
R008513,P0316,P0343,TRANSFERRED_FUNDS,T02513
R008514,P0178,P0074,TRANSFERRED_FUNDS,T02514
R008515,P0252,P0500,TRANSFERRED_FUNDS,T02515
R008516,P0045,P0282,TRANSFERRED_FUNDS,T02516
R008517,P0202,P0124,TRANSFERRED_FUNDS,T02517
R008518,P0141,P0146,TRANSFERRED_FUNDS,T02518
R008519,P0226,P0154,TRANSFERRED_FUNDS,T02519
R008520,P0300,P0229,TRANSFERRED_FUNDS,T02520
R008521,P0035,P0269,TRANSFERRED_FUNDS,T02521
R008522,P0255,P0250,TRANSFERRED_FUNDS,T02522
R008523,P0342,P0277,TRANSFERRED_FUNDS,T02523
R008524,P0366,P0401,TRANSFERRED_FUNDS,T02524
R008525,P0488,P0005,TRANSFERRED_FUNDS,T02525
R008526,P0016,P0341,TRANSFERRED_FUNDS,T02526
R008527,P0496,P0152,TRANSFERRED_FUNDS,T02527
R008528,P0422,P0036,TRANSFERRED_FUNDS,T02528
R008529,P0396,P0209,TRANSFERRED_FUNDS,T02529
R008530,P0370,P0208,TRANSFERRED_FUNDS,T02530
R008531,P0178,P0120,TRANSFERRED_FUNDS,T02531
R008532,P0151,P0457,TRANSFERRED_FUNDS,T02532
R008533,P0365,P0267,TRANSFERRED_FUNDS,T02533
R008534,P0257,P0329,TRANSFERRED_FUNDS,T02534
R008535,P0273,P0384,TRANSFERRED_FUNDS,T02535
R008536,P0219,P0162,TRANSFERRED_FUNDS,T02536
R008537,P0224,P0430,TRANSFERRED_FUNDS,T02537
R008538,P0402,P0404,TRANSFERRED_FUNDS,T02538
R008539,P0410,P0393,TRANSFERRED_FUNDS,T02539
R008540,P0315,P0213,TRANSFERRED_FUNDS,T02540
R008541,P0460,P0418,TRANSFERRED_FUNDS,T02541
R008542,P0444,P0085,TRANSFERRED_FUNDS,T02542
R008543,P0040,P0378,TRANSFERRED_FUNDS,T02543
R008544,P0490,P0462,TRANSFERRED_FUNDS,T02544
R008545,P0353,P0337,TRANSFERRED_FUNDS,T02545
R008546,P0288,P0232,TRANSFERRED_FUNDS,T02546
R008547,P0195,P0279,TRANSFERRED_FUNDS,T02547
R008548,P0482,P0418,TRANSFERRED_FUNDS,T02548
R008549,P0367,P0064,TRANSFERRED_FUNDS,T02549
R008550,P0042,P0257,TRANSFERRED_FUNDS,T02550
R008551,P0043,P0383,TRANSFERRED_FUNDS,T02551
R008552,P0027,P0017,TRANSFERRED_FUNDS,T02552
R008553,P0162,P0418,TRANSFERRED_FUNDS,T02553
R008554,P0351,P0249,TRANSFERRED_FUNDS,T02554
R008555,P0331,P0111,TRANSFERRED_FUNDS,T02555
R008556,P0118,P0453,TRANSFERRED_FUNDS,T02556
R008557,P0340,P0362,TRANSFERRED_FUNDS,T02557
R008558,P0124,P0213,TRANSFERRED_FUNDS,T02558
R008559,P0135,P0320,TRANSFERRED_FUNDS,T02559
R008560,P0263,P0329,TRANSFERRED_FUNDS,T02560
R008561,P0200,P0308,TRANSFERRED_FUNDS,T02561
R008562,P0296,P0401,TRANSFERRED_FUNDS,T02562
R008563,P0140,P0388,TRANSFERRED_FUNDS,T02563
R008564,P0243,P0055,TRANSFERRED_FUNDS,T02564
R008565,P0321,P0074,TRANSFERRED_FUNDS,T02565
R008566,P0435,P0313,TRANSFERRED_FUNDS,T02566
R008567,P0278,P0315,TRANSFERRED_FUNDS,T02567
R008568,P0195,P0205,TRANSFERRED_FUNDS,T02568
R008569,P0240,P0269,TRANSFERRED_FUNDS,T02569
R008570,P0076,P0473,TRANSFERRED_FUNDS,T02570
R008571,P0369,P0170,TRANSFERRED_FUNDS,T02571
R008572,P0138,P0389,TRANSFERRED_FUNDS,T02572
R008573,P0043,P0073,TRANSFERRED_FUNDS,T02573
R008574,P0352,P0476,TRANSFERRED_FUNDS,T02574
R008575,P0235,P0157,TRANSFERRED_FUNDS,T02575
R008576,P0424,P0023,TRANSFERRED_FUNDS,T02576
R008577,P0074,P0071,TRANSFERRED_FUNDS,T02577
R008578,P0175,P0336,TRANSFERRED_FUNDS,T02578
R008579,P0351,P0260,TRANSFERRED_FUNDS,T02579
R008580,P0197,P0261,TRANSFERRED_FUNDS,T02580
R008581,P0149,P0431,TRANSFERRED_FUNDS,T02581
R008582,P0343,P0170,TRANSFERRED_FUNDS,T02582
R008583,P0005,P0001,TRANSFERRED_FUNDS,T02583
R008584,P0191,P0040,TRANSFERRED_FUNDS,T02584
R008585,P0106,P0091,TRANSFERRED_FUNDS,T02585
R008586,P0014,P0244,TRANSFERRED_FUNDS,T02586
R008587,P0261,P0383,TRANSFERRED_FUNDS,T02587
R008588,P0219,P0240,TRANSFERRED_FUNDS,T02588
R008589,P0217,P0140,TRANSFERRED_FUNDS,T02589
R008590,P0419,P0413,TRANSFERRED_FUNDS,T02590
R008591,P0119,P0279,TRANSFERRED_FUNDS,T02591
R008592,P0125,P0229,TRANSFERRED_FUNDS,T02592
R008593,P0029,P0383,TRANSFERRED_FUNDS,T02593
R008594,P0276,P0090,TRANSFERRED_FUNDS,T02594
R008595,P0454,P0381,TRANSFERRED_FUNDS,T02595
R008596,P0309,P0492,TRANSFERRED_FUNDS,T02596
R008597,P0071,P0139,TRANSFERRED_FUNDS,T02597
R008598,P0349,P0341,TRANSFERRED_FUNDS,T02598
R008599,P0488,P0188,TRANSFERRED_FUNDS,T02599
R008600,P0087,P0353,TRANSFERRED_FUNDS,T02600
R008601,P0279,P0062,TRANSFERRED_FUNDS,T02601
R008602,P0473,P0398,TRANSFERRED_FUNDS,T02602
R008603,P0340,P0212,TRANSFERRED_FUNDS,T02603
R008604,P0256,P0426,TRANSFERRED_FUNDS,T02604
R008605,P0130,P0460,TRANSFERRED_FUNDS,T02605
R008606,P0423,P0487,TRANSFERRED_FUNDS,T02606
R008607,P0309,P0494,TRANSFERRED_FUNDS,T02607
R008608,P0119,P0430,TRANSFERRED_FUNDS,T02608
R008609,P0213,P0410,TRANSFERRED_FUNDS,T02609
R008610,P0345,P0022,TRANSFERRED_FUNDS,T02610
R008611,P0199,P0412,TRANSFERRED_FUNDS,T02611
R008612,P0372,P0411,TRANSFERRED_FUNDS,T02612
R008613,P0485,P0144,TRANSFERRED_FUNDS,T02613
R008614,P0191,P0263,TRANSFERRED_FUNDS,T02614
R008615,P0414,P0007,TRANSFERRED_FUNDS,T02615
R008616,P0285,P0348,TRANSFERRED_FUNDS,T02616
R008617,P0244,P0070,TRANSFERRED_FUNDS,T02617
R008618,P0096,P0356,TRANSFERRED_FUNDS,T02618
R008619,P0430,P0096,TRANSFERRED_FUNDS,T02619
R008620,P0311,P0080,TRANSFERRED_FUNDS,T02620
R008621,P0057,P0382,TRANSFERRED_FUNDS,T02621
R008622,P0282,P0400,TRANSFERRED_FUNDS,T02622
R008623,P0476,P0438,TRANSFERRED_FUNDS,T02623
R008624,P0223,P0500,TRANSFERRED_FUNDS,T02624
R008625,P0327,P0158,TRANSFERRED_FUNDS,T02625
R008626,P0333,P0320,TRANSFERRED_FUNDS,T02626
R008627,P0318,P0002,TRANSFERRED_FUNDS,T02627
R008628,P0340,P0323,TRANSFERRED_FUNDS,T02628
R008629,P0339,P0365,TRANSFERRED_FUNDS,T02629
R008630,P0074,P0097,TRANSFERRED_FUNDS,T02630
R008631,P0089,P0038,TRANSFERRED_FUNDS,T02631
R008632,P0452,P0479,TRANSFERRED_FUNDS,T02632
R008633,P0023,P0492,TRANSFERRED_FUNDS,T02633
R008634,P0447,P0072,TRANSFERRED_FUNDS,T02634
R008635,P0184,P0121,TRANSFERRED_FUNDS,T02635
R008636,P0022,P0278,TRANSFERRED_FUNDS,T02636
R008637,P0184,P0197,TRANSFERRED_FUNDS,T02637
R008638,P0271,P0016,TRANSFERRED_FUNDS,T02638
R008639,P0037,P0435,TRANSFERRED_FUNDS,T02639
R008640,P0443,P0048,TRANSFERRED_FUNDS,T02640
R008641,P0093,P0135,TRANSFERRED_FUNDS,T02641
R008642,P0460,P0290,TRANSFERRED_FUNDS,T02642
R008643,P0464,P0250,TRANSFERRED_FUNDS,T02643
R008644,P0405,P0201,TRANSFERRED_FUNDS,T02644
R008645,P0377,P0207,TRANSFERRED_FUNDS,T02645
R008646,P0220,P0399,TRANSFERRED_FUNDS,T02646
R008647,P0486,P0471,TRANSFERRED_FUNDS,T02647
R008648,P0011,P0123,TRANSFERRED_FUNDS,T02648
R008649,P0353,P0157,TRANSFERRED_FUNDS,T02649
R008650,P0422,P0496,TRANSFERRED_FUNDS,T02650
R008651,P0238,P0402,TRANSFERRED_FUNDS,T02651
R008652,P0345,P0179,TRANSFERRED_FUNDS,T02652
R008653,P0469,P0046,TRANSFERRED_FUNDS,T02653
R008654,P0399,P0393,TRANSFERRED_FUNDS,T02654
R008655,P0196,P0275,TRANSFERRED_FUNDS,T02655
R008656,P0204,P0396,TRANSFERRED_FUNDS,T02656
R008657,P0439,P0481,TRANSFERRED_FUNDS,T02657
R008658,P0366,P0259,TRANSFERRED_FUNDS,T02658
R008659,P0003,P0479,TRANSFERRED_FUNDS,T02659
R008660,P0057,P0109,TRANSFERRED_FUNDS,T02660
R008661,P0230,P0262,TRANSFERRED_FUNDS,T02661
R008662,P0050,P0009,TRANSFERRED_FUNDS,T02662
R008663,P0416,P0092,TRANSFERRED_FUNDS,T02663
R008664,P0167,P0434,TRANSFERRED_FUNDS,T02664
R008665,P0219,P0400,TRANSFERRED_FUNDS,T02665
R008666,P0073,P0446,TRANSFERRED_FUNDS,T02666
R008667,P0138,P0169,TRANSFERRED_FUNDS,T02667
R008668,P0142,P0061,TRANSFERRED_FUNDS,T02668
R008669,P0189,P0237,TRANSFERRED_FUNDS,T02669
R008670,P0041,P0022,TRANSFERRED_FUNDS,T02670
R008671,P0455,P0180,TRANSFERRED_FUNDS,T02671
R008672,P0272,P0460,TRANSFERRED_FUNDS,T02672
R008673,P0375,P0138,TRANSFERRED_FUNDS,T02673
R008674,P0320,P0111,TRANSFERRED_FUNDS,T02674
R008675,P0341,P0296,TRANSFERRED_FUNDS,T02675
R008676,P0066,P0203,TRANSFERRED_FUNDS,T02676
R008677,P0492,P0164,TRANSFERRED_FUNDS,T02677
R008678,P0347,P0270,TRANSFERRED_FUNDS,T02678
R008679,P0258,P0247,TRANSFERRED_FUNDS,T02679
R008680,P0236,P0169,TRANSFERRED_FUNDS,T02680
R008681,P0057,P0261,TRANSFERRED_FUNDS,T02681
R008682,P0283,P0070,TRANSFERRED_FUNDS,T02682
R008683,P0341,P0380,TRANSFERRED_FUNDS,T02683
R008684,P0199,P0275,TRANSFERRED_FUNDS,T02684
R008685,P0342,P0102,TRANSFERRED_FUNDS,T02685
R008686,P0188,P0367,TRANSFERRED_FUNDS,T02686
R008687,P0282,P0482,TRANSFERRED_FUNDS,T02687
R008688,P0116,P0083,TRANSFERRED_FUNDS,T02688
R008689,P0166,P0233,TRANSFERRED_FUNDS,T02689
R008690,P0442,P0415,TRANSFERRED_FUNDS,T02690
R008691,P0431,P0446,TRANSFERRED_FUNDS,T02691
R008692,P0035,P0025,TRANSFERRED_FUNDS,T02692
R008693,P0206,P0023,TRANSFERRED_FUNDS,T02693
R008694,P0424,P0290,TRANSFERRED_FUNDS,T02694
R008695,P0243,P0296,TRANSFERRED_FUNDS,T02695
R008696,P0020,P0274,TRANSFERRED_FUNDS,T02696
R008697,P0332,P0247,TRANSFERRED_FUNDS,T02697
R008698,P0435,P0397,TRANSFERRED_FUNDS,T02698
R008699,P0012,P0154,TRANSFERRED_FUNDS,T02699
R008700,P0316,P0421,TRANSFERRED_FUNDS,T02700
R008701,P0497,P0185,TRANSFERRED_FUNDS,T02701
R008702,P0044,P0420,TRANSFERRED_FUNDS,T02702
R008703,P0067,P0443,TRANSFERRED_FUNDS,T02703
R008704,P0247,P0161,TRANSFERRED_FUNDS,T02704
R008705,P0185,P0288,TRANSFERRED_FUNDS,T02705
R008706,P0253,P0165,TRANSFERRED_FUNDS,T02706
R008707,P0194,P0102,TRANSFERRED_FUNDS,T02707
R008708,P0443,P0484,TRANSFERRED_FUNDS,T02708
R008709,P0303,P0209,TRANSFERRED_FUNDS,T02709
R008710,P0207,P0062,TRANSFERRED_FUNDS,T02710
R008711,P0203,P0280,TRANSFERRED_FUNDS,T02711
R008712,P0462,P0163,TRANSFERRED_FUNDS,T02712
R008713,P0492,P0196,TRANSFERRED_FUNDS,T02713
R008714,P0087,P0089,TRANSFERRED_FUNDS,T02714
R008715,P0457,P0390,TRANSFERRED_FUNDS,T02715
R008716,P0271,P0397,TRANSFERRED_FUNDS,T02716
R008717,P0102,P0410,TRANSFERRED_FUNDS,T02717
R008718,P0340,P0360,TRANSFERRED_FUNDS,T02718
R008719,P0321,P0489,TRANSFERRED_FUNDS,T02719
R008720,P0149,P0316,TRANSFERRED_FUNDS,T02720
R008721,P0260,P0266,TRANSFERRED_FUNDS,T02721
R008722,P0149,P0286,TRANSFERRED_FUNDS,T02722
R008723,P0427,P0387,TRANSFERRED_FUNDS,T02723
R008724,P0084,P0480,TRANSFERRED_FUNDS,T02724
R008725,P0260,P0402,TRANSFERRED_FUNDS,T02725
R008726,P0255,P0299,TRANSFERRED_FUNDS,T02726
R008727,P0041,P0481,TRANSFERRED_FUNDS,T02727
R008728,P0243,P0045,TRANSFERRED_FUNDS,T02728
R008729,P0049,P0062,TRANSFERRED_FUNDS,T02729
R008730,P0023,P0090,TRANSFERRED_FUNDS,T02730
R008731,P0224,P0034,TRANSFERRED_FUNDS,T02731
R008732,P0233,P0388,TRANSFERRED_FUNDS,T02732
R008733,P0321,P0315,TRANSFERRED_FUNDS,T02733
R008734,P0328,P0271,TRANSFERRED_FUNDS,T02734
R008735,P0015,P0385,TRANSFERRED_FUNDS,T02735
R008736,P0117,P0123,TRANSFERRED_FUNDS,T02736
R008737,P0327,P0087,TRANSFERRED_FUNDS,T02737
R008738,P0302,P0010,TRANSFERRED_FUNDS,T02738
R008739,P0048,P0373,TRANSFERRED_FUNDS,T02739
R008740,P0293,P0083,TRANSFERRED_FUNDS,T02740
R008741,P0326,P0286,TRANSFERRED_FUNDS,T02741
R008742,P0239,P0394,TRANSFERRED_FUNDS,T02742
R008743,P0148,P0128,TRANSFERRED_FUNDS,T02743
R008744,P0487,P0148,TRANSFERRED_FUNDS,T02744
R008745,P0266,P0375,TRANSFERRED_FUNDS,T02745
R008746,P0294,P0456,TRANSFERRED_FUNDS,T02746
R008747,P0326,P0280,TRANSFERRED_FUNDS,T02747
R008748,P0484,P0169,TRANSFERRED_FUNDS,T02748
R008749,P0453,P0023,TRANSFERRED_FUNDS,T02749
R008750,P0237,P0380,TRANSFERRED_FUNDS,T02750
R008751,P0358,P0345,TRANSFERRED_FUNDS,T02751
R008752,P0404,P0115,TRANSFERRED_FUNDS,T02752
R008753,P0432,P0382,TRANSFERRED_FUNDS,T02753
R008754,P0063,P0291,TRANSFERRED_FUNDS,T02754
R008755,P0412,P0399,TRANSFERRED_FUNDS,T02755
R008756,P0070,P0194,TRANSFERRED_FUNDS,T02756
R008757,P0316,P0298,TRANSFERRED_FUNDS,T02757
R008758,P0434,P0294,TRANSFERRED_FUNDS,T02758
R008759,P0235,P0446,TRANSFERRED_FUNDS,T02759
R008760,P0346,P0430,TRANSFERRED_FUNDS,T02760
R008761,P0182,P0234,TRANSFERRED_FUNDS,T02761
R008762,P0218,P0191,TRANSFERRED_FUNDS,T02762
R008763,P0489,P0164,TRANSFERRED_FUNDS,T02763
R008764,P0247,P0110,TRANSFERRED_FUNDS,T02764
R008765,P0163,P0018,TRANSFERRED_FUNDS,T02765
R008766,P0099,P0336,TRANSFERRED_FUNDS,T02766
R008767,P0121,P0429,TRANSFERRED_FUNDS,T02767
R008768,P0143,P0240,TRANSFERRED_FUNDS,T02768
R008769,P0475,P0341,TRANSFERRED_FUNDS,T02769
R008770,P0288,P0257,TRANSFERRED_FUNDS,T02770
R008771,P0230,P0027,TRANSFERRED_FUNDS,T02771
R008772,P0420,P0279,TRANSFERRED_FUNDS,T02772
R008773,P0002,P0381,TRANSFERRED_FUNDS,T02773
R008774,P0499,P0236,TRANSFERRED_FUNDS,T02774
R008775,P0128,P0112,TRANSFERRED_FUNDS,T02775
R008776,P0264,P0409,TRANSFERRED_FUNDS,T02776
R008777,P0299,P0086,TRANSFERRED_FUNDS,T02777
R008778,P0398,P0347,TRANSFERRED_FUNDS,T02778
R008779,P0419,P0178,TRANSFERRED_FUNDS,T02779
R008780,P0204,P0317,TRANSFERRED_FUNDS,T02780
R008781,P0268,P0276,TRANSFERRED_FUNDS,T02781
R008782,P0017,P0225,TRANSFERRED_FUNDS,T02782
R008783,P0345,P0308,TRANSFERRED_FUNDS,T02783
R008784,P0097,P0351,TRANSFERRED_FUNDS,T02784
R008785,P0145,P0116,TRANSFERRED_FUNDS,T02785
R008786,P0041,P0289,TRANSFERRED_FUNDS,T02786
R008787,P0002,P0327,TRANSFERRED_FUNDS,T02787
R008788,P0204,P0250,TRANSFERRED_FUNDS,T02788
R008789,P0226,P0387,TRANSFERRED_FUNDS,T02789
R008790,P0271,P0324,TRANSFERRED_FUNDS,T02790
R008791,P0194,P0123,TRANSFERRED_FUNDS,T02791
R008792,P0192,P0426,TRANSFERRED_FUNDS,T02792
R008793,P0054,P0214,TRANSFERRED_FUNDS,T02793
R008794,P0400,P0356,TRANSFERRED_FUNDS,T02794
R008795,P0137,P0006,TRANSFERRED_FUNDS,T02795
R008796,P0341,P0253,TRANSFERRED_FUNDS,T02796
R008797,P0127,P0074,TRANSFERRED_FUNDS,T02797
R008798,P0218,P0230,TRANSFERRED_FUNDS,T02798
R008799,P0444,P0318,TRANSFERRED_FUNDS,T02799
R008800,P0061,P0238,TRANSFERRED_FUNDS,T02800
R008801,P0403,P0171,TRANSFERRED_FUNDS,T02801
R008802,P0244,P0415,TRANSFERRED_FUNDS,T02802
R008803,P0282,P0479,TRANSFERRED_FUNDS,T02803
R008804,P0041,P0125,TRANSFERRED_FUNDS,T02804
R008805,P0332,P0204,TRANSFERRED_FUNDS,T02805
R008806,P0098,P0471,TRANSFERRED_FUNDS,T02806
R008807,P0445,P0473,TRANSFERRED_FUNDS,T02807
R008808,P0152,P0047,TRANSFERRED_FUNDS,T02808
R008809,P0467,P0046,TRANSFERRED_FUNDS,T02809
R008810,P0187,P0154,TRANSFERRED_FUNDS,T02810
R008811,P0491,P0127,TRANSFERRED_FUNDS,T02811
R008812,P0301,P0039,TRANSFERRED_FUNDS,T02812
R008813,P0382,P0318,TRANSFERRED_FUNDS,T02813
R008814,P0211,P0208,TRANSFERRED_FUNDS,T02814
R008815,P0101,P0196,TRANSFERRED_FUNDS,T02815
R008816,P0211,P0367,TRANSFERRED_FUNDS,T02816
R008817,P0171,P0010,TRANSFERRED_FUNDS,T02817
R008818,P0135,P0107,TRANSFERRED_FUNDS,T02818
R008819,P0434,P0334,TRANSFERRED_FUNDS,T02819
R008820,P0045,P0212,TRANSFERRED_FUNDS,T02820
R008821,P0133,P0237,TRANSFERRED_FUNDS,T02821
R008822,P0334,P0223,TRANSFERRED_FUNDS,T02822
R008823,P0400,P0348,TRANSFERRED_FUNDS,T02823
R008824,P0321,P0051,TRANSFERRED_FUNDS,T02824
R008825,P0159,P0408,TRANSFERRED_FUNDS,T02825
R008826,P0486,P0439,TRANSFERRED_FUNDS,T02826
R008827,P0141,P0395,TRANSFERRED_FUNDS,T02827
R008828,P0111,P0178,TRANSFERRED_FUNDS,T02828
R008829,P0343,P0136,TRANSFERRED_FUNDS,T02829
R008830,P0388,P0039,TRANSFERRED_FUNDS,T02830
R008831,P0481,P0107,TRANSFERRED_FUNDS,T02831
R008832,P0132,P0327,TRANSFERRED_FUNDS,T02832
R008833,P0400,P0463,TRANSFERRED_FUNDS,T02833
R008834,P0044,P0026,TRANSFERRED_FUNDS,T02834
R008835,P0336,P0299,TRANSFERRED_FUNDS,T02835
R008836,P0220,P0393,TRANSFERRED_FUNDS,T02836
R008837,P0495,P0265,TRANSFERRED_FUNDS,T02837
R008838,P0365,P0014,TRANSFERRED_FUNDS,T02838
R008839,P0332,P0009,TRANSFERRED_FUNDS,T02839
R008840,P0049,P0197,TRANSFERRED_FUNDS,T02840
R008841,P0347,P0377,TRANSFERRED_FUNDS,T02841
R008842,P0419,P0487,TRANSFERRED_FUNDS,T02842
R008843,P0299,P0113,TRANSFERRED_FUNDS,T02843
R008844,P0220,P0185,TRANSFERRED_FUNDS,T02844
R008845,P0057,P0356,TRANSFERRED_FUNDS,T02845
R008846,P0294,P0381,TRANSFERRED_FUNDS,T02846
R008847,P0394,P0381,TRANSFERRED_FUNDS,T02847
R008848,P0219,P0089,TRANSFERRED_FUNDS,T02848
R008849,P0058,P0263,TRANSFERRED_FUNDS,T02849
R008850,P0088,P0138,TRANSFERRED_FUNDS,T02850
R008851,P0253,P0293,TRANSFERRED_FUNDS,T02851
R008852,P0205,P0063,TRANSFERRED_FUNDS,T02852
R008853,P0318,P0415,TRANSFERRED_FUNDS,T02853
R008854,P0073,P0314,TRANSFERRED_FUNDS,T02854
R008855,P0485,P0361,TRANSFERRED_FUNDS,T02855
R008856,P0128,P0375,TRANSFERRED_FUNDS,T02856
R008857,P0043,P0464,TRANSFERRED_FUNDS,T02857
R008858,P0222,P0086,TRANSFERRED_FUNDS,T02858
R008859,P0368,P0160,TRANSFERRED_FUNDS,T02859
R008860,P0012,P0395,TRANSFERRED_FUNDS,T02860
R008861,P0015,P0295,TRANSFERRED_FUNDS,T02861
R008862,P0407,P0229,TRANSFERRED_FUNDS,T02862
R008863,P0282,P0085,TRANSFERRED_FUNDS,T02863
R008864,P0334,P0066,TRANSFERRED_FUNDS,T02864
R008865,P0281,P0083,TRANSFERRED_FUNDS,T02865
R008866,P0193,P0067,TRANSFERRED_FUNDS,T02866
R008867,P0268,P0221,TRANSFERRED_FUNDS,T02867
R008868,P0492,P0457,TRANSFERRED_FUNDS,T02868
R008869,P0498,P0367,TRANSFERRED_FUNDS,T02869
R008870,P0491,P0071,TRANSFERRED_FUNDS,T02870
R008871,P0103,P0232,TRANSFERRED_FUNDS,T02871
R008872,P0383,P0041,TRANSFERRED_FUNDS,T02872
R008873,P0054,P0151,TRANSFERRED_FUNDS,T02873
R008874,P0399,P0249,TRANSFERRED_FUNDS,T02874
R008875,P0313,P0004,TRANSFERRED_FUNDS,T02875
R008876,P0145,P0357,TRANSFERRED_FUNDS,T02876
R008877,P0160,P0110,TRANSFERRED_FUNDS,T02877
R008878,P0002,P0177,TRANSFERRED_FUNDS,T02878
R008879,P0342,P0375,TRANSFERRED_FUNDS,T02879
R008880,P0165,P0094,TRANSFERRED_FUNDS,T02880
R008881,P0297,P0127,TRANSFERRED_FUNDS,T02881
R008882,P0428,P0138,TRANSFERRED_FUNDS,T02882
R008883,P0192,P0061,TRANSFERRED_FUNDS,T02883
R008884,P0386,P0282,TRANSFERRED_FUNDS,T02884
R008885,P0473,P0415,TRANSFERRED_FUNDS,T02885
R008886,P0368,P0279,TRANSFERRED_FUNDS,T02886
R008887,P0343,P0231,TRANSFERRED_FUNDS,T02887
R008888,P0092,P0178,TRANSFERRED_FUNDS,T02888
R008889,P0220,P0481,TRANSFERRED_FUNDS,T02889
R008890,P0154,P0100,TRANSFERRED_FUNDS,T02890
R008891,P0133,P0314,TRANSFERRED_FUNDS,T02891
R008892,P0085,P0145,TRANSFERRED_FUNDS,T02892
R008893,P0220,P0060,TRANSFERRED_FUNDS,T02893
R008894,P0447,P0388,TRANSFERRED_FUNDS,T02894
R008895,P0385,P0218,TRANSFERRED_FUNDS,T02895
R008896,P0441,P0287,TRANSFERRED_FUNDS,T02896
R008897,P0011,P0371,TRANSFERRED_FUNDS,T02897
R008898,P0438,P0003,TRANSFERRED_FUNDS,T02898
R008899,P0298,P0424,TRANSFERRED_FUNDS,T02899
R008900,P0321,P0059,TRANSFERRED_FUNDS,T02900
R008901,P0411,P0304,TRANSFERRED_FUNDS,T02901
R008902,P0101,P0326,TRANSFERRED_FUNDS,T02902
R008903,P0252,P0290,TRANSFERRED_FUNDS,T02903
R008904,P0374,P0081,TRANSFERRED_FUNDS,T02904
R008905,P0067,P0301,TRANSFERRED_FUNDS,T02905
R008906,P0045,P0012,TRANSFERRED_FUNDS,T02906
R008907,P0468,P0086,TRANSFERRED_FUNDS,T02907
R008908,P0288,P0474,TRANSFERRED_FUNDS,T02908
R008909,P0429,P0238,TRANSFERRED_FUNDS,T02909
R008910,P0354,P0415,TRANSFERRED_FUNDS,T02910
R008911,P0221,P0405,TRANSFERRED_FUNDS,T02911
R008912,P0431,P0088,TRANSFERRED_FUNDS,T02912
R008913,P0003,P0439,TRANSFERRED_FUNDS,T02913
R008914,P0017,P0007,TRANSFERRED_FUNDS,T02914
R008915,P0054,P0252,TRANSFERRED_FUNDS,T02915
R008916,P0026,P0459,TRANSFERRED_FUNDS,T02916
R008917,P0076,P0151,TRANSFERRED_FUNDS,T02917
R008918,P0262,P0457,TRANSFERRED_FUNDS,T02918
R008919,P0083,P0490,TRANSFERRED_FUNDS,T02919
R008920,P0060,P0485,TRANSFERRED_FUNDS,T02920
R008921,P0072,P0331,TRANSFERRED_FUNDS,T02921
R008922,P0012,P0494,TRANSFERRED_FUNDS,T02922
R008923,P0296,P0144,TRANSFERRED_FUNDS,T02923
R008924,P0057,P0192,TRANSFERRED_FUNDS,T02924
R008925,P0152,P0427,TRANSFERRED_FUNDS,T02925
R008926,P0065,P0357,TRANSFERRED_FUNDS,T02926
R008927,P0411,P0340,TRANSFERRED_FUNDS,T02927
R008928,P0075,P0162,TRANSFERRED_FUNDS,T02928
R008929,P0267,P0354,TRANSFERRED_FUNDS,T02929
R008930,P0358,P0070,TRANSFERRED_FUNDS,T02930
R008931,P0219,P0322,TRANSFERRED_FUNDS,T02931
R008932,P0160,P0482,TRANSFERRED_FUNDS,T02932
R008933,P0421,P0291,TRANSFERRED_FUNDS,T02933
R008934,P0473,P0455,TRANSFERRED_FUNDS,T02934
R008935,P0042,P0404,TRANSFERRED_FUNDS,T02935
R008936,P0446,P0336,TRANSFERRED_FUNDS,T02936
R008937,P0240,P0046,TRANSFERRED_FUNDS,T02937
R008938,P0361,P0382,TRANSFERRED_FUNDS,T02938
R008939,P0097,P0113,TRANSFERRED_FUNDS,T02939
R008940,P0463,P0179,TRANSFERRED_FUNDS,T02940
R008941,P0478,P0241,TRANSFERRED_FUNDS,T02941
R008942,P0006,P0491,TRANSFERRED_FUNDS,T02942
R008943,P0045,P0191,TRANSFERRED_FUNDS,T02943
R008944,P0477,P0279,TRANSFERRED_FUNDS,T02944
R008945,P0419,P0476,TRANSFERRED_FUNDS,T02945
R008946,P0140,P0342,TRANSFERRED_FUNDS,T02946
R008947,P0029,P0193,TRANSFERRED_FUNDS,T02947
R008948,P0156,P0075,TRANSFERRED_FUNDS,T02948
R008949,P0268,P0390,TRANSFERRED_FUNDS,T02949
R008950,P0306,P0364,TRANSFERRED_FUNDS,T02950
R008951,P0372,P0364,TRANSFERRED_FUNDS,T02951
R008952,P0298,P0172,TRANSFERRED_FUNDS,T02952
R008953,P0120,P0202,TRANSFERRED_FUNDS,T02953
R008954,P0281,P0062,TRANSFERRED_FUNDS,T02954
R008955,P0112,P0404,TRANSFERRED_FUNDS,T02955
R008956,P0392,P0382,TRANSFERRED_FUNDS,T02956
R008957,P0291,P0280,TRANSFERRED_FUNDS,T02957
R008958,P0003,P0460,TRANSFERRED_FUNDS,T02958
R008959,P0085,P0093,TRANSFERRED_FUNDS,T02959
R008960,P0121,P0082,TRANSFERRED_FUNDS,T02960
R008961,P0495,P0471,TRANSFERRED_FUNDS,T02961
R008962,P0264,P0312,TRANSFERRED_FUNDS,T02962
R008963,P0250,P0257,TRANSFERRED_FUNDS,T02963
R008964,P0034,P0231,TRANSFERRED_FUNDS,T02964
R008965,P0447,P0123,TRANSFERRED_FUNDS,T02965
R008966,P0463,P0405,TRANSFERRED_FUNDS,T02966
R008967,P0139,P0188,TRANSFERRED_FUNDS,T02967
R008968,P0105,P0015,TRANSFERRED_FUNDS,T02968
R008969,P0026,P0269,TRANSFERRED_FUNDS,T02969
R008970,P0018,P0490,TRANSFERRED_FUNDS,T02970
R008971,P0167,P0206,TRANSFERRED_FUNDS,T02971
R008972,P0360,P0111,TRANSFERRED_FUNDS,T02972
R008973,P0204,P0241,TRANSFERRED_FUNDS,T02973
R008974,P0148,P0009,TRANSFERRED_FUNDS,T02974
R008975,P0229,P0178,TRANSFERRED_FUNDS,T02975
R008976,P0420,P0295,TRANSFERRED_FUNDS,T02976
R008977,P0143,P0011,TRANSFERRED_FUNDS,T02977
R008978,P0230,P0057,TRANSFERRED_FUNDS,T02978
R008979,P0227,P0320,TRANSFERRED_FUNDS,T02979
R008980,P0010,P0412,TRANSFERRED_FUNDS,T02980
R008981,P0425,P0430,TRANSFERRED_FUNDS,T02981
R008982,P0169,P0111,TRANSFERRED_FUNDS,T02982
R008983,P0140,P0182,TRANSFERRED_FUNDS,T02983
R008984,P0101,P0305,TRANSFERRED_FUNDS,T02984
R008985,P0187,P0445,TRANSFERRED_FUNDS,T02985
R008986,P0368,P0171,TRANSFERRED_FUNDS,T02986
R008987,P0131,P0471,TRANSFERRED_FUNDS,T02987
R008988,P0407,P0076,TRANSFERRED_FUNDS,T02988
R008989,P0264,P0375,TRANSFERRED_FUNDS,T02989
R008990,P0322,P0473,TRANSFERRED_FUNDS,T02990
R008991,P0344,P0123,TRANSFERRED_FUNDS,T02991
R008992,P0307,P0238,TRANSFERRED_FUNDS,T02992
R008993,P0012,P0252,TRANSFERRED_FUNDS,T02993
R008994,P0217,P0066,TRANSFERRED_FUNDS,T02994
R008995,P0168,P0172,TRANSFERRED_FUNDS,T02995
R008996,P0380,P0367,TRANSFERRED_FUNDS,T02996
R008997,P0226,P0238,TRANSFERRED_FUNDS,T02997
R008998,P0436,P0049,TRANSFERRED_FUNDS,T02998
R008999,P0441,P0137,TRANSFERRED_FUNDS,T02999
R009000,P0200,P0240,TRANSFERRED_FUNDS,T03000
R009001,P0484,P0043,ASSOCIATED_WITH,F00001
R009002,P0342,P0211,ASSOCIATED_WITH,F00002
R009003,P0336,P0187,ASSOCIATED_WITH,F00003
R009004,P0359,P0180,ASSOCIATED_WITH,F00004
R009005,P0336,P0400,ASSOCIATED_WITH,F00005
R009006,P0341,P0298,ASSOCIATED_WITH,F00006
R009007,P0442,P0033,ASSOCIATED_WITH,F00007
R009008,P0019,P0100,ASSOCIATED_WITH,F00008
R009009,P0120,P0431,ASSOCIATED_WITH,F00009
R009010,P0369,P0220,ASSOCIATED_WITH,F00010
R009011,P0150,P0421,ASSOCIATED_WITH,F00011
R009012,P0278,P0364,ASSOCIATED_WITH,F00012
R009013,P0227,P0268,ASSOCIATED_WITH,F00013
R009014,P0421,P0027,ASSOCIATED_WITH,F00014
R009015,P0077,P0467,ASSOCIATED_WITH,F00015
R009016,P0399,P0199,ASSOCIATED_WITH,F00016
R009017,P0226,P0460,ASSOCIATED_WITH,F00017
R009018,P0397,P0484,ASSOCIATED_WITH,F00018
R009019,P0177,P0017,ASSOCIATED_WITH,F00019
R009020,P0033,P0271,ASSOCIATED_WITH,F00020
R009021,P0095,P0032,ASSOCIATED_WITH,F00021
R009022,P0427,P0275,ASSOCIATED_WITH,F00022
R009023,P0021,P0299,ASSOCIATED_WITH,F00023
R009024,P0488,P0210,ASSOCIATED_WITH,F00024
R009025,P0159,P0174,ASSOCIATED_WITH,F00025
R009026,P0304,P0349,ASSOCIATED_WITH,F00026
R009027,P0073,P0065,ASSOCIATED_WITH,F00027
R009028,P0330,P0429,ASSOCIATED_WITH,F00028
R009029,P0462,P0135,ASSOCIATED_WITH,F00029
R009030,P0216,P0476,ASSOCIATED_WITH,F00030
R009031,P0021,P0064,ASSOCIATED_WITH,F00031
R009032,P0044,P0328,ASSOCIATED_WITH,F00032
R009033,P0359,P0167,ASSOCIATED_WITH,F00033
R009034,P0421,P0358,ASSOCIATED_WITH,F00034
R009035,P0355,P0115,ASSOCIATED_WITH,F00035
R009036,P0193,P0284,ASSOCIATED_WITH,F00036
R009037,P0343,P0060,ASSOCIATED_WITH,F00037
R009038,P0172,P0448,ASSOCIATED_WITH,F00038
R009039,P0441,P0049,ASSOCIATED_WITH,F00039
R009040,P0300,P0485,ASSOCIATED_WITH,F00040
R009041,P0359,P0040,ASSOCIATED_WITH,F00041
R009042,P0169,P0230,ASSOCIATED_WITH,F00042
R009043,P0219,P0045,ASSOCIATED_WITH,F00043
R009044,P0153,P0485,ASSOCIATED_WITH,F00044
R009045,P0447,P0185,ASSOCIATED_WITH,F00045
R009046,P0080,P0015,ASSOCIATED_WITH,F00046
R009047,P0492,P0141,ASSOCIATED_WITH,F00047
R009048,P0298,P0163,ASSOCIATED_WITH,F00048
R009049,P0072,P0419,ASSOCIATED_WITH,F00049
R009050,P0396,P0330,ASSOCIATED_WITH,F00050
R009051,P0312,P0357,ASSOCIATED_WITH,F00051
R009052,P0059,P0278,ASSOCIATED_WITH,F00052
R009053,P0172,P0125,ASSOCIATED_WITH,F00053
R009054,P0411,P0199,ASSOCIATED_WITH,F00054
R009055,P0113,P0189,ASSOCIATED_WITH,F00055
R009056,P0174,P0443,ASSOCIATED_WITH,F00056
R009057,P0280,P0442,ASSOCIATED_WITH,F00057
R009058,P0016,P0290,ASSOCIATED_WITH,F00058
R009059,P0356,P0290,ASSOCIATED_WITH,F00059
R009060,P0074,P0220,ASSOCIATED_WITH,F00060
R009061,P0226,P0181,ASSOCIATED_WITH,F00061
R009062,P0450,P0023,ASSOCIATED_WITH,F00062
R009063,P0063,P0355,ASSOCIATED_WITH,F00063
R009064,P0417,P0081,ASSOCIATED_WITH,F00064
R009065,P0193,P0381,ASSOCIATED_WITH,F00065
R009066,P0087,P0115,ASSOCIATED_WITH,F00066
R009067,P0170,P0384,ASSOCIATED_WITH,F00067
R009068,P0432,P0191,ASSOCIATED_WITH,F00068
R009069,P0453,P0210,ASSOCIATED_WITH,F00069
R009070,P0355,P0235,ASSOCIATED_WITH,F00070
R009071,P0092,P0151,ASSOCIATED_WITH,F00071
R009072,P0415,P0473,ASSOCIATED_WITH,F00072
R009073,P0001,P0461,ASSOCIATED_WITH,F00073
R009074,P0440,P0338,ASSOCIATED_WITH,F00074
R009075,P0272,P0202,ASSOCIATED_WITH,F00075
R009076,P0409,P0431,ASSOCIATED_WITH,F00076
R009077,P0368,P0345,ASSOCIATED_WITH,F00077
R009078,P0331,P0184,ASSOCIATED_WITH,F00078
R009079,P0323,P0052,ASSOCIATED_WITH,F00079
R009080,P0285,P0292,ASSOCIATED_WITH,F00080
R009081,P0059,P0249,ASSOCIATED_WITH,F00081
R009082,P0223,P0311,ASSOCIATED_WITH,F00082
R009083,P0280,P0253,ASSOCIATED_WITH,F00083
R009084,P0100,P0102,ASSOCIATED_WITH,F00084
R009085,P0143,P0363,ASSOCIATED_WITH,F00085
R009086,P0146,P0112,ASSOCIATED_WITH,F00086
R009087,P0109,P0439,ASSOCIATED_WITH,F00087
R009088,P0490,P0360,ASSOCIATED_WITH,F00088
R009089,P0495,P0416,ASSOCIATED_WITH,F00089
R009090,P0418,P0299,ASSOCIATED_WITH,F00090
R009091,P0364,P0437,ASSOCIATED_WITH,F00091
R009092,P0416,P0120,ASSOCIATED_WITH,F00092
R009093,P0467,P0399,ASSOCIATED_WITH,F00093
R009094,P0219,P0035,ASSOCIATED_WITH,F00094
R009095,P0045,P0268,ASSOCIATED_WITH,F00095
R009096,P0232,P0017,ASSOCIATED_WITH,F00096
R009097,P0220,P0385,ASSOCIATED_WITH,F00097
R009098,P0477,P0111,ASSOCIATED_WITH,F00098
R009099,P0497,P0347,ASSOCIATED_WITH,F00099
R009100,P0075,P0240,ASSOCIATED_WITH,F00100
R009101,P0215,P0220,ASSOCIATED_WITH,F00101
R009102,P0333,P0343,ASSOCIATED_WITH,F00102
R009103,P0251,P0053,ASSOCIATED_WITH,F00103
R009104,P0466,P0127,ASSOCIATED_WITH,F00104
R009105,P0261,P0379,ASSOCIATED_WITH,F00105
R009106,P0103,P0039,ASSOCIATED_WITH,F00106
R009107,P0399,P0231,ASSOCIATED_WITH,F00107
R009108,P0362,P0254,ASSOCIATED_WITH,F00108
R009109,P0186,P0232,ASSOCIATED_WITH,F00109
R009110,P0066,P0173,ASSOCIATED_WITH,F00110
R009111,P0341,P0005,ASSOCIATED_WITH,F00111
R009112,P0157,P0407,ASSOCIATED_WITH,F00112
R009113,P0441,P0383,ASSOCIATED_WITH,F00113
R009114,P0111,P0132,ASSOCIATED_WITH,F00114
R009115,P0078,P0390,ASSOCIATED_WITH,F00115
R009116,P0362,P0079,ASSOCIATED_WITH,F00116
R009117,P0332,P0380,ASSOCIATED_WITH,F00117
R009118,P0234,P0305,ASSOCIATED_WITH,F00118
R009119,P0476,P0107,ASSOCIATED_WITH,F00119
R009120,P0282,P0310,ASSOCIATED_WITH,F00120
R009121,P0351,P0452,ASSOCIATED_WITH,F00121
R009122,P0084,P0422,ASSOCIATED_WITH,F00122
R009123,P0125,P0187,ASSOCIATED_WITH,F00123
R009124,P0317,P0459,ASSOCIATED_WITH,F00124
R009125,P0267,P0205,ASSOCIATED_WITH,F00125
R009126,P0285,P0363,ASSOCIATED_WITH,F00126
R009127,P0053,P0015,ASSOCIATED_WITH,F00127
R009128,P0225,P0121,ASSOCIATED_WITH,F00128
R009129,P0340,P0003,ASSOCIATED_WITH,F00129
R009130,P0395,P0493,ASSOCIATED_WITH,F00130
R009131,P0022,P0042,ASSOCIATED_WITH,F00131
R009132,P0121,P0482,ASSOCIATED_WITH,F00132
R009133,P0137,P0279,ASSOCIATED_WITH,F00133
R009134,P0332,P0452,ASSOCIATED_WITH,F00134
R009135,P0052,P0451,ASSOCIATED_WITH,F00135
R009136,P0252,P0208,ASSOCIATED_WITH,F00136
R009137,P0136,P0221,ASSOCIATED_WITH,F00137
R009138,P0154,P0164,ASSOCIATED_WITH,F00138
R009139,P0234,P0340,ASSOCIATED_WITH,F00139
R009140,P0476,P0393,ASSOCIATED_WITH,F00140
R009141,P0465,P0289,ASSOCIATED_WITH,F00141
R009142,P0366,P0453,ASSOCIATED_WITH,F00142
R009143,P0341,P0468,ASSOCIATED_WITH,F00143
R009144,P0245,P0227,ASSOCIATED_WITH,F00144
R009145,P0031,P0458,ASSOCIATED_WITH,F00145
R009146,P0176,P0101,ASSOCIATED_WITH,F00146
R009147,P0385,P0243,ASSOCIATED_WITH,F00147
R009148,P0388,P0478,ASSOCIATED_WITH,F00148
R009149,P0179,P0418,ASSOCIATED_WITH,F00149
R009150,P0307,P0484,ASSOCIATED_WITH,F00150
R009151,P0009,P0055,ASSOCIATED_WITH,F00151
R009152,P0468,P0087,ASSOCIATED_WITH,F00152
R009153,P0367,P0208,ASSOCIATED_WITH,F00153
R009154,P0185,P0072,ASSOCIATED_WITH,F00154
R009155,P0418,P0177,ASSOCIATED_WITH,F00155
R009156,P0247,P0285,ASSOCIATED_WITH,F00156
R009157,P0419,P0337,ASSOCIATED_WITH,F00157
R009158,P0290,P0366,ASSOCIATED_WITH,F00158
R009159,P0097,P0293,ASSOCIATED_WITH,F00159
R009160,P0058,P0482,ASSOCIATED_WITH,F00160
R009161,P0146,P0155,ASSOCIATED_WITH,F00161
R009162,P0092,P0364,ASSOCIATED_WITH,F00162
R009163,P0330,P0456,ASSOCIATED_WITH,F00163
R009164,P0251,P0136,ASSOCIATED_WITH,F00164
R009165,P0195,P0165,ASSOCIATED_WITH,F00165
R009166,P0484,P0112,ASSOCIATED_WITH,F00166
R009167,P0224,P0260,ASSOCIATED_WITH,F00167
R009168,P0062,P0269,ASSOCIATED_WITH,F00168
R009169,P0444,P0031,ASSOCIATED_WITH,F00169
R009170,P0007,P0439,ASSOCIATED_WITH,F00170
R009171,P0016,P0261,ASSOCIATED_WITH,F00171
R009172,P0324,P0475,ASSOCIATED_WITH,F00172
R009173,P0119,P0267,ASSOCIATED_WITH,F00173
R009174,P0253,P0013,ASSOCIATED_WITH,F00174
R009175,P0278,P0086,ASSOCIATED_WITH,F00175
R009176,P0232,P0252,ASSOCIATED_WITH,F00176
R009177,P0407,P0208,ASSOCIATED_WITH,F00177
R009178,P0336,P0305,ASSOCIATED_WITH,F00178
R009179,P0448,P0144,ASSOCIATED_WITH,F00179
R009180,P0082,P0412,ASSOCIATED_WITH,F00180
R009181,P0299,P0038,ASSOCIATED_WITH,F00181
R009182,P0281,P0486,ASSOCIATED_WITH,F00182
R009183,P0015,P0323,ASSOCIATED_WITH,F00183
R009184,P0165,P0284,ASSOCIATED_WITH,F00184
R009185,P0267,P0077,ASSOCIATED_WITH,F00185
R009186,P0378,P0107,ASSOCIATED_WITH,F00186
R009187,P0010,P0382,ASSOCIATED_WITH,F00187
R009188,P0123,P0417,ASSOCIATED_WITH,F00188
R009189,P0470,P0052,ASSOCIATED_WITH,F00189
R009190,P0302,P0148,ASSOCIATED_WITH,F00190
R009191,P0304,P0259,ASSOCIATED_WITH,F00191
R009192,P0209,P0049,ASSOCIATED_WITH,F00192
R009193,P0286,P0282,ASSOCIATED_WITH,F00193
R009194,P0279,P0384,ASSOCIATED_WITH,F00194
R009195,P0213,P0179,ASSOCIATED_WITH,F00195
R009196,P0085,P0344,ASSOCIATED_WITH,F00196
R009197,P0071,P0329,ASSOCIATED_WITH,F00197
R009198,P0092,P0295,ASSOCIATED_WITH,F00198
R009199,P0480,P0145,ASSOCIATED_WITH,F00199
R009200,P0474,P0350,ASSOCIATED_WITH,F00200
R009201,P0249,P0110,ASSOCIATED_WITH,F00201
R009202,P0432,P0367,ASSOCIATED_WITH,F00202
R009203,P0304,P0067,ASSOCIATED_WITH,F00203
R009204,P0144,P0492,ASSOCIATED_WITH,F00204
R009205,P0445,P0281,ASSOCIATED_WITH,F00205
R009206,P0076,P0016,ASSOCIATED_WITH,F00206
R009207,P0364,P0248,ASSOCIATED_WITH,F00207
R009208,P0479,P0450,ASSOCIATED_WITH,F00208
R009209,P0315,P0014,ASSOCIATED_WITH,F00209
R009210,P0340,P0277,ASSOCIATED_WITH,F00210
R009211,P0010,P0209,ASSOCIATED_WITH,F00211
R009212,P0141,P0123,ASSOCIATED_WITH,F00212
R009213,P0084,P0128,ASSOCIATED_WITH,F00213
R009214,P0448,P0070,ASSOCIATED_WITH,F00214
R009215,P0189,P0455,ASSOCIATED_WITH,F00215
R009216,P0252,P0226,ASSOCIATED_WITH,F00216
R009217,P0202,P0321,ASSOCIATED_WITH,F00217
R009218,P0337,P0405,ASSOCIATED_WITH,F00218
R009219,P0112,P0124,ASSOCIATED_WITH,F00219
R009220,P0399,P0357,ASSOCIATED_WITH,F00220
R009221,P0230,P0408,ASSOCIATED_WITH,F00221
R009222,P0018,P0127,ASSOCIATED_WITH,F00222
R009223,P0176,P0210,ASSOCIATED_WITH,F00223
R009224,P0419,P0422,ASSOCIATED_WITH,F00224
R009225,P0370,P0325,ASSOCIATED_WITH,F00225
R009226,P0112,P0446,ASSOCIATED_WITH,F00226
R009227,P0126,P0212,ASSOCIATED_WITH,F00227
R009228,P0115,P0479,ASSOCIATED_WITH,F00228
R009229,P0315,P0259,ASSOCIATED_WITH,F00229
R009230,P0282,P0239,ASSOCIATED_WITH,F00230
R009231,P0292,P0493,ASSOCIATED_WITH,F00231
R009232,P0437,P0470,ASSOCIATED_WITH,F00232
R009233,P0136,P0066,ASSOCIATED_WITH,F00233
R009234,P0450,P0419,ASSOCIATED_WITH,F00234
R009235,P0061,P0391,ASSOCIATED_WITH,F00235
R009236,P0451,P0205,ASSOCIATED_WITH,F00236
R009237,P0383,P0391,ASSOCIATED_WITH,F00237
R009238,P0478,P0273,ASSOCIATED_WITH,F00238
R009239,P0162,P0460,ASSOCIATED_WITH,F00239
R009240,P0031,P0444,ASSOCIATED_WITH,F00240
R009241,P0476,P0088,ASSOCIATED_WITH,F00241
R009242,P0385,P0167,ASSOCIATED_WITH,F00242
R009243,P0436,P0446,ASSOCIATED_WITH,F00243
R009244,P0038,P0115,ASSOCIATED_WITH,F00244
R009245,P0324,P0452,ASSOCIATED_WITH,F00245
R009246,P0478,P0097,ASSOCIATED_WITH,F00246
R009247,P0126,P0124,ASSOCIATED_WITH,F00247
R009248,P0462,P0431,ASSOCIATED_WITH,F00248
R009249,P0356,P0166,ASSOCIATED_WITH,F00249
R009250,P0021,P0200,ASSOCIATED_WITH,F00250
R009251,P0492,P0156,ASSOCIATED_WITH,F00251
R009252,P0138,P0410,ASSOCIATED_WITH,F00252
R009253,P0354,P0223,ASSOCIATED_WITH,F00253
R009254,P0443,P0377,ASSOCIATED_WITH,F00254
R009255,P0298,P0012,ASSOCIATED_WITH,F00255
R009256,P0096,P0009,ASSOCIATED_WITH,F00256
R009257,P0085,P0420,ASSOCIATED_WITH,F00257
R009258,P0110,P0296,ASSOCIATED_WITH,F00258
R009259,P0116,P0228,ASSOCIATED_WITH,F00259
R009260,P0197,P0278,ASSOCIATED_WITH,F00260
R009261,P0177,P0214,ASSOCIATED_WITH,F00261
R009262,P0211,P0405,ASSOCIATED_WITH,F00262
R009263,P0135,P0266,ASSOCIATED_WITH,F00263
R009264,P0026,P0200,ASSOCIATED_WITH,F00264
R009265,P0135,P0344,ASSOCIATED_WITH,F00265
R009266,P0430,P0452,ASSOCIATED_WITH,F00266
R009267,P0214,P0094,ASSOCIATED_WITH,F00267
R009268,P0035,P0306,ASSOCIATED_WITH,F00268
R009269,P0315,P0154,ASSOCIATED_WITH,F00269
R009270,P0399,P0076,ASSOCIATED_WITH,F00270
R009271,P0212,P0350,ASSOCIATED_WITH,F00271
R009272,P0394,P0194,ASSOCIATED_WITH,F00272
R009273,P0395,P0244,ASSOCIATED_WITH,F00273
R009274,P0013,P0416,ASSOCIATED_WITH,F00274
R009275,P0450,P0363,ASSOCIATED_WITH,F00275
R009276,P0053,P0081,ASSOCIATED_WITH,F00276
R009277,P0365,P0082,ASSOCIATED_WITH,F00277
R009278,P0266,P0438,ASSOCIATED_WITH,F00278
R009279,P0112,P0301,ASSOCIATED_WITH,F00279
R009280,P0026,P0291,ASSOCIATED_WITH,F00280
R009281,P0102,P0437,ASSOCIATED_WITH,F00281
R009282,P0172,P0059,ASSOCIATED_WITH,F00282
R009283,P0432,P0083,ASSOCIATED_WITH,F00283
R009284,P0447,P0414,ASSOCIATED_WITH,F00284
R009285,P0305,P0182,ASSOCIATED_WITH,F00285
R009286,P0026,P0293,ASSOCIATED_WITH,F00286
R009287,P0082,P0499,ASSOCIATED_WITH,F00287
R009288,P0485,P0071,ASSOCIATED_WITH,F00288
R009289,P0479,P0272,ASSOCIATED_WITH,F00289
R009290,P0208,P0110,ASSOCIATED_WITH,F00290
R009291,P0208,P0030,ASSOCIATED_WITH,F00291
R009292,P0262,P0137,ASSOCIATED_WITH,F00292
R009293,P0012,P0008,ASSOCIATED_WITH,F00293
R009294,P0489,P0021,ASSOCIATED_WITH,F00294
R009295,P0373,P0014,ASSOCIATED_WITH,F00295
R009296,P0006,P0083,ASSOCIATED_WITH,F00296
R009297,P0258,P0362,ASSOCIATED_WITH,F00297
R009298,P0105,P0113,ASSOCIATED_WITH,F00298
R009299,P0062,P0491,ASSOCIATED_WITH,F00299
R009300,P0489,P0091,ASSOCIATED_WITH,F00300
R009301,P0337,P0144,ASSOCIATED_WITH,F00301
R009302,P0238,P0297,ASSOCIATED_WITH,F00302
R009303,P0338,P0459,ASSOCIATED_WITH,F00303
R009304,P0199,P0282,ASSOCIATED_WITH,F00304
R009305,P0371,P0285,ASSOCIATED_WITH,F00305
R009306,P0438,P0202,ASSOCIATED_WITH,F00306
R009307,P0340,P0061,ASSOCIATED_WITH,F00307
R009308,P0360,P0392,ASSOCIATED_WITH,F00308
R009309,P0185,P0450,ASSOCIATED_WITH,F00309
R009310,P0138,P0399,ASSOCIATED_WITH,F00310
R009311,P0094,P0228,ASSOCIATED_WITH,F00311
R009312,P0220,P0284,ASSOCIATED_WITH,F00312
R009313,P0153,P0444,ASSOCIATED_WITH,F00313
R009314,P0497,P0253,ASSOCIATED_WITH,F00314
R009315,P0267,P0212,ASSOCIATED_WITH,F00315
R009316,P0424,P0366,ASSOCIATED_WITH,F00316
R009317,P0164,P0389,ASSOCIATED_WITH,F00317
R009318,P0336,P0204,ASSOCIATED_WITH,F00318
R009319,P0452,P0286,ASSOCIATED_WITH,F00319
R009320,P0114,P0310,ASSOCIATED_WITH,F00320
R009321,P0038,P0109,ASSOCIATED_WITH,F00321
R009322,P0171,P0339,ASSOCIATED_WITH,F00322
R009323,P0121,P0395,ASSOCIATED_WITH,F00323
R009324,P0066,P0041,ASSOCIATED_WITH,F00324
R009325,P0187,P0232,ASSOCIATED_WITH,F00325
R009326,P0166,P0472,ASSOCIATED_WITH,F00326
R009327,P0292,P0352,ASSOCIATED_WITH,F00327
R009328,P0001,P0276,ASSOCIATED_WITH,F00328
R009329,P0465,P0082,ASSOCIATED_WITH,F00329
R009330,P0022,P0475,ASSOCIATED_WITH,F00330
R009331,P0026,P0441,ASSOCIATED_WITH,F00331
R009332,P0352,P0060,ASSOCIATED_WITH,F00332
R009333,P0164,P0238,ASSOCIATED_WITH,F00333
R009334,P0054,P0106,ASSOCIATED_WITH,F00334
R009335,P0466,P0484,ASSOCIATED_WITH,F00335
R009336,P0215,P0420,ASSOCIATED_WITH,F00336
R009337,P0078,P0285,ASSOCIATED_WITH,F00337
R009338,P0300,P0140,ASSOCIATED_WITH,F00338
R009339,P0326,P0444,ASSOCIATED_WITH,F00339
R009340,P0386,P0453,ASSOCIATED_WITH,F00340
R009341,P0341,P0031,ASSOCIATED_WITH,F00341
R009342,P0173,P0101,ASSOCIATED_WITH,F00342
R009343,P0392,P0034,ASSOCIATED_WITH,F00343
R009344,P0430,P0128,ASSOCIATED_WITH,F00344
R009345,P0398,P0333,ASSOCIATED_WITH,F00345
R009346,P0002,P0443,ASSOCIATED_WITH,F00346
R009347,P0149,P0304,ASSOCIATED_WITH,F00347
R009348,P0278,P0131,ASSOCIATED_WITH,F00348
R009349,P0058,P0447,ASSOCIATED_WITH,F00349
R009350,P0196,P0076,ASSOCIATED_WITH,F00350
R009351,P0158,P0065,ASSOCIATED_WITH,F00351
R009352,P0004,P0387,ASSOCIATED_WITH,F00352
R009353,P0447,P0059,ASSOCIATED_WITH,F00353
R009354,P0160,P0359,ASSOCIATED_WITH,F00354
R009355,P0358,P0286,ASSOCIATED_WITH,F00355
R009356,P0172,P0303,ASSOCIATED_WITH,F00356
R009357,P0346,P0144,ASSOCIATED_WITH,F00357
R009358,P0164,P0213,ASSOCIATED_WITH,F00358
R009359,P0306,P0063,ASSOCIATED_WITH,F00359
R009360,P0027,P0451,ASSOCIATED_WITH,F00360
R009361,P0318,P0100,ASSOCIATED_WITH,F00361
R009362,P0328,P0397,ASSOCIATED_WITH,F00362
R009363,P0029,P0111,ASSOCIATED_WITH,F00363
R009364,P0352,P0296,ASSOCIATED_WITH,F00364
R009365,P0020,P0127,ASSOCIATED_WITH,F00365
R009366,P0213,P0413,ASSOCIATED_WITH,F00366
R009367,P0094,P0285,ASSOCIATED_WITH,F00367
R009368,P0121,P0421,ASSOCIATED_WITH,F00368
R009369,P0089,P0249,ASSOCIATED_WITH,F00369
R009370,P0309,P0183,ASSOCIATED_WITH,F00370
R009371,P0388,P0218,ASSOCIATED_WITH,F00371
R009372,P0131,P0076,ASSOCIATED_WITH,F00372
R009373,P0423,P0089,ASSOCIATED_WITH,F00373
R009374,P0215,P0073,ASSOCIATED_WITH,F00374
R009375,P0074,P0243,ASSOCIATED_WITH,F00375
R009376,P0184,P0308,ASSOCIATED_WITH,F00376
R009377,P0106,P0056,ASSOCIATED_WITH,F00377
R009378,P0305,P0137,ASSOCIATED_WITH,F00378
R009379,P0481,P0258,ASSOCIATED_WITH,F00379
R009380,P0258,P0039,ASSOCIATED_WITH,F00380
R009381,P0329,P0092,ASSOCIATED_WITH,F00381
R009382,P0027,P0433,ASSOCIATED_WITH,F00382
R009383,P0014,P0190,ASSOCIATED_WITH,F00383
R009384,P0377,P0173,ASSOCIATED_WITH,F00384
R009385,P0182,P0368,ASSOCIATED_WITH,F00385
R009386,P0334,P0478,ASSOCIATED_WITH,F00386
R009387,P0410,P0029,ASSOCIATED_WITH,F00387
R009388,P0367,P0402,ASSOCIATED_WITH,F00388
R009389,P0135,P0379,ASSOCIATED_WITH,F00389
R009390,P0401,P0301,ASSOCIATED_WITH,F00390
R009391,P0403,P0202,ASSOCIATED_WITH,F00391
R009392,P0081,P0183,ASSOCIATED_WITH,F00392
R009393,P0247,P0351,ASSOCIATED_WITH,F00393
R009394,P0417,P0305,ASSOCIATED_WITH,F00394
R009395,P0181,P0116,ASSOCIATED_WITH,F00395
R009396,P0395,P0429,ASSOCIATED_WITH,F00396
R009397,P0202,P0127,ASSOCIATED_WITH,F00397
R009398,P0450,P0022,ASSOCIATED_WITH,F00398
R009399,P0451,P0126,ASSOCIATED_WITH,F00399
R009400,P0059,P0398,ASSOCIATED_WITH,F00400
R009401,P0103,P0341,ASSOCIATED_WITH,F00401
R009402,P0432,P0124,ASSOCIATED_WITH,F00402
R009403,P0444,P0131,ASSOCIATED_WITH,F00403
R009404,P0193,P0493,ASSOCIATED_WITH,F00404
R009405,P0295,P0026,ASSOCIATED_WITH,F00405
R009406,P0455,P0245,ASSOCIATED_WITH,F00406
R009407,P0496,P0396,ASSOCIATED_WITH,F00407
R009408,P0315,P0251,ASSOCIATED_WITH,F00408
R009409,P0350,P0452,ASSOCIATED_WITH,F00409
R009410,P0188,P0397,ASSOCIATED_WITH,F00410
R009411,P0258,P0337,ASSOCIATED_WITH,F00411
R009412,P0255,P0479,ASSOCIATED_WITH,F00412
R009413,P0287,P0405,ASSOCIATED_WITH,F00413
R009414,P0236,P0478,ASSOCIATED_WITH,F00414
R009415,P0096,P0033,ASSOCIATED_WITH,F00415
R009416,P0298,P0432,ASSOCIATED_WITH,F00416
R009417,P0055,P0499,ASSOCIATED_WITH,F00417
R009418,P0102,P0450,ASSOCIATED_WITH,F00418
R009419,P0137,P0269,ASSOCIATED_WITH,F00419
R009420,P0489,P0066,ASSOCIATED_WITH,F00420
R009421,P0324,P0339,ASSOCIATED_WITH,F00421
R009422,P0015,P0159,ASSOCIATED_WITH,F00422
R009423,P0420,P0044,ASSOCIATED_WITH,F00423
R009424,P0456,P0304,ASSOCIATED_WITH,F00424
R009425,P0204,P0339,ASSOCIATED_WITH,F00425
R009426,P0424,P0047,ASSOCIATED_WITH,F00426
R009427,P0327,P0112,ASSOCIATED_WITH,F00427
R009428,P0010,P0012,ASSOCIATED_WITH,F00428
R009429,P0137,P0244,ASSOCIATED_WITH,F00429
R009430,P0190,P0052,ASSOCIATED_WITH,F00430
R009431,P0389,P0100,ASSOCIATED_WITH,F00431
R009432,P0275,P0042,ASSOCIATED_WITH,F00432
R009433,P0221,P0046,ASSOCIATED_WITH,F00433
R009434,P0133,P0039,ASSOCIATED_WITH,F00434
R009435,P0409,P0242,ASSOCIATED_WITH,F00435
R009436,P0143,P0440,ASSOCIATED_WITH,F00436
R009437,P0093,P0457,ASSOCIATED_WITH,F00437
R009438,P0029,P0260,ASSOCIATED_WITH,F00438
R009439,P0016,P0407,ASSOCIATED_WITH,F00439
R009440,P0013,P0115,ASSOCIATED_WITH,F00440
R009441,P0109,P0139,ASSOCIATED_WITH,F00441
R009442,P0307,P0455,ASSOCIATED_WITH,F00442
R009443,P0312,P0125,ASSOCIATED_WITH,F00443
R009444,P0096,P0023,ASSOCIATED_WITH,F00444
R009445,P0480,P0146,ASSOCIATED_WITH,F00445
R009446,P0178,P0437,ASSOCIATED_WITH,F00446
R009447,P0155,P0349,ASSOCIATED_WITH,F00447
R009448,P0284,P0015,ASSOCIATED_WITH,F00448
R009449,P0425,P0295,ASSOCIATED_WITH,F00449
R009450,P0257,P0030,ASSOCIATED_WITH,F00450
R009451,P0085,P0030,ASSOCIATED_WITH,F00451
R009452,P0234,P0452,ASSOCIATED_WITH,F00452
R009453,P0323,P0282,ASSOCIATED_WITH,F00453
R009454,P0293,P0199,ASSOCIATED_WITH,F00454
R009455,P0271,P0488,ASSOCIATED_WITH,F00455
R009456,P0476,P0121,ASSOCIATED_WITH,F00456
R009457,P0261,P0352,ASSOCIATED_WITH,F00457
R009458,P0078,P0101,ASSOCIATED_WITH,F00458
R009459,P0098,P0222,ASSOCIATED_WITH,F00459
R009460,P0051,P0500,ASSOCIATED_WITH,F00460
R009461,P0401,P0242,ASSOCIATED_WITH,F00461
R009462,P0107,P0150,ASSOCIATED_WITH,F00462
R009463,P0272,P0263,ASSOCIATED_WITH,F00463
R009464,P0500,P0313,ASSOCIATED_WITH,F00464
R009465,P0165,P0136,ASSOCIATED_WITH,F00465
R009466,P0388,P0274,ASSOCIATED_WITH,F00466
R009467,P0420,P0351,ASSOCIATED_WITH,F00467
R009468,P0080,P0261,ASSOCIATED_WITH,F00468
R009469,P0122,P0283,ASSOCIATED_WITH,F00469
R009470,P0174,P0418,ASSOCIATED_WITH,F00470
R009471,P0314,P0487,ASSOCIATED_WITH,F00471
R009472,P0021,P0169,ASSOCIATED_WITH,F00472
R009473,P0449,P0069,ASSOCIATED_WITH,F00473
R009474,P0300,P0265,ASSOCIATED_WITH,F00474
R009475,P0228,P0254,ASSOCIATED_WITH,F00475
R009476,P0345,P0130,ASSOCIATED_WITH,F00476
R009477,P0190,P0126,ASSOCIATED_WITH,F00477
R009478,P0317,P0424,ASSOCIATED_WITH,F00478
R009479,P0363,P0207,ASSOCIATED_WITH,F00479
R009480,P0231,P0316,ASSOCIATED_WITH,F00480
R009481,P0115,P0175,ASSOCIATED_WITH,F00481
R009482,P0202,P0021,ASSOCIATED_WITH,F00482
R009483,P0107,P0285,ASSOCIATED_WITH,F00483
R009484,P0265,P0333,ASSOCIATED_WITH,F00484
R009485,P0482,P0240,ASSOCIATED_WITH,F00485
R009486,P0128,P0357,ASSOCIATED_WITH,F00486
R009487,P0320,P0149,ASSOCIATED_WITH,F00487
R009488,P0128,P0016,ASSOCIATED_WITH,F00488
R009489,P0115,P0012,ASSOCIATED_WITH,F00489
R009490,P0257,P0059,ASSOCIATED_WITH,F00490
R009491,P0396,P0237,ASSOCIATED_WITH,F00491
R009492,P0494,P0400,ASSOCIATED_WITH,F00492
R009493,P0163,P0273,ASSOCIATED_WITH,F00493
R009494,P0495,P0255,ASSOCIATED_WITH,F00494
R009495,P0337,P0076,ASSOCIATED_WITH,F00495
R009496,P0074,P0269,ASSOCIATED_WITH,F00496
R009497,P0489,P0480,ASSOCIATED_WITH,F00497
R009498,P0295,P0043,ASSOCIATED_WITH,F00498
R009499,P0410,P0002,ASSOCIATED_WITH,F00499
R009500,P0401,P0388,ASSOCIATED_WITH,F00500
R009501,P0481,P0355,ASSOCIATED_WITH,F00501
R009502,P0180,P0437,ASSOCIATED_WITH,F00502
R009503,P0157,P0048,ASSOCIATED_WITH,F00503
R009504,P0315,P0050,ASSOCIATED_WITH,F00504
R009505,P0119,P0057,ASSOCIATED_WITH,F00505
R009506,P0475,P0031,ASSOCIATED_WITH,F00506
R009507,P0413,P0445,ASSOCIATED_WITH,F00507
R009508,P0442,P0439,ASSOCIATED_WITH,F00508
R009509,P0388,P0071,ASSOCIATED_WITH,F00509
R009510,P0393,P0079,ASSOCIATED_WITH,F00510
R009511,P0264,P0443,ASSOCIATED_WITH,F00511
R009512,P0293,P0472,ASSOCIATED_WITH,F00512
R009513,P0024,P0289,ASSOCIATED_WITH,F00513
R009514,P0362,P0338,ASSOCIATED_WITH,F00514
R009515,P0093,P0414,ASSOCIATED_WITH,F00515
R009516,P0012,P0291,ASSOCIATED_WITH,F00516
R009517,P0032,P0388,ASSOCIATED_WITH,F00517
R009518,P0275,P0304,ASSOCIATED_WITH,F00518
R009519,P0013,P0345,ASSOCIATED_WITH,F00519
R009520,P0343,P0359,ASSOCIATED_WITH,F00520
R009521,P0007,P0178,ASSOCIATED_WITH,F00521
R009522,P0478,P0257,ASSOCIATED_WITH,F00522
R009523,P0233,P0412,ASSOCIATED_WITH,F00523
R009524,P0162,P0190,ASSOCIATED_WITH,F00524
R009525,P0414,P0162,ASSOCIATED_WITH,F00525
R009526,P0076,P0144,ASSOCIATED_WITH,F00526
R009527,P0330,P0444,ASSOCIATED_WITH,F00527
R009528,P0289,P0087,ASSOCIATED_WITH,F00528
R009529,P0205,P0086,ASSOCIATED_WITH,F00529
R009530,P0284,P0115,ASSOCIATED_WITH,F00530
R009531,P0304,P0163,ASSOCIATED_WITH,F00531
R009532,P0266,P0381,ASSOCIATED_WITH,F00532
R009533,P0128,P0351,ASSOCIATED_WITH,F00533
R009534,P0470,P0194,ASSOCIATED_WITH,F00534
R009535,P0194,P0041,ASSOCIATED_WITH,F00535
R009536,P0320,P0013,ASSOCIATED_WITH,F00536
R009537,P0292,P0328,ASSOCIATED_WITH,F00537
R009538,P0468,P0078,ASSOCIATED_WITH,F00538
R009539,P0027,P0380,ASSOCIATED_WITH,F00539
R009540,P0486,P0124,ASSOCIATED_WITH,F00540
R009541,P0304,P0209,ASSOCIATED_WITH,F00541
R009542,P0495,P0142,ASSOCIATED_WITH,F00542
R009543,P0462,P0293,ASSOCIATED_WITH,F00543
R009544,P0008,P0131,ASSOCIATED_WITH,F00544
R009545,P0293,P0029,ASSOCIATED_WITH,F00545
R009546,P0358,P0376,ASSOCIATED_WITH,F00546
R009547,P0134,P0155,ASSOCIATED_WITH,F00547
R009548,P0227,P0008,ASSOCIATED_WITH,F00548
R009549,P0325,P0443,ASSOCIATED_WITH,F00549
R009550,P0444,P0174,ASSOCIATED_WITH,F00550
R009551,P0132,P0011,ASSOCIATED_WITH,F00551
R009552,P0118,P0273,ASSOCIATED_WITH,F00552
R009553,P0159,P0020,ASSOCIATED_WITH,F00553
R009554,P0440,P0249,ASSOCIATED_WITH,F00554
R009555,P0490,P0329,ASSOCIATED_WITH,F00555
R009556,P0057,P0221,ASSOCIATED_WITH,F00556
R009557,P0474,P0183,ASSOCIATED_WITH,F00557
R009558,P0431,P0491,ASSOCIATED_WITH,F00558
R009559,P0336,P0013,ASSOCIATED_WITH,F00559
R009560,P0494,P0364,ASSOCIATED_WITH,F00560
R009561,P0315,P0430,ASSOCIATED_WITH,F00561
R009562,P0478,P0017,ASSOCIATED_WITH,F00562
R009563,P0399,P0329,ASSOCIATED_WITH,F00563
R009564,P0354,P0052,ASSOCIATED_WITH,F00564
R009565,P0300,P0361,ASSOCIATED_WITH,F00565
R009566,P0276,P0034,ASSOCIATED_WITH,F00566
R009567,P0441,P0306,ASSOCIATED_WITH,F00567
R009568,P0051,P0425,ASSOCIATED_WITH,F00568
R009569,P0030,P0213,ASSOCIATED_WITH,F00569
R009570,P0194,P0247,ASSOCIATED_WITH,F00570
R009571,P0319,P0063,ASSOCIATED_WITH,F00571
R009572,P0125,P0489,ASSOCIATED_WITH,F00572
R009573,P0274,P0392,ASSOCIATED_WITH,F00573
R009574,P0258,P0304,ASSOCIATED_WITH,F00574
R009575,P0411,P0218,ASSOCIATED_WITH,F00575
R009576,P0340,P0163,ASSOCIATED_WITH,F00576
R009577,P0277,P0225,ASSOCIATED_WITH,F00577
R009578,P0473,P0455,ASSOCIATED_WITH,F00578
R009579,P0306,P0459,ASSOCIATED_WITH,F00579
R009580,P0011,P0494,ASSOCIATED_WITH,F00580
R009581,P0493,P0432,ASSOCIATED_WITH,F00581
R009582,P0404,P0221,ASSOCIATED_WITH,F00582
R009583,P0316,P0403,ASSOCIATED_WITH,F00583
R009584,P0090,P0258,ASSOCIATED_WITH,F00584
R009585,P0391,P0125,ASSOCIATED_WITH,F00585
R009586,P0149,P0468,ASSOCIATED_WITH,F00586
R009587,P0121,P0157,ASSOCIATED_WITH,F00587
R009588,P0038,P0190,ASSOCIATED_WITH,F00588
R009589,P0276,P0114,ASSOCIATED_WITH,F00589
R009590,P0259,P0093,ASSOCIATED_WITH,F00590
R009591,P0149,P0472,ASSOCIATED_WITH,F00591
R009592,P0023,P0078,ASSOCIATED_WITH,F00592
R009593,P0139,P0027,ASSOCIATED_WITH,F00593
R009594,P0439,P0102,ASSOCIATED_WITH,F00594
R009595,P0321,P0240,ASSOCIATED_WITH,F00595
R009596,P0306,P0200,ASSOCIATED_WITH,F00596
R009597,P0469,P0044,ASSOCIATED_WITH,F00597
R009598,P0222,P0032,ASSOCIATED_WITH,F00598
R009599,P0047,P0076,ASSOCIATED_WITH,F00599
R009600,P0329,P0420,ASSOCIATED_WITH,F00600
R009601,P0152,P0304,ASSOCIATED_WITH,F00601
R009602,P0429,P0251,ASSOCIATED_WITH,F00602
R009603,P0432,P0261,ASSOCIATED_WITH,F00603
R009604,P0242,P0326,ASSOCIATED_WITH,F00604
R009605,P0497,P0380,ASSOCIATED_WITH,F00605
R009606,P0267,P0324,ASSOCIATED_WITH,F00606
R009607,P0320,P0091,ASSOCIATED_WITH,F00607
R009608,P0092,P0274,ASSOCIATED_WITH,F00608
R009609,P0118,P0458,ASSOCIATED_WITH,F00609
R009610,P0433,P0357,ASSOCIATED_WITH,F00610
R009611,P0161,P0335,ASSOCIATED_WITH,F00611
R009612,P0085,P0213,ASSOCIATED_WITH,F00612
R009613,P0262,P0281,ASSOCIATED_WITH,F00613
R009614,P0170,P0077,ASSOCIATED_WITH,F00614
R009615,P0195,P0420,ASSOCIATED_WITH,F00615
R009616,P0411,P0259,ASSOCIATED_WITH,F00616
R009617,P0206,P0296,ASSOCIATED_WITH,F00617
R009618,P0445,P0470,ASSOCIATED_WITH,F00618
R009619,P0042,P0326,ASSOCIATED_WITH,F00619
R009620,P0456,P0201,ASSOCIATED_WITH,F00620
R009621,P0361,P0266,ASSOCIATED_WITH,F00621
R009622,P0027,P0014,ASSOCIATED_WITH,F00622
R009623,P0076,P0095,ASSOCIATED_WITH,F00623
R009624,P0229,P0202,ASSOCIATED_WITH,F00624
R009625,P0331,P0229,ASSOCIATED_WITH,F00625
R009626,P0139,P0091,ASSOCIATED_WITH,F00626
R009627,P0272,P0163,ASSOCIATED_WITH,F00627
R009628,P0134,P0126,ASSOCIATED_WITH,F00628
R009629,P0453,P0448,ASSOCIATED_WITH,F00629
R009630,P0167,P0460,ASSOCIATED_WITH,F00630
R009631,P0482,P0364,ASSOCIATED_WITH,F00631
R009632,P0150,P0165,ASSOCIATED_WITH,F00632
R009633,P0088,P0166,ASSOCIATED_WITH,F00633
R009634,P0151,P0359,ASSOCIATED_WITH,F00634
R009635,P0489,P0113,ASSOCIATED_WITH,F00635
R009636,P0497,P0144,ASSOCIATED_WITH,F00636
R009637,P0261,P0155,ASSOCIATED_WITH,F00637
R009638,P0313,P0491,ASSOCIATED_WITH,F00638
R009639,P0044,P0310,ASSOCIATED_WITH,F00639
R009640,P0120,P0109,ASSOCIATED_WITH,F00640
R009641,P0473,P0412,ASSOCIATED_WITH,F00641
R009642,P0176,P0068,ASSOCIATED_WITH,F00642
R009643,P0318,P0223,ASSOCIATED_WITH,F00643
R009644,P0018,P0045,ASSOCIATED_WITH,F00644
R009645,P0399,P0372,ASSOCIATED_WITH,F00645
R009646,P0139,P0280,ASSOCIATED_WITH,F00646
R009647,P0048,P0289,ASSOCIATED_WITH,F00647
R009648,P0186,P0155,ASSOCIATED_WITH,F00648
R009649,P0329,P0204,ASSOCIATED_WITH,F00649
R009650,P0203,P0158,ASSOCIATED_WITH,F00650
R009651,P0282,P0313,ASSOCIATED_WITH,F00651
R009652,P0351,P0092,ASSOCIATED_WITH,F00652
R009653,P0360,P0127,ASSOCIATED_WITH,F00653
R009654,P0462,P0091,ASSOCIATED_WITH,F00654
R009655,P0261,P0201,ASSOCIATED_WITH,F00655
R009656,P0162,P0287,ASSOCIATED_WITH,F00656
R009657,P0293,P0136,ASSOCIATED_WITH,F00657
R009658,P0221,P0365,ASSOCIATED_WITH,F00658
R009659,P0158,P0173,ASSOCIATED_WITH,F00659
R009660,P0099,P0394,ASSOCIATED_WITH,F00660
R009661,P0056,P0330,ASSOCIATED_WITH,F00661
R009662,P0114,P0442,ASSOCIATED_WITH,F00662
R009663,P0271,P0469,ASSOCIATED_WITH,F00663
R009664,P0120,P0473,ASSOCIATED_WITH,F00664
R009665,P0485,P0422,ASSOCIATED_WITH,F00665
R009666,P0122,P0380,ASSOCIATED_WITH,F00666
R009667,P0233,P0071,ASSOCIATED_WITH,F00667
R009668,P0323,P0169,ASSOCIATED_WITH,F00668
R009669,P0215,P0014,ASSOCIATED_WITH,F00669
R009670,P0454,P0070,ASSOCIATED_WITH,F00670
R009671,P0369,P0399,ASSOCIATED_WITH,F00671
R009672,P0444,P0087,ASSOCIATED_WITH,F00672
R009673,P0327,P0076,ASSOCIATED_WITH,F00673
R009674,P0193,P0453,ASSOCIATED_WITH,F00674
R009675,P0493,P0147,ASSOCIATED_WITH,F00675
R009676,P0083,P0283,ASSOCIATED_WITH,F00676
R009677,P0476,P0101,ASSOCIATED_WITH,F00677
R009678,P0065,P0401,ASSOCIATED_WITH,F00678
R009679,P0005,P0329,ASSOCIATED_WITH,F00679
R009680,P0154,P0148,ASSOCIATED_WITH,F00680
R009681,P0256,P0493,ASSOCIATED_WITH,F00681
R009682,P0248,P0091,ASSOCIATED_WITH,F00682
R009683,P0230,P0086,ASSOCIATED_WITH,F00683
R009684,P0489,P0422,ASSOCIATED_WITH,F00684
R009685,P0419,P0078,ASSOCIATED_WITH,F00685
R009686,P0148,P0287,ASSOCIATED_WITH,F00686
R009687,P0187,P0189,ASSOCIATED_WITH,F00687
R009688,P0129,P0489,ASSOCIATED_WITH,F00688
R009689,P0410,P0392,ASSOCIATED_WITH,F00689
R009690,P0113,P0172,ASSOCIATED_WITH,F00690
R009691,P0392,P0056,ASSOCIATED_WITH,F00691
R009692,P0428,P0391,ASSOCIATED_WITH,F00692
R009693,P0452,P0359,ASSOCIATED_WITH,F00693
R009694,P0006,P0095,ASSOCIATED_WITH,F00694
R009695,P0144,P0410,ASSOCIATED_WITH,F00695
R009696,P0298,P0209,ASSOCIATED_WITH,F00696
R009697,P0150,P0362,ASSOCIATED_WITH,F00697
R009698,P0394,P0337,ASSOCIATED_WITH,F00698
R009699,P0148,P0353,ASSOCIATED_WITH,F00699
R009700,P0298,P0327,ASSOCIATED_WITH,F00700
R009701,P0242,P0450,ASSOCIATED_WITH,F00701
R009702,P0263,P0237,ASSOCIATED_WITH,F00702
R009703,P0089,P0073,ASSOCIATED_WITH,F00703
R009704,P0379,P0191,ASSOCIATED_WITH,F00704
R009705,P0044,P0039,ASSOCIATED_WITH,F00705
R009706,P0312,P0058,ASSOCIATED_WITH,F00706
R009707,P0226,P0217,ASSOCIATED_WITH,F00707
R009708,P0239,P0143,ASSOCIATED_WITH,F00708
R009709,P0344,P0500,ASSOCIATED_WITH,F00709
R009710,P0443,P0366,ASSOCIATED_WITH,F00710
R009711,P0074,P0083,ASSOCIATED_WITH,F00711
R009712,P0399,P0122,ASSOCIATED_WITH,F00712
R009713,P0231,P0259,ASSOCIATED_WITH,F00713
R009714,P0259,P0405,ASSOCIATED_WITH,F00714
R009715,P0208,P0096,ASSOCIATED_WITH,F00715
R009716,P0072,P0304,ASSOCIATED_WITH,F00716
R009717,P0106,P0018,ASSOCIATED_WITH,F00717
R009718,P0427,P0213,ASSOCIATED_WITH,F00718
R009719,P0328,P0392,ASSOCIATED_WITH,F00719
R009720,P0466,P0186,ASSOCIATED_WITH,F00720
R009721,P0190,P0009,ASSOCIATED_WITH,F00721
R009722,P0242,P0185,ASSOCIATED_WITH,F00722
R009723,P0346,P0043,ASSOCIATED_WITH,F00723
R009724,P0021,P0177,ASSOCIATED_WITH,F00724
R009725,P0471,P0089,ASSOCIATED_WITH,F00725
R009726,P0027,P0188,ASSOCIATED_WITH,F00726
R009727,P0417,P0279,ASSOCIATED_WITH,F00727
R009728,P0205,P0013,ASSOCIATED_WITH,F00728
R009729,P0048,P0248,ASSOCIATED_WITH,F00729
R009730,P0079,P0376,ASSOCIATED_WITH,F00730
R009731,P0287,P0484,ASSOCIATED_WITH,F00731
R009732,P0012,P0035,ASSOCIATED_WITH,F00732
R009733,P0117,P0167,ASSOCIATED_WITH,F00733
R009734,P0191,P0256,ASSOCIATED_WITH,F00734
R009735,P0261,P0453,ASSOCIATED_WITH,F00735
R009736,P0457,P0027,ASSOCIATED_WITH,F00736
R009737,P0483,P0476,ASSOCIATED_WITH,F00737
R009738,P0336,P0202,ASSOCIATED_WITH,F00738
R009739,P0319,P0086,ASSOCIATED_WITH,F00739
R009740,P0258,P0167,ASSOCIATED_WITH,F00740
R009741,P0072,P0265,ASSOCIATED_WITH,F00741
R009742,P0483,P0062,ASSOCIATED_WITH,F00742
R009743,P0298,P0252,ASSOCIATED_WITH,F00743
R009744,P0231,P0057,ASSOCIATED_WITH,F00744
R009745,P0006,P0026,ASSOCIATED_WITH,F00745
R009746,P0472,P0134,ASSOCIATED_WITH,F00746
R009747,P0395,P0340,ASSOCIATED_WITH,F00747
R009748,P0253,P0197,ASSOCIATED_WITH,F00748
R009749,P0339,P0303,ASSOCIATED_WITH,F00749
R009750,P0324,P0037,ASSOCIATED_WITH,F00750
R009751,P0200,P0196,ASSOCIATED_WITH,F00751
R009752,P0115,P0342,ASSOCIATED_WITH,F00752
R009753,P0258,P0421,ASSOCIATED_WITH,F00753
R009754,P0267,P0327,ASSOCIATED_WITH,F00754
R009755,P0221,P0455,ASSOCIATED_WITH,F00755
R009756,P0402,P0166,ASSOCIATED_WITH,F00756
R009757,P0154,P0016,ASSOCIATED_WITH,F00757
R009758,P0101,P0396,ASSOCIATED_WITH,F00758
R009759,P0343,P0368,ASSOCIATED_WITH,F00759
R009760,P0410,P0266,ASSOCIATED_WITH,F00760
R009761,P0475,P0167,ASSOCIATED_WITH,F00761
R009762,P0249,P0485,ASSOCIATED_WITH,F00762
R009763,P0080,P0004,ASSOCIATED_WITH,F00763
R009764,P0313,P0431,ASSOCIATED_WITH,F00764
R009765,P0050,P0348,ASSOCIATED_WITH,F00765
R009766,P0158,P0321,ASSOCIATED_WITH,F00766
R009767,P0351,P0490,ASSOCIATED_WITH,F00767
R009768,P0004,P0107,ASSOCIATED_WITH,F00768
R009769,P0380,P0467,ASSOCIATED_WITH,F00769
R009770,P0189,P0395,ASSOCIATED_WITH,F00770
R009771,P0040,P0379,ASSOCIATED_WITH,F00771
R009772,P0430,P0009,ASSOCIATED_WITH,F00772
R009773,P0164,P0499,ASSOCIATED_WITH,F00773
R009774,P0028,P0194,ASSOCIATED_WITH,F00774
R009775,P0085,P0383,ASSOCIATED_WITH,F00775
R009776,P0029,P0408,ASSOCIATED_WITH,F00776
R009777,P0052,P0011,ASSOCIATED_WITH,F00777
R009778,P0067,P0063,ASSOCIATED_WITH,F00778
R009779,P0029,P0325,ASSOCIATED_WITH,F00779
R009780,P0326,P0076,ASSOCIATED_WITH,F00780
R009781,P0402,P0303,ASSOCIATED_WITH,F00781
R009782,P0074,P0240,ASSOCIATED_WITH,F00782
R009783,P0239,P0177,ASSOCIATED_WITH,F00783
R009784,P0438,P0060,ASSOCIATED_WITH,F00784
R009785,P0410,P0179,ASSOCIATED_WITH,F00785
R009786,P0282,P0031,ASSOCIATED_WITH,F00786
R009787,P0202,P0121,ASSOCIATED_WITH,F00787
R009788,P0115,P0057,ASSOCIATED_WITH,F00788
R009789,P0358,P0108,ASSOCIATED_WITH,F00789
R009790,P0189,P0366,ASSOCIATED_WITH,F00790
R009791,P0315,P0481,ASSOCIATED_WITH,F00791
R009792,P0244,P0246,ASSOCIATED_WITH,F00792
R009793,P0164,P0401,ASSOCIATED_WITH,F00793
R009794,P0489,P0067,ASSOCIATED_WITH,F00794
R009795,P0481,P0424,ASSOCIATED_WITH,F00795
R009796,P0277,P0399,ASSOCIATED_WITH,F00796
R009797,P0175,P0005,ASSOCIATED_WITH,F00797
R009798,P0478,P0107,ASSOCIATED_WITH,F00798
R009799,P0081,P0164,ASSOCIATED_WITH,F00799
R009800,P0282,P0500,ASSOCIATED_WITH,F00800
R009801,P0102,P0003,ASSOCIATED_WITH,F00801
R009802,P0179,P0096,ASSOCIATED_WITH,F00802
R009803,P0306,P0363,ASSOCIATED_WITH,F00803
R009804,P0279,P0374,ASSOCIATED_WITH,F00804
R009805,P0247,P0403,ASSOCIATED_WITH,F00805
R009806,P0297,P0058,ASSOCIATED_WITH,F00806
R009807,P0308,P0287,ASSOCIATED_WITH,F00807
R009808,P0271,P0281,ASSOCIATED_WITH,F00808
R009809,P0066,P0458,ASSOCIATED_WITH,F00809
R009810,P0203,P0015,ASSOCIATED_WITH,F00810
R009811,P0491,P0206,ASSOCIATED_WITH,F00811
R009812,P0231,P0068,ASSOCIATED_WITH,F00812
R009813,P0356,P0147,ASSOCIATED_WITH,F00813
R009814,P0328,P0297,ASSOCIATED_WITH,F00814
R009815,P0296,P0391,ASSOCIATED_WITH,F00815
R009816,P0439,P0207,ASSOCIATED_WITH,F00816
R009817,P0451,P0310,ASSOCIATED_WITH,F00817
R009818,P0318,P0355,ASSOCIATED_WITH,F00818
R009819,P0486,P0342,ASSOCIATED_WITH,F00819
R009820,P0169,P0166,ASSOCIATED_WITH,F00820
R009821,P0002,P0051,ASSOCIATED_WITH,F00821
R009822,P0404,P0177,ASSOCIATED_WITH,F00822
R009823,P0161,P0126,ASSOCIATED_WITH,F00823
R009824,P0350,P0452,ASSOCIATED_WITH,F00824
R009825,P0476,P0393,ASSOCIATED_WITH,F00825
R009826,P0311,P0050,ASSOCIATED_WITH,F00826
R009827,P0094,P0157,ASSOCIATED_WITH,F00827
R009828,P0172,P0439,ASSOCIATED_WITH,F00828
R009829,P0151,P0426,ASSOCIATED_WITH,F00829
R009830,P0115,P0421,ASSOCIATED_WITH,F00830
R009831,P0043,P0495,ASSOCIATED_WITH,F00831
R009832,P0073,P0153,ASSOCIATED_WITH,F00832
R009833,P0034,P0423,ASSOCIATED_WITH,F00833
R009834,P0273,P0291,ASSOCIATED_WITH,F00834
R009835,P0459,P0250,ASSOCIATED_WITH,F00835
R009836,P0163,P0108,ASSOCIATED_WITH,F00836
R009837,P0030,P0170,ASSOCIATED_WITH,F00837
R009838,P0141,P0126,ASSOCIATED_WITH,F00838
R009839,P0232,P0335,ASSOCIATED_WITH,F00839
R009840,P0066,P0141,ASSOCIATED_WITH,F00840
R009841,P0116,P0066,ASSOCIATED_WITH,F00841
R009842,P0170,P0137,ASSOCIATED_WITH,F00842
R009843,P0240,P0311,ASSOCIATED_WITH,F00843
R009844,P0211,P0128,ASSOCIATED_WITH,F00844
R009845,P0183,P0213,ASSOCIATED_WITH,F00845
R009846,P0141,P0043,ASSOCIATED_WITH,F00846
R009847,P0223,P0472,ASSOCIATED_WITH,F00847
R009848,P0314,P0036,ASSOCIATED_WITH,F00848
R009849,P0477,P0442,ASSOCIATED_WITH,F00849
R009850,P0450,P0159,ASSOCIATED_WITH,F00850
R009851,P0096,P0029,ASSOCIATED_WITH,F00851
R009852,P0031,P0256,ASSOCIATED_WITH,F00852
R009853,P0141,P0273,ASSOCIATED_WITH,F00853
R009854,P0389,P0031,ASSOCIATED_WITH,F00854
R009855,P0250,P0499,ASSOCIATED_WITH,F00855
R009856,P0235,P0130,ASSOCIATED_WITH,F00856
R009857,P0093,P0236,ASSOCIATED_WITH,F00857
R009858,P0499,P0152,ASSOCIATED_WITH,F00858
R009859,P0246,P0409,ASSOCIATED_WITH,F00859
R009860,P0335,P0129,ASSOCIATED_WITH,F00860
R009861,P0475,P0056,ASSOCIATED_WITH,F00861
R009862,P0192,P0233,ASSOCIATED_WITH,F00862
R009863,P0387,P0078,ASSOCIATED_WITH,F00863
R009864,P0359,P0281,ASSOCIATED_WITH,F00864
R009865,P0217,P0065,ASSOCIATED_WITH,F00865
R009866,P0438,P0142,ASSOCIATED_WITH,F00866
R009867,P0364,P0286,ASSOCIATED_WITH,F00867
R009868,P0338,P0462,ASSOCIATED_WITH,F00868
R009869,P0471,P0288,ASSOCIATED_WITH,F00869
R009870,P0403,P0363,ASSOCIATED_WITH,F00870
R009871,P0280,P0192,ASSOCIATED_WITH,F00871
R009872,P0123,P0078,ASSOCIATED_WITH,F00872
R009873,P0346,P0008,ASSOCIATED_WITH,F00873
R009874,P0233,P0304,ASSOCIATED_WITH,F00874
R009875,P0389,P0145,ASSOCIATED_WITH,F00875
R009876,P0028,P0191,ASSOCIATED_WITH,F00876
R009877,P0344,P0008,ASSOCIATED_WITH,F00877
R009878,P0117,P0228,ASSOCIATED_WITH,F00878
R009879,P0292,P0224,ASSOCIATED_WITH,F00879
R009880,P0416,P0035,ASSOCIATED_WITH,F00880
R009881,P0314,P0170,ASSOCIATED_WITH,F00881
R009882,P0145,P0110,ASSOCIATED_WITH,F00882
R009883,P0112,P0003,ASSOCIATED_WITH,F00883
R009884,P0210,P0214,ASSOCIATED_WITH,F00884
R009885,P0377,P0053,ASSOCIATED_WITH,F00885
R009886,P0451,P0452,ASSOCIATED_WITH,F00886
R009887,P0138,P0364,ASSOCIATED_WITH,F00887
R009888,P0372,P0390,ASSOCIATED_WITH,F00888
R009889,P0118,P0163,ASSOCIATED_WITH,F00889
R009890,P0443,P0083,ASSOCIATED_WITH,F00890
R009891,P0450,P0302,ASSOCIATED_WITH,F00891
R009892,P0053,P0206,ASSOCIATED_WITH,F00892
R009893,P0353,P0300,ASSOCIATED_WITH,F00893
R009894,P0100,P0164,ASSOCIATED_WITH,F00894
R009895,P0025,P0110,ASSOCIATED_WITH,F00895
R009896,P0259,P0413,ASSOCIATED_WITH,F00896
R009897,P0219,P0445,ASSOCIATED_WITH,F00897
R009898,P0208,P0137,ASSOCIATED_WITH,F00898
R009899,P0252,P0376,ASSOCIATED_WITH,F00899
R009900,P0052,P0483,ASSOCIATED_WITH,F00900
R009901,P0137,P0365,ASSOCIATED_WITH,F00901
R009902,P0112,P0472,ASSOCIATED_WITH,F00902
R009903,P0418,P0315,ASSOCIATED_WITH,F00903
R009904,P0187,P0403,ASSOCIATED_WITH,F00904
R009905,P0324,P0173,ASSOCIATED_WITH,F00905
R009906,P0041,P0004,ASSOCIATED_WITH,F00906
R009907,P0193,P0293,ASSOCIATED_WITH,F00907
R009908,P0103,P0253,ASSOCIATED_WITH,F00908
R009909,P0423,P0355,ASSOCIATED_WITH,F00909
R009910,P0261,P0037,ASSOCIATED_WITH,F00910
R009911,P0098,P0297,ASSOCIATED_WITH,F00911
R009912,P0397,P0095,ASSOCIATED_WITH,F00912
R009913,P0180,P0049,ASSOCIATED_WITH,F00913
R009914,P0159,P0031,ASSOCIATED_WITH,F00914
R009915,P0375,P0049,ASSOCIATED_WITH,F00915
R009916,P0299,P0473,ASSOCIATED_WITH,F00916
R009917,P0460,P0476,ASSOCIATED_WITH,F00917
R009918,P0186,P0198,ASSOCIATED_WITH,F00918
R009919,P0389,P0500,ASSOCIATED_WITH,F00919
R009920,P0375,P0485,ASSOCIATED_WITH,F00920
R009921,P0160,P0256,ASSOCIATED_WITH,F00921
R009922,P0149,P0294,ASSOCIATED_WITH,F00922
R009923,P0488,P0009,ASSOCIATED_WITH,F00923
R009924,P0255,P0301,ASSOCIATED_WITH,F00924
R009925,P0184,P0024,ASSOCIATED_WITH,F00925
R009926,P0200,P0173,ASSOCIATED_WITH,F00926
R009927,P0173,P0143,ASSOCIATED_WITH,F00927
R009928,P0109,P0441,ASSOCIATED_WITH,F00928
R009929,P0129,P0099,ASSOCIATED_WITH,F00929
R009930,P0297,P0353,ASSOCIATED_WITH,F00930
R009931,P0067,P0294,ASSOCIATED_WITH,F00931
R009932,P0321,P0019,ASSOCIATED_WITH,F00932
R009933,P0279,P0377,ASSOCIATED_WITH,F00933
R009934,P0310,P0410,ASSOCIATED_WITH,F00934
R009935,P0190,P0456,ASSOCIATED_WITH,F00935
R009936,P0105,P0110,ASSOCIATED_WITH,F00936
R009937,P0355,P0374,ASSOCIATED_WITH,F00937
R009938,P0260,P0293,ASSOCIATED_WITH,F00938
R009939,P0216,P0364,ASSOCIATED_WITH,F00939
R009940,P0352,P0243,ASSOCIATED_WITH,F00940
R009941,P0385,P0354,ASSOCIATED_WITH,F00941
R009942,P0242,P0064,ASSOCIATED_WITH,F00942
R009943,P0246,P0272,ASSOCIATED_WITH,F00943
R009944,P0371,P0137,ASSOCIATED_WITH,F00944
R009945,P0099,P0449,ASSOCIATED_WITH,F00945
R009946,P0064,P0444,ASSOCIATED_WITH,F00946
R009947,P0479,P0127,ASSOCIATED_WITH,F00947
R009948,P0371,P0036,ASSOCIATED_WITH,F00948
R009949,P0392,P0054,ASSOCIATED_WITH,F00949
R009950,P0327,P0354,ASSOCIATED_WITH,F00950
R009951,P0105,P0131,ASSOCIATED_WITH,F00951
R009952,P0455,P0230,ASSOCIATED_WITH,F00952
R009953,P0031,P0485,ASSOCIATED_WITH,F00953
R009954,P0218,P0413,ASSOCIATED_WITH,F00954
R009955,P0361,P0329,ASSOCIATED_WITH,F00955
R009956,P0262,P0077,ASSOCIATED_WITH,F00956
R009957,P0241,P0439,ASSOCIATED_WITH,F00957
R009958,P0324,P0472,ASSOCIATED_WITH,F00958
R009959,P0161,P0335,ASSOCIATED_WITH,F00959
R009960,P0133,P0257,ASSOCIATED_WITH,F00960
R009961,P0028,P0393,ASSOCIATED_WITH,F00961
R009962,P0377,P0424,ASSOCIATED_WITH,F00962
R009963,P0285,P0331,ASSOCIATED_WITH,F00963
R009964,P0360,P0331,ASSOCIATED_WITH,F00964
R009965,P0329,P0392,ASSOCIATED_WITH,F00965
R009966,P0488,P0285,ASSOCIATED_WITH,F00966
R009967,P0414,P0050,ASSOCIATED_WITH,F00967
R009968,P0299,P0174,ASSOCIATED_WITH,F00968
R009969,P0275,P0051,ASSOCIATED_WITH,F00969
R009970,P0129,P0337,ASSOCIATED_WITH,F00970
R009971,P0446,P0276,ASSOCIATED_WITH,F00971
R009972,P0407,P0238,ASSOCIATED_WITH,F00972
R009973,P0480,P0122,ASSOCIATED_WITH,F00973
R009974,P0075,P0062,ASSOCIATED_WITH,F00974
R009975,P0476,P0077,ASSOCIATED_WITH,F00975
R009976,P0364,P0361,ASSOCIATED_WITH,F00976
R009977,P0170,P0230,ASSOCIATED_WITH,F00977
R009978,P0264,P0182,ASSOCIATED_WITH,F00978
R009979,P0233,P0357,ASSOCIATED_WITH,F00979
R009980,P0203,P0007,ASSOCIATED_WITH,F00980
R009981,P0233,P0020,ASSOCIATED_WITH,F00981
R009982,P0192,P0243,ASSOCIATED_WITH,F00982
R009983,P0061,P0384,ASSOCIATED_WITH,F00983
R009984,P0365,P0313,ASSOCIATED_WITH,F00984
R009985,P0375,P0117,ASSOCIATED_WITH,F00985
R009986,P0019,P0422,ASSOCIATED_WITH,F00986
R009987,P0225,P0059,ASSOCIATED_WITH,F00987
R009988,P0273,P0357,ASSOCIATED_WITH,F00988
R009989,P0019,P0297,ASSOCIATED_WITH,F00989
R009990,P0135,P0274,ASSOCIATED_WITH,F00990
R009991,P0006,P0454,ASSOCIATED_WITH,F00991
R009992,P0325,P0203,ASSOCIATED_WITH,F00992
R009993,P0351,P0183,ASSOCIATED_WITH,F00993
R009994,P0245,P0013,ASSOCIATED_WITH,F00994
R009995,P0340,P0333,ASSOCIATED_WITH,F00995
R009996,P0459,P0109,ASSOCIATED_WITH,F00996
R009997,P0199,P0390,ASSOCIATED_WITH,F00997
R009998,P0005,P0455,ASSOCIATED_WITH,F00998
R009999,P0305,P0076,ASSOCIATED_WITH,F00999
R010000,P0184,P0120,ASSOCIATED_WITH,F01000
