transaction_id,sender_id,receiver_id,amount_inr,date,method
T00001,P0348,P0383,5417.4,2026-07-21,BANK_TRANSFER
T00002,P0002,P0459,3259.69,2026-04-06,BANK_TRANSFER
T00003,P0051,P0481,6112.86,2026-08-12,CARD
T00004,P0232,P0422,12313.16,2026-06-02,CARD
T00005,P0283,P0446,3018.99,2026-01-22,UPI
T00006,P0018,P0249,3019.03,2026-06-22,UPI
T00007,P0024,P0130,12879.22,2026-07-26,CARD
T00008,P0467,P0025,6727.43,2026-08-10,UPI
T00009,P0298,P0011,2500.94,2026-07-27,BANK_TRANSFER
T00010,P0471,P0273,5619.78,2026-05-16,BANK_TRANSFER
T00011,P0098,P0315,2513.08,2026-03-02,UPI
T00012,P0153,P0323,2508.44,2026-05-27,BANK_TRANSFER
T00013,P0007,P0350,4418.56,2026-08-08,CARD
T00014,P0052,P0294,787.9,2026-08-03,CARD
T00015,P0335,P0320,916.05,2026-01-04,UPI
T00016,P0093,P0030,2321.97,2026-04-25,BANK_TRANSFER
T00017,P0251,P0466,1619.28,2026-03-20,CARD
T00018,P0497,P0333,4681.61,2026-02-24,BANK_TRANSFER
T00019,P0317,P0413,1760.9,2026-05-05,BANK_TRANSFER
T00020,P0043,P0327,1176.33,2026-07-14,CARD
T00021,P0216,P0141,11760.7,2026-08-03,UPI
T00022,P0251,P0356,3039.29,2026-04-12,UPI
T00023,P0227,P0175,3843.05,2026-07-12,UPI
T00024,P0359,P0363,1164.68,2026-01-18,UPI
T00025,P0055,P0489,2355.47,2026-04-01,CARD
T00026,P0003,P0039,3978.81,2026-07-03,CARD
T00027,P0444,P0269,1449.84,2026-04-06,UPI
T00028,P0170,P0082,4917.51,2026-01-02,BANK_TRANSFER
T00029,P0152,P0036,2251.81,2026-07-13,CARD
T00030,P0357,P0138,2883.17,2026-04-02,CARD
T00031,P0194,P0013,2249.89,2026-05-05,CARD
T00032,P0439,P0340,16023.67,2026-04-04,BANK_TRANSFER
T00033,P0252,P0072,3601.85,2026-04-05,BANK_TRANSFER
T00034,P0196,P0429,1562.17,2026-05-09,BANK_TRANSFER
T00035,P0060,P0020,7030.66,2026-07-02,BANK_TRANSFER
T00036,P0032,P0221,1371.04,2026-08-21,UPI
T00037,P0252,P0465,4303.1,2026-08-17,CARD
T00038,P0454,P0317,759.2,2026-03-03,BANK_TRANSFER
T00039,P0063,P0279,1258.22,2026-02-02,UPI
T00040,P0236,P0083,4261.98,2026-01-17,CARD
T00041,P0132,P0242,6573.31,2026-01-24,UPI
T00042,P0336,P0049,4175.94,2026-08-02,CARD
T00043,P0177,P0393,3319.21,2026-07-09,BANK_TRANSFER
T00044,P0327,P0446,2861.55,2026-07-24,BANK_TRANSFER
T00045,P0277,P0323,1115.64,2026-06-15,BANK_TRANSFER
T00046,P0231,P0304,2046.99,2026-01-08,CARD
T00047,P0116,P0205,2518.68,2026-08-28,CARD
T00048,P0164,P0325,8481.97,2026-05-25,BANK_TRANSFER
T00049,P0478,P0309,4792.92,2026-02-27,UPI
T00050,P0419,P0299,888.53,2026-04-24,BANK_TRANSFER
T00051,P0271,P0145,4718.6,2026-07-11,UPI
T00052,P0112,P0395,2675.61,2026-01-18,UPI
T00053,P0148,P0162,2118.5,2026-04-07,BANK_TRANSFER
T00054,P0450,P0109,5939.27,2026-01-09,CARD
T00055,P0419,P0279,8306.55,2026-03-01,BANK_TRANSFER
T00056,P0435,P0017,7669.63,2026-01-01,UPI
T00057,P0202,P0488,1860.55,2026-08-12,BANK_TRANSFER
T00058,P0135,P0229,2843.04,2026-06-07,CARD
T00059,P0398,P0316,4745.78,2026-07-26,BANK_TRANSFER
T00060,P0405,P0365,7946.1,2026-02-14,UPI
T00061,P0271,P0072,2481.6,2026-06-03,UPI
T00062,P0242,P0438,3138.41,2026-03-27,CARD
T00063,P0104,P0027,1502.57,2026-04-27,BANK_TRANSFER
T00064,P0260,P0084,1398.33,2026-02-16,UPI
T00065,P0199,P0490,6974.53,2026-04-22,UPI
T00066,P0444,P0015,10775.09,2026-01-26,CARD
T00067,P0471,P0133,3437.13,2026-01-18,CARD
T00068,P0264,P0366,8126.02,2026-07-23,UPI
T00069,P0055,P0086,4862.5,2026-06-17,UPI
T00070,P0155,P0156,2173.09,2026-04-02,BANK_TRANSFER
T00071,P0164,P0349,4861.57,2026-08-16,UPI
T00072,P0048,P0052,12461.87,2026-03-15,UPI
T00073,P0360,P0208,3538.08,2026-02-01,CARD
T00074,P0272,P0461,12729.98,2026-02-28,CARD
T00075,P0447,P0233,447.74,2026-07-14,UPI
T00076,P0468,P0189,7027.05,2026-03-03,BANK_TRANSFER
T00077,P0078,P0478,3903.53,2026-07-16,UPI
T00078,P0424,P0335,2866.35,2026-08-04,UPI
T00079,P0007,P0232,3918.28,2026-01-13,CARD
T00080,P0211,P0270,742.44,2026-07-09,BANK_TRANSFER
T00081,P0378,P0426,3054.17,2026-05-04,BANK_TRANSFER
T00082,P0243,P0454,4844.94,2026-04-12,CARD
T00083,P0431,P0160,11876.48,2026-07-18,CARD
T00084,P0172,P0099,2405.19,2026-08-10,UPI
T00085,P0176,P0089,1906.84,2026-06-15,BANK_TRANSFER
T00086,P0474,P0195,2437.17,2026-08-23,BANK_TRANSFER
T00087,P0416,P0386,7572.83,2026-04-22,CARD
T00088,P0192,P0046,4736.25,2026-07-21,BANK_TRANSFER
T00089,P0018,P0115,2383.18,2026-03-22,CARD
T00090,P0128,P0337,5489.62,2026-08-24,UPI
T00091,P0052,P0136,3934.98,2026-01-20,BANK_TRANSFER
T00092,P0365,P0331,7902.35,2026-01-22,BANK_TRANSFER
T00093,P0408,P0331,2076.33,2026-02-12,CARD
T00094,P0394,P0050,2801.39,2026-07-24,CARD
T00095,P0324,P0378,2660.62,2026-04-05,UPI
T00096,P0030,P0334,1129.11,2026-05-16,BANK_TRANSFER
T00097,P0078,P0173,4614.21,2026-07-03,CARD
T00098,P0047,P0186,4486.57,2026-06-22,CARD
T00099,P0323,P0440,3655.88,2026-04-08,CARD
T00100,P0397,P0150,3017.94,2026-02-13,UPI
T00101,P0474,P0388,450000.0,2026-01-14,UPI
T00102,P0281,P0377,2600.56,2026-02-11,CARD
T00103,P0357,P0374,2767.86,2026-07-13,UPI
T00104,P0339,P0425,1916.35,2026-04-01,CARD
T00105,P0274,P0030,3200.21,2026-06-03,CARD
T00106,P0268,P0111,5030.33,2026-05-07,BANK_TRANSFER
T00107,P0418,P0291,16464.28,2026-04-14,UPI
T00108,P0165,P0223,4186.68,2026-01-23,CARD
T00109,P0256,P0227,4474.01,2026-04-10,BANK_TRANSFER
T00110,P0075,P0151,3430.44,2026-05-04,CARD
T00111,P0218,P0238,784.45,2026-07-05,UPI
T00112,P0410,P0275,3564.54,2026-08-24,BANK_TRANSFER
T00113,P0124,P0011,3820.68,2026-07-10,BANK_TRANSFER
T00114,P0155,P0067,26123.58,2026-04-05,BANK_TRANSFER
T00115,P0271,P0121,3121.63,2026-05-17,BANK_TRANSFER
T00116,P0013,P0310,4634.29,2026-03-19,BANK_TRANSFER
T00117,P0054,P0216,3541.23,2026-03-18,CARD
T00118,P0302,P0021,1429.47,2026-05-12,BANK_TRANSFER
T00119,P0270,P0405,9083.89,2026-03-13,UPI
T00120,P0225,P0245,6644.51,2026-04-08,UPI
T00121,P0442,P0474,6855.63,2026-03-11,CARD
T00122,P0050,P0067,1758.98,2026-08-13,BANK_TRANSFER
T00123,P0115,P0137,11183.96,2026-01-09,UPI
T00124,P0319,P0227,1186.21,2026-05-09,BANK_TRANSFER
T00125,P0218,P0175,5822.5,2026-03-28,UPI
T00126,P0156,P0206,21001.82,2026-07-17,BANK_TRANSFER
T00127,P0482,P0391,1648.42,2026-02-14,CARD
T00128,P0092,P0035,2314.53,2026-08-12,UPI
T00129,P0237,P0054,3943.09,2026-04-12,CARD
T00130,P0337,P0074,2433.83,2026-05-11,BANK_TRANSFER
T00131,P0329,P0233,1053.07,2026-01-23,CARD
T00132,P0428,P0168,3846.24,2026-01-21,UPI
T00133,P0182,P0413,1556.44,2026-08-09,CARD
T00134,P0171,P0364,5318.11,2026-01-16,BANK_TRANSFER
T00135,P0215,P0160,1744.91,2026-08-17,BANK_TRANSFER
T00136,P0059,P0116,12581.06,2026-04-04,UPI
T00137,P0234,P0224,1945.74,2026-01-16,CARD
T00138,P0396,P0121,2813.97,2026-04-12,CARD
T00139,P0147,P0277,6980.07,2026-03-21,UPI
T00140,P0472,P0132,1360.09,2026-06-05,BANK_TRANSFER
T00141,P0423,P0489,4367.6,2026-02-13,UPI
T00142,P0340,P0097,10360.07,2026-06-26,UPI
T00143,P0159,P0056,1006.28,2026-08-14,CARD
T00144,P0425,P0181,4220.49,2026-05-14,UPI
T00145,P0414,P0135,4482.37,2026-02-04,CARD
T00146,P0393,P0297,6805.31,2026-02-02,CARD
T00147,P0052,P0150,1353.49,2026-08-28,UPI
T00148,P0291,P0329,1266.02,2026-02-21,UPI
T00149,P0425,P0296,5527.84,2026-04-26,BANK_TRANSFER
T00150,P0267,P0129,4617.4,2026-05-18,CARD
T00151,P0005,P0346,4448.82,2026-02-05,BANK_TRANSFER
T00152,P0244,P0038,4803.78,2026-03-15,BANK_TRANSFER
T00153,P0358,P0054,2113.25,2026-06-13,CARD
T00154,P0257,P0174,4384.38,2026-04-27,CARD
T00155,P0003,P0427,4602.97,2026-02-22,BANK_TRANSFER
T00156,P0145,P0139,2056.0,2026-08-19,BANK_TRANSFER
T00157,P0008,P0468,16197.62,2026-01-22,UPI
T00158,P0015,P0407,5319.14,2026-03-06,CARD
T00159,P0326,P0023,1403.83,2026-07-09,UPI
T00160,P0310,P0317,6156.37,2026-07-11,CARD
T00161,P0384,P0152,1669.46,2026-01-05,CARD
T00162,P0290,P0126,6834.02,2026-08-14,BANK_TRANSFER
T00163,P0165,P0065,9199.24,2026-07-21,BANK_TRANSFER
T00164,P0285,P0232,1888.34,2026-03-17,UPI
T00165,P0476,P0087,7869.12,2026-04-18,BANK_TRANSFER
T00166,P0164,P0215,5065.58,2026-03-14,UPI
T00167,P0007,P0284,7027.93,2026-01-12,CARD
T00168,P0279,P0014,16604.59,2026-02-28,CARD
T00169,P0394,P0283,2991.98,2026-01-01,CARD
T00170,P0127,P0001,1992.23,2026-01-11,UPI
T00171,P0234,P0276,1787.17,2026-03-18,BANK_TRANSFER
T00172,P0444,P0269,1895.72,2026-08-21,UPI
T00173,P0403,P0371,3423.16,2026-03-02,UPI
T00174,P0006,P0233,4783.47,2026-02-02,CARD
T00175,P0033,P0461,4543.04,2026-07-19,CARD
T00176,P0088,P0482,7056.8,2026-03-07,CARD
T00177,P0303,P0240,3679.02,2026-07-21,BANK_TRANSFER
T00178,P0086,P0058,11647.27,2026-06-09,UPI
T00179,P0179,P0436,2946.21,2026-02-19,CARD
T00180,P0031,P0229,32084.72,2026-01-27,CARD
T00181,P0459,P0065,6006.12,2026-08-24,UPI
T00182,P0318,P0340,1834.04,2026-03-27,CARD
T00183,P0305,P0158,1545.78,2026-03-22,CARD
T00184,P0210,P0111,5356.03,2026-06-18,UPI
T00185,P0157,P0299,3044.92,2026-03-23,BANK_TRANSFER
T00186,P0103,P0287,6445.91,2026-08-21,CARD
T00187,P0138,P0316,5316.6,2026-06-12,CARD
T00188,P0046,P0028,3434.88,2026-03-25,CARD
T00189,P0118,P0482,1849.3,2026-04-12,BANK_TRANSFER
T00190,P0435,P0269,1083.68,2026-06-15,UPI
T00191,P0457,P0264,2547.3,2026-04-09,BANK_TRANSFER
T00192,P0336,P0111,7223.67,2026-02-14,UPI
T00193,P0340,P0308,4321.14,2026-01-12,BANK_TRANSFER
T00194,P0492,P0467,1344.0,2026-08-12,UPI
T00195,P0010,P0358,4182.0,2026-03-19,BANK_TRANSFER
T00196,P0045,P0140,4955.5,2026-01-26,CARD
T00197,P0440,P0422,1795.28,2026-05-03,BANK_TRANSFER
T00198,P0240,P0290,4117.41,2026-06-21,CARD
T00199,P0081,P0334,3814.51,2026-01-06,BANK_TRANSFER
T00200,P0306,P0400,1459.17,2026-02-09,BANK_TRANSFER
T00201,P0436,P0135,4847.56,2026-02-26,UPI
T00202,P0288,P0488,5702.32,2026-02-16,CARD
T00203,P0083,P0263,8659.75,2026-05-11,CARD
T00204,P0155,P0275,8459.47,2026-08-09,CARD
T00205,P0132,P0022,1209.38,2026-01-19,UPI
T00206,P0216,P0095,1719.42,2026-07-12,CARD
T00207,P0277,P0431,5497.39,2026-01-16,CARD
T00208,P0095,P0011,5491.9,2026-01-18,CARD
T00209,P0339,P0012,5497.44,2026-06-15,UPI
T00210,P0042,P0292,79394.56,2026-08-10,UPI
T00211,P0494,P0391,5748.6,2026-06-15,BANK_TRANSFER
T00212,P0352,P0076,9031.31,2026-03-11,BANK_TRANSFER
T00213,P0420,P0464,7810.32,2026-06-28,CARD
T00214,P0216,P0257,6131.0,2026-01-23,CARD
T00215,P0281,P0138,2829.3,2026-07-27,CARD
T00216,P0374,P0007,6682.02,2026-01-04,BANK_TRANSFER
T00217,P0356,P0335,1962.04,2026-02-05,UPI
T00218,P0195,P0439,3012.56,2026-03-09,CARD
T00219,P0096,P0151,2469.35,2026-05-26,BANK_TRANSFER
T00220,P0348,P0020,3887.41,2026-01-05,BANK_TRANSFER
T00221,P0060,P0293,23195.81,2026-01-13,CARD
T00222,P0230,P0463,817.45,2026-03-10,CARD
T00223,P0138,P0400,6304.43,2026-07-02,CARD
T00224,P0481,P0185,1002.07,2026-08-23,BANK_TRANSFER
T00225,P0460,P0082,2496.02,2026-05-18,BANK_TRANSFER
T00226,P0249,P0148,8700.71,2026-08-13,UPI
T00227,P0488,P0460,3833.08,2026-01-22,CARD
T00228,P0109,P0171,1537.33,2026-08-05,CARD
T00229,P0275,P0309,2054.44,2026-01-20,UPI
T00230,P0440,P0402,6270.92,2026-01-02,CARD
T00231,P0354,P0425,2029.83,2026-07-08,BANK_TRANSFER
T00232,P0329,P0236,4329.32,2026-05-21,CARD
T00233,P0042,P0259,3776.14,2026-01-27,BANK_TRANSFER
T00234,P0456,P0397,2161.85,2026-03-02,CARD
T00235,P0079,P0081,20234.72,2026-04-01,BANK_TRANSFER
T00236,P0400,P0445,6045.9,2026-08-12,BANK_TRANSFER
T00237,P0128,P0110,720.46,2026-07-18,CARD
T00238,P0385,P0096,4226.64,2026-08-13,BANK_TRANSFER
T00239,P0491,P0231,2144.31,2026-06-24,BANK_TRANSFER
T00240,P0178,P0072,7200.79,2026-06-17,BANK_TRANSFER
T00241,P0286,P0166,1931.37,2026-07-18,BANK_TRANSFER
T00242,P0013,P0372,3321.63,2026-07-25,BANK_TRANSFER
T00243,P0137,P0496,5453.37,2026-08-17,UPI
T00244,P0337,P0206,7277.95,2026-05-28,CARD
T00245,P0243,P0058,1393.76,2026-04-02,UPI
T00246,P0028,P0090,2786.1,2026-06-12,BANK_TRANSFER
T00247,P0208,P0329,2490.01,2026-05-11,UPI
T00248,P0123,P0147,2158.86,2026-08-20,CARD
T00249,P0179,P0070,14948.46,2026-05-21,CARD
T00250,P0500,P0261,5034.08,2026-05-10,BANK_TRANSFER
T00251,P0004,P0147,1327.82,2026-02-23,CARD
T00252,P0160,P0191,7587.74,2026-01-11,CARD
T00253,P0382,P0198,19885.08,2026-04-25,UPI
T00254,P0247,P0021,8316.3,2026-07-20,BANK_TRANSFER
T00255,P0333,P0055,1079.77,2026-02-17,UPI
T00256,P0303,P0202,2471.58,2026-02-07,CARD
T00257,P0331,P0226,10031.94,2026-06-21,CARD
T00258,P0179,P0167,2067.02,2026-05-06,UPI
T00259,P0295,P0269,5192.94,2026-02-22,UPI
T00260,P0127,P0453,6766.28,2026-03-10,UPI
T00261,P0316,P0342,1734.47,2026-08-28,BANK_TRANSFER
T00262,P0369,P0045,3471.63,2026-02-17,UPI
T00263,P0441,P0056,272.32,2026-07-15,CARD
T00264,P0402,P0236,1604.38,2026-05-27,UPI
T00265,P0195,P0027,2974.84,2026-05-18,CARD
T00266,P0498,P0002,1341.81,2026-06-20,UPI
T00267,P0225,P0051,13439.17,2026-05-08,CARD
T00268,P0213,P0294,1159.67,2026-05-16,BANK_TRANSFER
T00269,P0310,P0106,2560.52,2026-05-25,BANK_TRANSFER
T00270,P0200,P0357,4042.39,2026-04-23,CARD
T00271,P0214,P0042,11533.59,2026-07-21,CARD
T00272,P0047,P0359,1154.37,2026-08-26,BANK_TRANSFER
T00273,P0197,P0158,9232.92,2026-06-17,CARD
T00274,P0029,P0277,3670.88,2026-05-07,UPI
T00275,P0405,P0317,1660.37,2026-07-21,BANK_TRANSFER
T00276,P0084,P0372,5269.46,2026-02-23,BANK_TRANSFER
T00277,P0429,P0289,4269.48,2026-01-21,UPI
T00278,P0441,P0165,2252.57,2026-04-22,UPI
T00279,P0069,P0215,3850.05,2026-01-12,BANK_TRANSFER
T00280,P0357,P0434,2675.12,2026-08-10,UPI
T00281,P0072,P0465,3987.08,2026-05-11,CARD
T00282,P0189,P0276,6183.9,2026-08-14,CARD
T00283,P0165,P0192,12949.51,2026-02-21,UPI
T00284,P0213,P0265,1352.55,2026-02-08,UPI
T00285,P0254,P0266,20058.87,2026-04-15,UPI
T00286,P0056,P0401,763.82,2026-04-12,CARD
T00287,P0471,P0158,3224.62,2026-02-06,CARD
T00288,P0121,P0392,5829.31,2026-05-11,CARD
T00289,P0368,P0089,4558.7,2026-04-06,BANK_TRANSFER
T00290,P0355,P0265,2212.42,2026-01-24,UPI
T00291,P0148,P0178,3082.52,2026-06-27,BANK_TRANSFER
T00292,P0040,P0470,2454.31,2026-02-25,BANK_TRANSFER
T00293,P0092,P0416,2272.21,2026-08-09,UPI
T00294,P0171,P0053,7184.5,2026-05-20,UPI
T00295,P0264,P0421,4844.56,2026-07-07,UPI
T00296,P0254,P0359,2091.57,2026-01-05,UPI
T00297,P0052,P0238,7477.7,2026-05-21,UPI
T00298,P0067,P0269,4655.66,2026-02-02,BANK_TRANSFER
T00299,P0002,P0400,6976.41,2026-08-13,UPI
T00300,P0426,P0152,6025.18,2026-05-07,UPI
T00301,P0144,P0349,1875.83,2026-07-01,UPI
T00302,P0333,P0495,2325.88,2026-07-07,UPI
T00303,P0371,P0188,6619.9,2026-07-09,UPI
T00304,P0364,P0207,5933.06,2026-03-19,CARD
T00305,P0340,P0483,3580.58,2026-08-02,UPI
T00306,P0170,P0078,3999.25,2026-02-12,CARD
T00307,P0370,P0449,10118.61,2026-02-09,CARD
T00308,P0328,P0490,2268.2,2026-04-12,UPI
T00309,P0244,P0067,5640.22,2026-04-22,BANK_TRANSFER
T00310,P0473,P0260,3097.18,2026-06-02,BANK_TRANSFER
T00311,P0374,P0382,3059.04,2026-05-18,BANK_TRANSFER
T00312,P0087,P0199,8769.38,2026-01-21,UPI
T00313,P0421,P0370,7046.83,2026-04-11,BANK_TRANSFER
T00314,P0336,P0241,6980.02,2026-03-06,BANK_TRANSFER
T00315,P0019,P0457,10346.29,2026-06-24,BANK_TRANSFER
T00316,P0412,P0417,3702.65,2026-04-02,BANK_TRANSFER
T00317,P0459,P0040,6282.75,2026-02-08,CARD
T00318,P0009,P0003,2840.65,2026-05-12,CARD
T00319,P0272,P0468,4718.91,2026-03-16,BANK_TRANSFER
T00320,P0433,P0325,3280.94,2026-03-07,BANK_TRANSFER
T00321,P0027,P0260,3934.73,2026-08-02,BANK_TRANSFER
T00322,P0215,P0288,5861.29,2026-04-08,BANK_TRANSFER
T00323,P0188,P0487,1892.06,2026-06-13,UPI
T00324,P0261,P0190,19417.11,2026-02-17,UPI
T00325,P0285,P0134,1628.13,2026-04-20,CARD
T00326,P0399,P0225,1378.36,2026-05-17,BANK_TRANSFER
T00327,P0297,P0287,9195.68,2026-01-02,BANK_TRANSFER
T00328,P0367,P0185,6859.09,2026-08-23,UPI
T00329,P0423,P0443,5998.69,2026-04-17,UPI
T00330,P0236,P0320,6019.0,2026-03-13,CARD
T00331,P0199,P0001,3605.45,2026-05-01,BANK_TRANSFER
T00332,P0129,P0234,1776.14,2026-06-01,UPI
T00333,P0233,P0414,3868.58,2026-06-01,BANK_TRANSFER
T00334,P0212,P0348,2118.09,2026-07-12,BANK_TRANSFER
T00335,P0265,P0305,7943.39,2026-01-21,BANK_TRANSFER
T00336,P0166,P0274,3236.84,2026-07-28,CARD
T00337,P0255,P0444,1881.08,2026-03-06,UPI
T00338,P0087,P0149,2815.49,2026-03-02,BANK_TRANSFER
T00339,P0123,P0010,5066.19,2026-01-13,UPI
T00340,P0354,P0033,2319.3,2026-02-28,UPI
T00341,P0424,P0220,1886.02,2026-08-27,UPI
T00342,P0379,P0435,4424.66,2026-04-13,UPI
T00343,P0175,P0303,4429.2,2026-02-25,CARD
T00344,P0409,P0412,2427.08,2026-02-28,BANK_TRANSFER
T00345,P0368,P0076,2497.81,2026-01-27,UPI
T00346,P0281,P0204,4383.66,2026-02-05,UPI
T00347,P0111,P0081,1143.14,2026-07-22,UPI
T00348,P0139,P0002,1180.9,2026-03-21,BANK_TRANSFER
T00349,P0477,P0169,2049.28,2026-05-05,UPI
T00350,P0134,P0378,3069.42,2026-03-06,BANK_TRANSFER
T00351,P0123,P0012,4669.12,2026-03-08,CARD
T00352,P0068,P0397,11852.39,2026-01-01,UPI
T00353,P0050,P0098,7230.96,2026-03-15,CARD
T00354,P0481,P0310,3203.66,2026-03-18,CARD
T00355,P0345,P0083,3585.98,2026-05-22,UPI
T00356,P0171,P0032,1632.68,2026-08-19,UPI
T00357,P0366,P0478,3587.42,2026-04-11,UPI
T00358,P0389,P0083,2890.18,2026-06-13,UPI
T00359,P0326,P0482,4713.45,2026-08-14,UPI
T00360,P0302,P0144,1878.47,2026-05-14,CARD
T00361,P0250,P0410,5516.38,2026-07-10,UPI
T00362,P0461,P0394,12409.17,2026-08-15,CARD
T00363,P0479,P0186,3337.55,2026-04-13,UPI
T00364,P0464,P0141,5020.92,2026-01-18,UPI
T00365,P0001,P0329,6324.05,2026-08-02,CARD
T00366,P0028,P0201,2641.29,2026-04-08,BANK_TRANSFER
T00367,P0029,P0066,4355.85,2026-08-07,UPI
T00368,P0370,P0497,3677.81,2026-06-14,BANK_TRANSFER
T00369,P0430,P0371,3936.87,2026-03-14,UPI
T00370,P0251,P0382,1961.75,2026-04-14,UPI
T00371,P0301,P0075,3713.05,2026-05-11,CARD
T00372,P0343,P0280,5422.97,2026-08-23,BANK_TRANSFER
T00373,P0443,P0233,11625.02,2026-04-18,CARD
T00374,P0380,P0094,7843.31,2026-05-07,CARD
T00375,P0080,P0033,20384.82,2026-05-14,UPI
T00376,P0305,P0082,1970.66,2026-03-06,UPI
T00377,P0485,P0272,7316.27,2026-04-07,CARD
T00378,P0370,P0403,4216.13,2026-02-07,CARD
T00379,P0481,P0476,20990.86,2026-06-06,CARD
T00380,P0084,P0112,1907.14,2026-06-20,UPI
T00381,P0198,P0075,1859.8,2026-08-22,UPI
T00382,P0395,P0298,2254.05,2026-05-27,UPI
T00383,P0450,P0369,665.73,2026-02-09,BANK_TRANSFER
T00384,P0039,P0088,2390.83,2026-05-11,UPI
T00385,P0095,P0303,1983.65,2026-03-09,BANK_TRANSFER
T00386,P0199,P0227,4106.45,2026-01-17,CARD
T00387,P0422,P0331,4785.78,2026-04-19,CARD
T00388,P0117,P0464,16332.9,2026-06-02,BANK_TRANSFER
T00389,P0213,P0466,7788.0,2026-03-23,CARD
T00390,P0355,P0097,2294.97,2026-04-21,BANK_TRANSFER
T00391,P0143,P0058,1774.49,2026-06-07,BANK_TRANSFER
T00392,P0284,P0420,5396.66,2026-04-07,CARD
T00393,P0268,P0229,1266.25,2026-06-26,CARD
T00394,P0041,P0375,15759.0,2026-01-11,UPI
T00395,P0391,P0017,9353.93,2026-05-11,CARD
T00396,P0247,P0186,2501.53,2026-06-02,CARD
T00397,P0359,P0095,924.72,2026-06-26,BANK_TRANSFER
T00398,P0067,P0116,10754.7,2026-03-24,CARD
T00399,P0349,P0098,3322.15,2026-01-01,BANK_TRANSFER
T00400,P0003,P0287,9801.13,2026-07-28,UPI
T00401,P0286,P0224,1016.84,2026-05-17,BANK_TRANSFER
T00402,P0202,P0349,2254.09,2026-08-10,BANK_TRANSFER
T00403,P0369,P0323,3656.26,2026-06-06,CARD
T00404,P0318,P0051,3780.4,2026-05-18,UPI
T00405,P0379,P0188,2540.07,2026-07-28,BANK_TRANSFER
T00406,P0022,P0285,5992.6,2026-07-19,UPI
T00407,P0341,P0430,1549.83,2026-03-15,CARD
T00408,P0001,P0383,3248.98,2026-03-11,UPI
T00409,P0347,P0350,4008.76,2026-06-26,CARD
T00410,P0343,P0362,5494.76,2026-05-21,UPI
T00411,P0408,P0057,6433.62,2026-01-25,BANK_TRANSFER
T00412,P0182,P0379,1480.72,2026-07-06,CARD
T00413,P0156,P0037,1067.11,2026-03-14,CARD
T00414,P0209,P0229,10118.71,2026-07-21,CARD
T00415,P0014,P0403,4749.77,2026-05-02,CARD
T00416,P0161,P0292,2000.62,2026-07-10,BANK_TRANSFER
T00417,P0019,P0128,12593.32,2026-04-14,BANK_TRANSFER
T00418,P0088,P0431,3993.96,2026-05-27,BANK_TRANSFER
T00419,P0389,P0102,9352.86,2026-03-01,BANK_TRANSFER
T00420,P0164,P0139,3843.02,2026-04-05,BANK_TRANSFER
T00421,P0325,P0035,18931.8,2026-05-08,BANK_TRANSFER
T00422,P0445,P0031,14828.0,2026-04-16,UPI
T00423,P0177,P0077,2983.43,2026-05-07,UPI
T00424,P0023,P0312,7920.87,2026-02-11,CARD
T00425,P0432,P0480,6101.57,2026-07-18,UPI
T00426,P0334,P0467,10882.43,2026-01-20,CARD
T00427,P0187,P0124,1682.54,2026-02-24,UPI
T00428,P0084,P0187,6303.38,2026-03-24,BANK_TRANSFER
T00429,P0142,P0301,8490.81,2026-08-10,BANK_TRANSFER
T00430,P0282,P0238,891.59,2026-01-14,BANK_TRANSFER
T00431,P0334,P0321,1412.89,2026-07-10,BANK_TRANSFER
T00432,P0084,P0260,712.38,2026-07-21,UPI
T00433,P0019,P0239,2935.03,2026-01-15,CARD
T00434,P0041,P0377,6464.2,2026-01-24,UPI
T00435,P0376,P0019,12111.2,2026-02-05,BANK_TRANSFER
T00436,P0430,P0497,3863.3,2026-05-17,UPI
T00437,P0191,P0201,13398.42,2026-05-05,UPI
T00438,P0058,P0379,1207.03,2026-08-10,CARD
T00439,P0301,P0335,931.96,2026-01-01,BANK_TRANSFER
T00440,P0132,P0300,3482.7,2026-02-27,UPI
T00441,P0337,P0497,4950.54,2026-01-15,UPI
T00442,P0358,P0099,3546.95,2026-02-24,BANK_TRANSFER
T00443,P0470,P0292,696.49,2026-03-01,BANK_TRANSFER
T00444,P0292,P0308,3390.4,2026-04-01,CARD
T00445,P0491,P0213,1282.32,2026-05-02,BANK_TRANSFER
T00446,P0044,P0067,6221.32,2026-02-02,BANK_TRANSFER
T00447,P0021,P0344,4881.85,2026-05-22,UPI
T00448,P0039,P0015,1716.59,2026-06-12,UPI
T00449,P0112,P0046,2413.68,2026-06-24,CARD
T00450,P0263,P0234,1560.29,2026-06-02,BANK_TRANSFER
T00451,P0213,P0008,3462.88,2026-07-15,BANK_TRANSFER
T00452,P0332,P0060,7817.45,2026-05-04,BANK_TRANSFER
T00453,P0268,P0117,1654.77,2026-06-03,BANK_TRANSFER
T00454,P0207,P0011,5449.27,2026-06-04,BANK_TRANSFER
T00455,P0369,P0068,2382.23,2026-08-16,UPI
T00456,P0351,P0080,1930.82,2026-02-11,UPI
T00457,P0277,P0199,3342.17,2026-02-04,BANK_TRANSFER
T00458,P0063,P0061,1590.5,2026-02-23,BANK_TRANSFER
T00459,P0090,P0443,2338.07,2026-08-28,UPI
T00460,P0132,P0107,1396.46,2026-06-20,UPI
T00461,P0135,P0058,17531.95,2026-01-13,UPI
T00462,P0332,P0439,3745.13,2026-07-11,UPI
T00463,P0324,P0131,2080.2,2026-08-06,BANK_TRANSFER
T00464,P0179,P0111,4320.75,2026-02-28,CARD
T00465,P0019,P0255,3328.04,2026-04-16,UPI
T00466,P0096,P0075,3051.0,2026-01-15,UPI
T00467,P0165,P0376,5951.11,2026-01-18,CARD
T00468,P0157,P0165,6674.21,2026-03-10,UPI
T00469,P0281,P0265,2381.77,2026-07-24,UPI
T00470,P0379,P0313,2296.97,2026-07-22,CARD
T00471,P0066,P0163,2921.81,2026-04-27,UPI
T00472,P0209,P0020,577.36,2026-02-22,UPI
T00473,P0473,P0477,1083.39,2026-04-26,UPI
T00474,P0427,P0447,10867.15,2026-02-25,CARD
T00475,P0429,P0138,13574.85,2026-01-01,CARD
T00476,P0313,P0350,2983.26,2026-02-06,CARD
T00477,P0442,P0320,5774.72,2026-08-23,UPI
T00478,P0406,P0301,4670.4,2026-03-22,CARD
T00479,P0433,P0406,42749.15,2026-03-17,CARD
T00480,P0230,P0440,8916.51,2026-05-24,UPI
T00481,P0172,P0364,3286.79,2026-05-20,UPI
T00482,P0410,P0183,1695.22,2026-05-21,UPI
T00483,P0153,P0363,1007.11,2026-06-27,UPI
T00484,P0077,P0208,4284.55,2026-07-09,CARD
T00485,P0089,P0246,1988.07,2026-04-18,CARD
T00486,P0222,P0321,1167.01,2026-07-27,BANK_TRANSFER
T00487,P0458,P0143,2170.56,2026-02-03,UPI
T00488,P0172,P0036,1532.66,2026-03-19,CARD
T00489,P0374,P0070,14040.67,2026-08-05,BANK_TRANSFER
T00490,P0097,P0010,7371.02,2026-07-16,BANK_TRANSFER
T00491,P0255,P0317,3617.8,2026-04-22,BANK_TRANSFER
T00492,P0234,P0235,11895.97,2026-02-01,BANK_TRANSFER
T00493,P0002,P0262,3873.43,2026-03-09,UPI
T00494,P0258,P0313,1827.99,2026-04-21,BANK_TRANSFER
T00495,P0043,P0367,12314.09,2026-04-07,CARD
T00496,P0391,P0050,5603.4,2026-06-15,CARD
T00497,P0092,P0029,1587.96,2026-03-22,UPI
T00498,P0406,P0222,3126.69,2026-07-03,CARD
T00499,P0199,P0330,1807.15,2026-03-01,UPI
T00500,P0229,P0424,1204.43,2026-03-19,BANK_TRANSFER
T00501,P0376,P0060,780000.0,2026-03-13,CARD
T00502,P0432,P0448,16773.13,2026-07-02,CARD
T00503,P0288,P0470,1189.33,2026-07-19,BANK_TRANSFER
T00504,P0398,P0057,5712.29,2026-02-28,UPI
T00505,P0284,P0139,2163.51,2026-01-22,UPI
T00506,P0320,P0014,2465.87,2026-03-22,CARD
T00507,P0344,P0485,2266.71,2026-08-13,BANK_TRANSFER
T00508,P0111,P0388,1824.04,2026-07-01,CARD
T00509,P0214,P0118,3785.06,2026-04-07,CARD
T00510,P0305,P0332,1872.89,2026-06-02,BANK_TRANSFER
T00511,P0201,P0360,4520.44,2026-07-21,BANK_TRANSFER
T00512,P0220,P0005,3497.52,2026-06-12,UPI
T00513,P0270,P0331,3007.43,2026-01-21,UPI
T00514,P0174,P0426,1761.55,2026-01-22,CARD
T00515,P0028,P0281,2295.22,2026-04-02,BANK_TRANSFER
T00516,P0321,P0319,6662.92,2026-03-12,UPI
T00517,P0355,P0364,5435.65,2026-01-12,BANK_TRANSFER
T00518,P0457,P0221,1665.63,2026-05-10,UPI
T00519,P0300,P0294,3942.09,2026-05-25,UPI
T00520,P0433,P0065,6641.61,2026-05-07,BANK_TRANSFER
T00521,P0034,P0201,957.64,2026-01-12,UPI
T00522,P0358,P0093,5623.38,2026-01-15,BANK_TRANSFER
T00523,P0048,P0298,2142.87,2026-02-25,CARD
T00524,P0259,P0057,5747.26,2026-05-20,CARD
T00525,P0108,P0212,1977.11,2026-08-17,BANK_TRANSFER
T00526,P0313,P0008,859.28,2026-04-05,UPI
T00527,P0231,P0227,990.26,2026-05-19,CARD
T00528,P0048,P0499,3783.74,2026-02-25,BANK_TRANSFER
T00529,P0223,P0225,4481.79,2026-06-12,UPI
T00530,P0497,P0355,1766.13,2026-01-09,UPI
T00531,P0423,P0253,6068.54,2026-06-21,UPI
T00532,P0378,P0448,963.7,2026-02-11,BANK_TRANSFER
T00533,P0182,P0331,3453.47,2026-03-06,CARD
T00534,P0165,P0027,1381.86,2026-04-27,CARD
T00535,P0202,P0019,2161.44,2026-04-19,UPI
T00536,P0110,P0218,3781.66,2026-08-10,CARD
T00537,P0220,P0227,1829.26,2026-06-13,BANK_TRANSFER
T00538,P0488,P0189,2676.74,2026-04-25,BANK_TRANSFER
T00539,P0483,P0039,8143.98,2026-06-08,BANK_TRANSFER
T00540,P0339,P0358,2295.0,2026-08-10,UPI
T00541,P0307,P0479,7105.0,2026-03-16,UPI
T00542,P0266,P0054,1474.74,2026-03-02,BANK_TRANSFER
T00543,P0280,P0023,5562.72,2026-01-07,BANK_TRANSFER
T00544,P0277,P0046,11536.31,2026-01-04,UPI
T00545,P0128,P0325,504.05,2026-03-26,UPI
T00546,P0258,P0078,1924.62,2026-04-09,UPI
T00547,P0417,P0394,5777.1,2026-07-01,CARD
T00548,P0351,P0315,3095.06,2026-01-19,BANK_TRANSFER
T00549,P0178,P0251,4899.64,2026-06-04,BANK_TRANSFER
T00550,P0205,P0044,2245.79,2026-01-16,BANK_TRANSFER
T00551,P0134,P0160,3902.11,2026-05-20,UPI
T00552,P0144,P0115,3214.6,2026-05-24,CARD
T00553,P0362,P0457,9267.1,2026-07-23,UPI
T00554,P0223,P0491,4462.82,2026-03-05,CARD
T00555,P0087,P0239,4769.91,2026-08-05,BANK_TRANSFER
T00556,P0054,P0010,2618.87,2026-06-09,CARD
T00557,P0406,P0439,2464.92,2026-01-06,CARD
T00558,P0196,P0010,2575.9,2026-03-17,CARD
T00559,P0155,P0436,4991.85,2026-07-12,CARD
T00560,P0170,P0300,2599.86,2026-03-03,CARD
T00561,P0272,P0301,4590.85,2026-06-13,CARD
T00562,P0260,P0414,19155.03,2026-07-09,CARD
T00563,P0295,P0460,7309.28,2026-04-28,UPI
T00564,P0343,P0300,2805.06,2026-08-09,BANK_TRANSFER
T00565,P0098,P0449,9518.3,2026-02-18,UPI
T00566,P0091,P0120,2626.85,2026-05-18,BANK_TRANSFER
T00567,P0211,P0044,713.01,2026-05-10,BANK_TRANSFER
T00568,P0115,P0375,1625.44,2026-04-22,CARD
T00569,P0394,P0226,815.15,2026-04-13,CARD
T00570,P0331,P0019,2748.44,2026-01-17,BANK_TRANSFER
T00571,P0225,P0174,3695.0,2026-04-25,CARD
T00572,P0240,P0309,13920.95,2026-05-15,BANK_TRANSFER
T00573,P0386,P0111,4729.34,2026-02-17,CARD
T00574,P0112,P0335,3055.56,2026-05-06,CARD
T00575,P0294,P0009,7069.35,2026-01-06,BANK_TRANSFER
T00576,P0478,P0304,620.85,2026-03-21,BANK_TRANSFER
T00577,P0276,P0480,4396.18,2026-06-06,UPI
T00578,P0152,P0205,6745.91,2026-02-11,UPI
T00579,P0405,P0500,1115.58,2026-03-04,BANK_TRANSFER
T00580,P0252,P0207,9090.66,2026-01-27,CARD
T00581,P0477,P0312,4773.32,2026-07-02,UPI
T00582,P0011,P0194,2611.73,2026-07-28,BANK_TRANSFER
T00583,P0259,P0454,6040.4,2026-08-17,CARD
T00584,P0082,P0362,22394.13,2026-05-05,CARD
T00585,P0190,P0434,4211.16,2026-07-12,CARD
T00586,P0067,P0387,4440.74,2026-04-18,BANK_TRANSFER
T00587,P0129,P0360,2521.25,2026-01-21,CARD
T00588,P0154,P0370,1844.8,2026-05-21,BANK_TRANSFER
T00589,P0010,P0353,7074.62,2026-04-19,CARD
T00590,P0205,P0100,1835.61,2026-04-24,BANK_TRANSFER
T00591,P0194,P0486,3855.49,2026-07-20,UPI
T00592,P0268,P0062,2484.62,2026-05-10,CARD
T00593,P0272,P0201,5341.08,2026-01-05,CARD
T00594,P0365,P0208,4754.89,2026-06-08,UPI
T00595,P0352,P0285,8350.13,2026-04-28,UPI
T00596,P0177,P0340,2421.12,2026-04-01,BANK_TRANSFER
T00597,P0009,P0239,2933.94,2026-02-20,UPI
T00598,P0408,P0150,1664.02,2026-08-17,BANK_TRANSFER
T00599,P0484,P0012,2551.83,2026-02-12,UPI
T00600,P0264,P0364,4923.82,2026-04-08,BANK_TRANSFER
T00601,P0415,P0164,6671.44,2026-02-06,CARD
T00602,P0271,P0077,1741.09,2026-05-12,BANK_TRANSFER
T00603,P0386,P0045,7300.4,2026-04-07,BANK_TRANSFER
T00604,P0287,P0267,10769.9,2026-02-10,CARD
T00605,P0252,P0386,5068.24,2026-05-05,BANK_TRANSFER
T00606,P0013,P0235,16341.07,2026-05-08,CARD
T00607,P0433,P0069,1960.53,2026-01-27,UPI
T00608,P0305,P0183,1345.17,2026-01-21,CARD
T00609,P0411,P0029,877.45,2026-08-17,BANK_TRANSFER
T00610,P0229,P0444,12050.19,2026-06-11,UPI
T00611,P0018,P0398,6145.61,2026-06-07,CARD
T00612,P0164,P0248,3482.59,2026-07-23,UPI
T00613,P0334,P0113,4554.97,2026-07-28,BANK_TRANSFER
T00614,P0107,P0112,1479.72,2026-07-03,BANK_TRANSFER
T00615,P0093,P0498,25760.6,2026-05-16,BANK_TRANSFER
T00616,P0044,P0183,4037.48,2026-02-27,BANK_TRANSFER
T00617,P0377,P0115,3973.95,2026-03-20,BANK_TRANSFER
T00618,P0224,P0213,6506.87,2026-02-21,BANK_TRANSFER
T00619,P0261,P0452,5349.76,2026-03-23,BANK_TRANSFER
T00620,P0335,P0124,4355.12,2026-07-10,CARD
T00621,P0176,P0039,1934.53,2026-08-17,UPI
T00622,P0357,P0231,5309.08,2026-06-24,BANK_TRANSFER
T00623,P0243,P0104,16409.56,2026-01-25,BANK_TRANSFER
T00624,P0035,P0134,10682.22,2026-07-01,UPI
T00625,P0253,P0343,13024.0,2026-05-25,UPI
T00626,P0305,P0194,2418.8,2026-05-01,CARD
T00627,P0031,P0032,1649.65,2026-03-11,BANK_TRANSFER
T00628,P0347,P0262,3292.39,2026-04-28,CARD
T00629,P0169,P0475,3806.94,2026-07-27,UPI
T00630,P0229,P0267,8737.27,2026-04-21,CARD
T00631,P0243,P0245,940.14,2026-08-13,BANK_TRANSFER
T00632,P0134,P0001,12377.56,2026-03-08,BANK_TRANSFER
T00633,P0481,P0242,3208.61,2026-02-10,BANK_TRANSFER
T00634,P0059,P0454,2587.62,2026-04-15,BANK_TRANSFER
T00635,P0338,P0450,1620.22,2026-01-25,UPI
T00636,P0273,P0332,968.85,2026-03-14,BANK_TRANSFER
T00637,P0409,P0417,7034.18,2026-07-11,UPI
T00638,P0292,P0115,3860.9,2026-07-16,BANK_TRANSFER
T00639,P0199,P0092,1297.29,2026-08-12,BANK_TRANSFER
T00640,P0175,P0346,1291.99,2026-05-01,UPI
T00641,P0399,P0157,2783.24,2026-04-20,BANK_TRANSFER
T00642,P0185,P0318,13838.6,2026-06-11,UPI
T00643,P0205,P0337,2958.17,2026-05-21,UPI
T00644,P0093,P0352,1093.88,2026-01-28,CARD
T00645,P0135,P0225,2991.13,2026-01-11,BANK_TRANSFER
T00646,P0454,P0134,2927.26,2026-08-28,BANK_TRANSFER
T00647,P0184,P0259,420.94,2026-04-20,CARD
T00648,P0393,P0363,3486.19,2026-01-03,CARD
T00649,P0374,P0336,3026.77,2026-08-13,CARD
T00650,P0448,P0311,6354.8,2026-03-27,BANK_TRANSFER
T00651,P0032,P0140,15981.15,2026-04-17,CARD
T00652,P0170,P0464,8966.51,2026-03-28,CARD
T00653,P0231,P0033,2936.25,2026-06-25,CARD
T00654,P0266,P0120,1502.34,2026-05-21,CARD
T00655,P0399,P0137,28529.33,2026-04-01,UPI
T00656,P0422,P0299,3817.59,2026-08-23,UPI
T00657,P0282,P0163,3681.75,2026-05-09,UPI
T00658,P0412,P0144,3571.35,2026-01-05,CARD
T00659,P0460,P0394,4266.15,2026-05-27,CARD
T00660,P0392,P0004,3243.84,2026-05-23,BANK_TRANSFER
T00661,P0264,P0269,2300.93,2026-07-23,CARD
T00662,P0456,P0322,2350.8,2026-01-18,CARD
T00663,P0232,P0206,3546.79,2026-04-27,BANK_TRANSFER
T00664,P0481,P0337,2357.27,2026-03-16,UPI
T00665,P0158,P0225,2058.48,2026-08-04,UPI
T00666,P0180,P0229,3964.54,2026-08-07,BANK_TRANSFER
T00667,P0401,P0483,2969.11,2026-02-11,BANK_TRANSFER
T00668,P0063,P0430,12127.06,2026-07-06,UPI
T00669,P0380,P0251,436.69,2026-04-13,BANK_TRANSFER
T00670,P0433,P0044,8718.53,2026-04-24,CARD
T00671,P0370,P0254,9866.18,2026-04-03,BANK_TRANSFER
T00672,P0011,P0358,693.18,2026-04-03,CARD
T00673,P0354,P0432,2767.92,2026-02-13,BANK_TRANSFER
T00674,P0213,P0444,2704.97,2026-02-14,UPI
T00675,P0160,P0383,1180.85,2026-07-20,CARD
T00676,P0280,P0268,1954.22,2026-07-16,BANK_TRANSFER
T00677,P0089,P0480,1497.48,2026-02-17,UPI
T00678,P0093,P0160,14791.62,2026-08-19,CARD
T00679,P0323,P0093,7696.67,2026-03-09,BANK_TRANSFER
T00680,P0208,P0334,10069.28,2026-07-15,UPI
T00681,P0352,P0234,6485.59,2026-02-13,BANK_TRANSFER
T00682,P0048,P0327,1475.51,2026-05-17,CARD
T00683,P0293,P0184,2393.19,2026-08-20,UPI
T00684,P0171,P0234,5385.68,2026-06-23,UPI
T00685,P0099,P0490,1369.63,2026-06-05,CARD
T00686,P0258,P0029,6440.74,2026-01-26,CARD
T00687,P0097,P0150,3004.12,2026-02-08,BANK_TRANSFER
T00688,P0123,P0129,2697.67,2026-06-09,UPI
T00689,P0147,P0245,6430.25,2026-02-03,BANK_TRANSFER
T00690,P0449,P0162,5194.79,2026-03-28,UPI
T00691,P0486,P0034,2727.74,2026-02-27,CARD
T00692,P0171,P0044,9204.65,2026-08-03,CARD
T00693,P0496,P0001,1533.26,2026-08-27,UPI
T00694,P0223,P0234,5959.54,2026-08-21,BANK_TRANSFER
T00695,P0500,P0342,5851.66,2026-04-27,UPI
T00696,P0108,P0050,2842.28,2026-07-28,BANK_TRANSFER
T00697,P0161,P0125,4726.34,2026-04-07,BANK_TRANSFER
T00698,P0456,P0152,1338.24,2026-03-12,BANK_TRANSFER
T00699,P0005,P0438,7625.26,2026-04-12,UPI
T00700,P0125,P0356,3140.31,2026-03-27,CARD
T00701,P0046,P0017,2396.64,2026-02-06,BANK_TRANSFER
T00702,P0486,P0154,8427.09,2026-07-15,BANK_TRANSFER
T00703,P0394,P0439,2072.53,2026-02-10,CARD
T00704,P0302,P0343,1179.95,2026-06-28,CARD
T00705,P0391,P0437,1048.06,2026-08-16,UPI
T00706,P0120,P0049,5912.4,2026-08-01,BANK_TRANSFER
T00707,P0220,P0273,1307.22,2026-03-12,CARD
T00708,P0101,P0096,14821.52,2026-01-03,BANK_TRANSFER
T00709,P0411,P0473,688.46,2026-04-11,BANK_TRANSFER
T00710,P0190,P0199,14145.69,2026-04-26,BANK_TRANSFER
T00711,P0448,P0242,4310.52,2026-04-14,CARD
T00712,P0222,P0121,3369.87,2026-07-21,BANK_TRANSFER
T00713,P0343,P0160,2354.46,2026-05-19,CARD
T00714,P0449,P0060,5010.59,2026-01-22,BANK_TRANSFER
T00715,P0477,P0489,3532.96,2026-04-25,UPI
T00716,P0402,P0212,8801.18,2026-08-25,UPI
T00717,P0290,P0072,3989.34,2026-01-13,CARD
T00718,P0402,P0012,4106.15,2026-05-05,CARD
T00719,P0151,P0076,2721.97,2026-03-25,UPI
T00720,P0046,P0315,3478.8,2026-03-09,BANK_TRANSFER
T00721,P0135,P0490,4657.53,2026-04-21,CARD
T00722,P0175,P0026,926.92,2026-07-20,CARD
T00723,P0248,P0278,1238.25,2026-03-02,CARD
T00724,P0297,P0378,6598.59,2026-04-17,BANK_TRANSFER
T00725,P0069,P0448,4174.26,2026-02-04,UPI
T00726,P0477,P0010,3142.62,2026-04-17,UPI
T00727,P0371,P0304,3695.04,2026-04-19,CARD
T00728,P0451,P0428,4808.14,2026-01-04,BANK_TRANSFER
T00729,P0456,P0002,2364.19,2026-06-20,BANK_TRANSFER
T00730,P0482,P0153,1953.46,2026-08-14,UPI
T00731,P0223,P0287,4258.52,2026-01-24,CARD
T00732,P0199,P0263,1664.54,2026-01-08,UPI
T00733,P0159,P0373,5047.27,2026-01-01,BANK_TRANSFER
T00734,P0350,P0357,932.56,2026-05-28,BANK_TRANSFER
T00735,P0267,P0009,8294.31,2026-02-26,CARD
T00736,P0394,P0103,5313.88,2026-02-27,BANK_TRANSFER
T00737,P0109,P0470,4468.57,2026-04-14,UPI
T00738,P0469,P0184,7991.65,2026-08-09,UPI
T00739,P0096,P0053,13799.39,2026-02-04,BANK_TRANSFER
T00740,P0137,P0295,8196.77,2026-06-20,CARD
T00741,P0379,P0336,834.89,2026-03-19,UPI
T00742,P0389,P0350,1308.11,2026-08-20,CARD
T00743,P0496,P0056,2208.67,2026-07-27,CARD
T00744,P0410,P0337,3717.75,2026-01-20,UPI
T00745,P0121,P0195,5508.94,2026-05-03,BANK_TRANSFER
T00746,P0330,P0214,2037.35,2026-06-23,CARD
T00747,P0066,P0010,4227.7,2026-06-19,BANK_TRANSFER
T00748,P0278,P0325,1989.61,2026-04-26,BANK_TRANSFER
T00749,P0013,P0462,2232.3,2026-01-03,BANK_TRANSFER
T00750,P0423,P0267,1181.65,2026-01-04,UPI
T00751,P0175,P0458,1739.61,2026-04-24,BANK_TRANSFER
T00752,P0010,P0320,1234.79,2026-07-10,UPI
T00753,P0312,P0154,1667.87,2026-06-21,UPI
T00754,P0336,P0137,8458.38,2026-08-07,UPI
T00755,P0031,P0002,1703.57,2026-07-02,UPI
T00756,P0191,P0101,29908.73,2026-06-07,CARD
T00757,P0499,P0406,5402.7,2026-01-12,UPI
T00758,P0092,P0407,4221.18,2026-06-14,CARD
T00759,P0089,P0475,1832.28,2026-05-22,CARD
T00760,P0280,P0380,6375.69,2026-01-28,BANK_TRANSFER
T00761,P0306,P0254,2297.3,2026-01-09,BANK_TRANSFER
T00762,P0142,P0283,4014.26,2026-06-11,BANK_TRANSFER
T00763,P0050,P0350,28227.94,2026-07-19,CARD
T00764,P0108,P0084,3371.63,2026-05-02,BANK_TRANSFER
T00765,P0457,P0392,9130.89,2026-08-25,CARD
T00766,P0489,P0401,2074.47,2026-05-04,UPI
T00767,P0467,P0328,3540.45,2026-04-12,UPI
T00768,P0291,P0051,15012.53,2026-01-08,CARD
T00769,P0330,P0398,2204.88,2026-02-23,BANK_TRANSFER
T00770,P0417,P0394,15521.15,2026-07-16,BANK_TRANSFER
T00771,P0352,P0014,6413.76,2026-06-05,UPI
T00772,P0260,P0468,2321.63,2026-06-22,CARD
T00773,P0436,P0500,6038.59,2026-07-17,CARD
T00774,P0022,P0134,7927.11,2026-04-20,BANK_TRANSFER
T00775,P0074,P0303,5987.61,2026-01-02,CARD
T00776,P0347,P0339,1036.72,2026-03-11,CARD
T00777,P0425,P0325,2035.08,2026-06-16,CARD
T00778,P0405,P0103,2986.88,2026-01-07,BANK_TRANSFER
T00779,P0013,P0110,3430.47,2026-08-16,UPI
T00780,P0385,P0043,5982.16,2026-03-02,BANK_TRANSFER
T00781,P0496,P0283,4197.15,2026-07-19,CARD
T00782,P0353,P0157,1251.03,2026-06-07,CARD
T00783,P0032,P0234,4935.25,2026-05-17,BANK_TRANSFER
T00784,P0486,P0283,5934.09,2026-02-26,UPI
T00785,P0132,P0500,5697.78,2026-01-24,CARD
T00786,P0179,P0354,8644.03,2026-02-09,UPI
T00787,P0164,P0030,7094.94,2026-02-18,UPI
T00788,P0125,P0364,5257.15,2026-07-03,BANK_TRANSFER
T00789,P0450,P0018,3442.2,2026-01-02,BANK_TRANSFER
T00790,P0264,P0420,964.13,2026-06-10,CARD
T00791,P0337,P0056,5134.28,2026-03-22,UPI
T00792,P0341,P0129,4299.05,2026-02-01,CARD
T00793,P0299,P0146,4524.5,2026-06-06,BANK_TRANSFER
T00794,P0168,P0453,1311.07,2026-04-23,CARD
T00795,P0198,P0075,1533.27,2026-06-27,BANK_TRANSFER
T00796,P0221,P0041,8455.08,2026-05-09,UPI
T00797,P0480,P0080,3527.54,2026-08-02,UPI
T00798,P0467,P0431,6280.47,2026-01-20,UPI
T00799,P0339,P0067,3724.38,2026-02-11,UPI
T00800,P0302,P0131,3728.66,2026-02-16,BANK_TRANSFER
T00801,P0057,P0050,7712.73,2026-05-17,UPI
T00802,P0081,P0129,2409.48,2026-01-20,BANK_TRANSFER
T00803,P0384,P0176,3931.97,2026-03-22,BANK_TRANSFER
T00804,P0417,P0040,2515.38,2026-03-04,BANK_TRANSFER
T00805,P0419,P0404,2571.91,2026-07-23,CARD
T00806,P0153,P0265,2843.13,2026-02-23,CARD
T00807,P0031,P0001,4349.03,2026-02-03,UPI
T00808,P0364,P0107,2482.45,2026-04-23,UPI
T00809,P0063,P0215,9942.81,2026-08-19,BANK_TRANSFER
T00810,P0173,P0189,1779.9,2026-07-21,BANK_TRANSFER
T00811,P0464,P0126,3135.37,2026-03-08,CARD
T00812,P0373,P0332,2561.16,2026-04-13,CARD
T00813,P0158,P0051,11586.34,2026-05-08,BANK_TRANSFER
T00814,P0145,P0202,4260.93,2026-03-06,CARD
T00815,P0012,P0384,8312.17,2026-08-09,CARD
T00816,P0309,P0330,1109.37,2026-01-11,UPI
T00817,P0263,P0346,4508.14,2026-01-11,CARD
T00818,P0315,P0189,7418.3,2026-01-20,CARD
T00819,P0497,P0139,3888.69,2026-03-17,CARD
T00820,P0036,P0224,8538.87,2026-04-13,UPI
T00821,P0170,P0488,2407.08,2026-08-16,UPI
T00822,P0044,P0014,11242.74,2026-08-06,BANK_TRANSFER
T00823,P0147,P0489,22905.18,2026-02-02,BANK_TRANSFER
T00824,P0299,P0041,2723.65,2026-06-24,BANK_TRANSFER
T00825,P0464,P0446,2549.36,2026-02-12,BANK_TRANSFER
T00826,P0173,P0047,11645.88,2026-05-19,BANK_TRANSFER
T00827,P0368,P0500,12882.92,2026-06-06,CARD
T00828,P0218,P0132,2396.37,2026-04-21,BANK_TRANSFER
T00829,P0072,P0071,2601.52,2026-02-16,UPI
T00830,P0066,P0283,2906.11,2026-05-05,BANK_TRANSFER
T00831,P0398,P0269,1241.95,2026-08-21,CARD
T00832,P0088,P0291,1745.99,2026-01-22,UPI
T00833,P0012,P0457,1630.57,2026-03-20,UPI
T00834,P0330,P0476,1969.95,2026-08-06,BANK_TRANSFER
T00835,P0161,P0397,3541.31,2026-02-21,CARD
T00836,P0125,P0369,4391.26,2026-05-05,UPI
T00837,P0160,P0321,12586.76,2026-06-27,BANK_TRANSFER
T00838,P0265,P0386,1638.14,2026-02-08,UPI
T00839,P0149,P0186,8002.09,2026-07-05,CARD
T00840,P0191,P0117,3068.09,2026-01-07,UPI
T00841,P0453,P0071,3499.69,2026-05-28,UPI
T00842,P0113,P0009,6246.99,2026-01-04,UPI
T00843,P0108,P0034,1483.0,2026-05-14,BANK_TRANSFER
T00844,P0427,P0158,4943.99,2026-03-03,BANK_TRANSFER
T00845,P0128,P0239,4159.55,2026-08-17,CARD
T00846,P0448,P0347,5398.96,2026-01-28,BANK_TRANSFER
T00847,P0172,P0340,4588.62,2026-03-24,UPI
T00848,P0457,P0245,25958.13,2026-08-01,CARD
T00849,P0065,P0219,2185.95,2026-01-24,BANK_TRANSFER
T00850,P0289,P0239,2380.83,2026-07-20,CARD
T00851,P0243,P0314,2211.64,2026-08-23,UPI
T00852,P0180,P0207,2334.65,2026-07-21,BANK_TRANSFER
T00853,P0040,P0033,2186.57,2026-04-12,UPI
T00854,P0438,P0230,9425.87,2026-07-26,BANK_TRANSFER
T00855,P0317,P0319,11343.54,2026-07-15,UPI
T00856,P0359,P0229,2306.31,2026-07-07,UPI
T00857,P0290,P0211,1870.79,2026-01-02,BANK_TRANSFER
T00858,P0058,P0467,5308.86,2026-02-20,BANK_TRANSFER
T00859,P0256,P0161,2340.74,2026-01-22,BANK_TRANSFER
T00860,P0326,P0095,6041.12,2026-03-02,UPI
T00861,P0034,P0074,4282.7,2026-08-27,UPI
T00862,P0375,P0145,1082.91,2026-03-05,CARD
T00863,P0190,P0478,12556.63,2026-04-08,CARD
T00864,P0368,P0466,15316.75,2026-03-07,CARD
T00865,P0044,P0414,2230.03,2026-05-08,UPI
T00866,P0058,P0209,2670.01,2026-02-14,BANK_TRANSFER
T00867,P0379,P0442,4576.51,2026-08-10,CARD
T00868,P0158,P0467,4757.92,2026-07-19,BANK_TRANSFER
T00869,P0021,P0250,6166.18,2026-02-04,CARD
T00870,P0270,P0414,18181.57,2026-06-03,UPI
T00871,P0061,P0190,3160.36,2026-08-18,BANK_TRANSFER
T00872,P0066,P0123,1922.46,2026-01-07,BANK_TRANSFER
T00873,P0061,P0165,1207.79,2026-06-17,BANK_TRANSFER
T00874,P0006,P0094,2028.91,2026-07-10,UPI
T00875,P0108,P0207,3545.73,2026-03-24,BANK_TRANSFER
T00876,P0174,P0409,15300.58,2026-05-23,BANK_TRANSFER
T00877,P0380,P0298,2406.46,2026-04-15,UPI
T00878,P0416,P0144,4354.78,2026-08-21,CARD
T00879,P0255,P0178,3593.43,2026-01-17,CARD
T00880,P0012,P0183,9421.17,2026-08-21,UPI
T00881,P0035,P0456,27489.13,2026-08-17,BANK_TRANSFER
T00882,P0324,P0158,2381.07,2026-05-02,UPI
T00883,P0080,P0376,2461.31,2026-08-27,BANK_TRANSFER
T00884,P0397,P0261,8394.47,2026-05-06,BANK_TRANSFER
T00885,P0158,P0480,6282.44,2026-04-15,CARD
T00886,P0423,P0105,15952.42,2026-07-13,BANK_TRANSFER
T00887,P0490,P0027,5808.88,2026-05-10,CARD
T00888,P0387,P0204,2731.39,2026-08-04,UPI
T00889,P0276,P0269,5840.22,2026-02-14,UPI
T00890,P0270,P0087,8839.3,2026-08-23,BANK_TRANSFER
T00891,P0331,P0113,7019.07,2026-05-27,BANK_TRANSFER
T00892,P0238,P0148,5463.36,2026-07-15,CARD
T00893,P0380,P0150,8547.04,2026-06-23,UPI
T00894,P0237,P0459,9278.33,2026-04-23,UPI
T00895,P0329,P0325,11000.84,2026-02-21,CARD
T00896,P0425,P0412,6117.86,2026-02-11,BANK_TRANSFER
T00897,P0254,P0168,3185.31,2026-05-04,UPI
T00898,P0406,P0172,4094.38,2026-05-21,CARD
T00899,P0181,P0176,9558.7,2026-08-20,BANK_TRANSFER
T00900,P0327,P0414,1894.01,2026-01-24,BANK_TRANSFER
T00901,P0308,P0402,4889.96,2026-01-16,BANK_TRANSFER
T00902,P0329,P0029,2658.0,2026-05-21,CARD
T00903,P0192,P0173,3725.65,2026-04-01,UPI
T00904,P0037,P0249,10124.99,2026-04-04,BANK_TRANSFER
T00905,P0054,P0078,4242.38,2026-08-06,BANK_TRANSFER
T00906,P0301,P0090,3778.75,2026-02-21,UPI
T00907,P0295,P0321,1226.74,2026-06-13,BANK_TRANSFER
T00908,P0354,P0066,6614.39,2026-05-02,BANK_TRANSFER
T00909,P0188,P0176,6102.09,2026-03-11,UPI
T00910,P0256,P0241,20549.74,2026-05-21,CARD
T00911,P0182,P0221,2846.31,2026-06-05,CARD
T00912,P0207,P0158,4338.66,2026-03-25,CARD
T00913,P0139,P0111,4444.87,2026-08-10,UPI
T00914,P0259,P0382,12861.1,2026-03-26,UPI
T00915,P0013,P0095,3373.69,2026-03-02,BANK_TRANSFER
T00916,P0038,P0002,4551.52,2026-07-10,CARD
T00917,P0208,P0022,5921.33,2026-08-06,BANK_TRANSFER
T00918,P0175,P0081,4227.17,2026-01-27,CARD
T00919,P0055,P0371,2547.46,2026-05-17,BANK_TRANSFER
T00920,P0215,P0025,4252.54,2026-07-15,UPI
T00921,P0225,P0088,8594.74,2026-06-02,UPI
T00922,P0294,P0123,1601.65,2026-03-04,CARD
T00923,P0294,P0176,4049.61,2026-07-24,CARD
T00924,P0100,P0405,2079.54,2026-03-02,BANK_TRANSFER
T00925,P0376,P0001,9471.45,2026-07-24,BANK_TRANSFER
T00926,P0022,P0204,1076.48,2026-07-21,UPI
T00927,P0345,P0370,2328.23,2026-06-18,CARD
T00928,P0130,P0140,4923.47,2026-06-05,UPI
T00929,P0204,P0129,12738.95,2026-05-03,UPI
T00930,P0464,P0381,3454.39,2026-01-26,UPI
T00931,P0407,P0455,2335.17,2026-03-02,CARD
T00932,P0292,P0193,16398.18,2026-08-13,CARD
T00933,P0018,P0153,1143.2,2026-01-26,BANK_TRANSFER
T00934,P0074,P0126,627.01,2026-03-04,BANK_TRANSFER
T00935,P0062,P0357,5177.16,2026-08-11,UPI
T00936,P0309,P0193,2436.59,2026-08-19,UPI
T00937,P0456,P0296,1608.43,2026-07-01,BANK_TRANSFER
T00938,P0268,P0221,6416.87,2026-06-08,UPI
T00939,P0487,P0139,4425.07,2026-04-09,UPI
T00940,P0092,P0017,2318.64,2026-08-27,UPI
T00941,P0462,P0147,1307.35,2026-04-03,CARD
T00942,P0024,P0478,7317.07,2026-08-15,UPI
T00943,P0085,P0074,6125.16,2026-08-09,CARD
T00944,P0477,P0487,3363.24,2026-06-17,CARD
T00945,P0099,P0376,15951.52,2026-07-16,BANK_TRANSFER
T00946,P0085,P0277,1546.78,2026-07-02,UPI
T00947,P0249,P0397,1074.47,2026-07-23,CARD
T00948,P0242,P0342,2093.25,2026-08-07,CARD
T00949,P0391,P0449,3510.56,2026-01-04,UPI
T00950,P0033,P0413,4423.43,2026-04-02,CARD
T00951,P0180,P0089,3001.93,2026-03-07,CARD
T00952,P0114,P0187,4825.38,2026-03-05,UPI
T00953,P0239,P0253,1337.78,2026-06-02,BANK_TRANSFER
T00954,P0147,P0408,11556.6,2026-01-13,CARD
T00955,P0124,P0323,3409.36,2026-03-09,BANK_TRANSFER
T00956,P0282,P0349,8900.27,2026-07-18,BANK_TRANSFER
T00957,P0210,P0018,4789.5,2026-05-28,UPI
T00958,P0475,P0479,5246.95,2026-03-14,UPI
T00959,P0203,P0371,5743.44,2026-06-11,CARD
T00960,P0160,P0067,5209.12,2026-08-19,UPI
T00961,P0101,P0338,6088.63,2026-08-02,UPI
T00962,P0062,P0455,10544.1,2026-05-22,BANK_TRANSFER
T00963,P0040,P0380,4260.82,2026-07-20,CARD
T00964,P0389,P0018,6420.19,2026-05-16,CARD
T00965,P0195,P0038,3388.73,2026-01-05,CARD
T00966,P0439,P0219,11522.92,2026-06-09,BANK_TRANSFER
T00967,P0043,P0301,2119.4,2026-01-25,BANK_TRANSFER
T00968,P0102,P0251,15378.91,2026-08-28,UPI
T00969,P0086,P0317,3525.84,2026-07-15,UPI
T00970,P0170,P0006,1159.08,2026-04-11,BANK_TRANSFER
T00971,P0399,P0424,4033.88,2026-03-08,BANK_TRANSFER
T00972,P0419,P0096,2111.51,2026-05-13,CARD
T00973,P0138,P0396,7133.2,2026-06-26,BANK_TRANSFER
T00974,P0005,P0151,2160.08,2026-06-28,UPI
T00975,P0044,P0300,2547.97,2026-01-13,BANK_TRANSFER
T00976,P0386,P0202,803.01,2026-04-06,UPI
T00977,P0345,P0207,2535.52,2026-08-20,UPI
T00978,P0390,P0060,523.69,2026-02-27,BANK_TRANSFER
T00979,P0261,P0173,1025.44,2026-02-06,BANK_TRANSFER
T00980,P0309,P0365,6689.75,2026-03-22,BANK_TRANSFER
T00981,P0092,P0408,6827.0,2026-02-13,CARD
T00982,P0150,P0484,5117.22,2026-03-25,UPI
T00983,P0067,P0451,1679.78,2026-03-12,UPI
T00984,P0280,P0132,3504.6,2026-02-18,BANK_TRANSFER
T00985,P0170,P0405,3630.47,2026-08-13,UPI
T00986,P0251,P0208,1441.31,2026-06-22,BANK_TRANSFER
T00987,P0083,P0082,12121.29,2026-05-28,BANK_TRANSFER
T00988,P0431,P0267,7345.84,2026-04-14,BANK_TRANSFER
T00989,P0008,P0256,3051.01,2026-04-08,CARD
T00990,P0145,P0025,3720.11,2026-04-24,UPI
T00991,P0242,P0262,4301.44,2026-04-13,CARD
T00992,P0058,P0181,710.96,2026-03-28,BANK_TRANSFER
T00993,P0213,P0268,2987.7,2026-07-13,CARD
T00994,P0266,P0013,2109.94,2026-01-16,CARD
T00995,P0190,P0214,1633.87,2026-06-08,UPI
T00996,P0013,P0026,2907.71,2026-03-26,UPI
T00997,P0249,P0187,15338.93,2026-01-20,UPI
T00998,P0355,P0210,6079.48,2026-01-09,BANK_TRANSFER
T00999,P0448,P0003,2305.51,2026-03-18,UPI
T01000,P0121,P0459,5756.39,2026-04-15,UPI
T01001,P0136,P0073,11153.23,2026-02-07,BANK_TRANSFER
T01002,P0148,P0231,7628.96,2026-03-16,CARD
T01003,P0117,P0297,3818.85,2026-03-21,UPI
T01004,P0351,P0209,2169.93,2026-05-28,CARD
T01005,P0168,P0134,6365.06,2026-03-16,BANK_TRANSFER
T01006,P0380,P0449,4987.99,2026-03-20,UPI
T01007,P0374,P0390,7451.38,2026-04-13,CARD
T01008,P0294,P0447,6051.96,2026-04-05,BANK_TRANSFER
T01009,P0016,P0348,8430.76,2026-08-06,CARD
T01010,P0044,P0401,2372.77,2026-06-20,CARD
T01011,P0054,P0323,10445.38,2026-07-03,CARD
T01012,P0257,P0014,4264.5,2026-01-20,CARD
T01013,P0288,P0371,19152.89,2026-01-09,UPI
T01014,P0320,P0107,2097.81,2026-04-13,CARD
T01015,P0091,P0225,14599.92,2026-03-09,BANK_TRANSFER
T01016,P0169,P0425,4265.56,2026-03-06,BANK_TRANSFER
T01017,P0185,P0309,2162.17,2026-05-05,BANK_TRANSFER
T01018,P0251,P0120,2472.27,2026-03-23,CARD
T01019,P0364,P0362,2817.83,2026-08-06,UPI
T01020,P0459,P0076,5111.93,2026-02-26,BANK_TRANSFER
T01021,P0179,P0122,5531.8,2026-03-11,UPI
T01022,P0398,P0050,2300.86,2026-07-20,CARD
T01023,P0097,P0398,3570.7,2026-03-19,BANK_TRANSFER
T01024,P0130,P0186,20207.65,2026-02-03,CARD
T01025,P0341,P0203,14501.89,2026-06-27,CARD
T01026,P0400,P0401,5161.89,2026-02-14,UPI
T01027,P0280,P0205,3753.35,2026-03-25,BANK_TRANSFER
T01028,P0427,P0304,4007.91,2026-06-04,UPI
T01029,P0103,P0298,5948.02,2026-07-14,CARD
T01030,P0003,P0487,1606.42,2026-06-27,BANK_TRANSFER
T01031,P0166,P0433,2963.42,2026-03-21,CARD
T01032,P0208,P0203,958.27,2026-05-16,UPI
T01033,P0500,P0349,5010.94,2026-02-17,UPI
T01034,P0109,P0468,6110.46,2026-03-22,UPI
T01035,P0233,P0080,2473.65,2026-04-24,CARD
T01036,P0061,P0299,12825.48,2026-02-18,BANK_TRANSFER
T01037,P0499,P0205,1365.65,2026-06-12,UPI
T01038,P0397,P0211,1128.34,2026-04-14,CARD
T01039,P0356,P0341,4357.1,2026-06-26,UPI
T01040,P0497,P0194,8414.22,2026-08-24,BANK_TRANSFER
T01041,P0333,P0448,14004.61,2026-06-12,CARD
T01042,P0317,P0481,2522.21,2026-02-20,BANK_TRANSFER
T01043,P0423,P0212,8629.52,2026-08-13,UPI
T01044,P0380,P0095,3530.49,2026-03-07,BANK_TRANSFER
T01045,P0141,P0157,3171.3,2026-06-22,UPI
T01046,P0434,P0149,7382.95,2026-04-15,CARD
T01047,P0003,P0378,6135.57,2026-05-07,CARD
T01048,P0129,P0499,1031.62,2026-03-10,CARD
T01049,P0054,P0437,11863.63,2026-07-05,BANK_TRANSFER
T01050,P0102,P0062,10982.66,2026-08-15,BANK_TRANSFER
T01051,P0392,P0140,2207.35,2026-05-05,UPI
T01052,P0075,P0051,4997.25,2026-03-22,BANK_TRANSFER
T01053,P0068,P0496,5405.78,2026-02-26,CARD
T01054,P0407,P0303,4485.2,2026-08-07,CARD
T01055,P0048,P0343,2344.33,2026-01-08,BANK_TRANSFER
T01056,P0228,P0105,2127.5,2026-02-15,BANK_TRANSFER
T01057,P0052,P0017,3567.27,2026-03-19,BANK_TRANSFER
T01058,P0277,P0122,9303.85,2026-06-01,CARD
T01059,P0377,P0106,5624.46,2026-04-06,BANK_TRANSFER
T01060,P0052,P0013,2706.76,2026-05-11,UPI
T01061,P0377,P0490,6750.41,2026-06-03,UPI
T01062,P0163,P0333,372.85,2026-07-24,UPI
T01063,P0345,P0363,9127.18,2026-05-08,UPI
T01064,P0357,P0226,905.27,2026-02-20,CARD
T01065,P0494,P0324,2724.52,2026-02-13,UPI
T01066,P0477,P0413,1486.63,2026-04-25,BANK_TRANSFER
T01067,P0134,P0229,1292.4,2026-02-23,BANK_TRANSFER
T01068,P0447,P0134,9215.68,2026-04-08,CARD
T01069,P0325,P0260,2504.49,2026-03-11,BANK_TRANSFER
T01070,P0056,P0249,4803.99,2026-07-18,CARD
T01071,P0494,P0073,3506.82,2026-03-02,BANK_TRANSFER
T01072,P0473,P0277,5332.81,2026-03-19,CARD
T01073,P0304,P0462,3871.73,2026-05-11,CARD
T01074,P0353,P0022,1304.54,2026-03-17,BANK_TRANSFER
T01075,P0178,P0236,8078.92,2026-02-22,CARD
T01076,P0214,P0294,2452.82,2026-02-25,CARD
T01077,P0340,P0330,1048.1,2026-02-14,CARD
T01078,P0091,P0190,2585.07,2026-05-20,CARD
T01079,P0101,P0055,12095.73,2026-05-11,UPI
T01080,P0374,P0215,7188.07,2026-06-04,UPI
T01081,P0112,P0472,2754.74,2026-07-04,UPI
T01082,P0213,P0239,2753.41,2026-05-28,BANK_TRANSFER
T01083,P0042,P0221,2814.93,2026-02-14,UPI
T01084,P0164,P0140,19175.69,2026-04-08,BANK_TRANSFER
T01085,P0350,P0011,4942.11,2026-08-25,CARD
T01086,P0407,P0356,5136.02,2026-04-13,BANK_TRANSFER
T01087,P0041,P0066,8301.79,2026-08-23,BANK_TRANSFER
T01088,P0248,P0003,4407.36,2026-07-20,BANK_TRANSFER
T01089,P0494,P0123,2959.47,2026-02-06,UPI
T01090,P0233,P0405,3111.69,2026-05-28,UPI
T01091,P0340,P0352,3438.25,2026-07-20,BANK_TRANSFER
T01092,P0072,P0305,3534.13,2026-07-15,UPI
T01093,P0438,P0027,6516.57,2026-05-03,CARD
T01094,P0221,P0087,3795.44,2026-04-03,CARD
T01095,P0388,P0055,6542.74,2026-07-15,CARD
T01096,P0474,P0454,3413.27,2026-08-11,CARD
T01097,P0354,P0480,3877.35,2026-07-23,BANK_TRANSFER
T01098,P0252,P0494,736.15,2026-05-01,UPI
T01099,P0312,P0421,7578.44,2026-03-21,BANK_TRANSFER
T01100,P0177,P0127,4803.94,2026-02-15,BANK_TRANSFER
T01101,P0168,P0410,8090.19,2026-01-09,BANK_TRANSFER
T01102,P0430,P0053,358.88,2026-07-04,BANK_TRANSFER
T01103,P0362,P0120,19354.88,2026-05-02,UPI
T01104,P0309,P0447,3256.24,2026-08-05,BANK_TRANSFER
T01105,P0245,P0173,8835.62,2026-05-12,BANK_TRANSFER
T01106,P0215,P0420,1584.58,2026-01-19,BANK_TRANSFER
T01107,P0046,P0133,5944.48,2026-03-12,CARD
T01108,P0386,P0032,1567.55,2026-06-13,UPI
T01109,P0210,P0347,2210.52,2026-01-07,CARD
T01110,P0170,P0331,16835.16,2026-06-06,CARD
T01111,P0387,P0268,3125.83,2026-03-07,UPI
T01112,P0482,P0108,4332.7,2026-03-20,CARD
T01113,P0219,P0249,7303.1,2026-04-27,BANK_TRANSFER
T01114,P0104,P0478,5412.93,2026-06-18,CARD
T01115,P0350,P0344,4106.54,2026-06-20,CARD
T01116,P0056,P0447,4875.46,2026-08-25,BANK_TRANSFER
T01117,P0210,P0127,24902.72,2026-06-17,BANK_TRANSFER
T01118,P0361,P0411,3476.93,2026-03-05,BANK_TRANSFER
T01119,P0365,P0332,4276.45,2026-05-08,BANK_TRANSFER
T01120,P0355,P0209,8438.19,2026-04-14,BANK_TRANSFER
T01121,P0091,P0258,8816.86,2026-08-04,UPI
T01122,P0237,P0416,9410.9,2026-02-26,BANK_TRANSFER
T01123,P0190,P0441,6069.21,2026-04-21,BANK_TRANSFER
T01124,P0306,P0388,1459.13,2026-06-12,UPI
T01125,P0311,P0138,13450.15,2026-06-26,UPI
T01126,P0218,P0341,1455.24,2026-06-17,CARD
T01127,P0066,P0311,4638.32,2026-05-18,BANK_TRANSFER
T01128,P0121,P0401,1991.37,2026-01-20,CARD
T01129,P0375,P0237,3458.84,2026-03-17,BANK_TRANSFER
T01130,P0167,P0356,4736.29,2026-05-04,BANK_TRANSFER
T01131,P0298,P0105,4708.32,2026-05-08,UPI
T01132,P0160,P0460,5102.76,2026-02-09,UPI
T01133,P0467,P0037,13239.62,2026-06-09,BANK_TRANSFER
T01134,P0370,P0448,5233.46,2026-01-19,BANK_TRANSFER
T01135,P0237,P0432,2994.93,2026-07-05,BANK_TRANSFER
T01136,P0466,P0074,7873.59,2026-06-16,BANK_TRANSFER
T01137,P0017,P0159,9429.29,2026-01-25,BANK_TRANSFER
T01138,P0082,P0382,1363.64,2026-08-21,CARD
T01139,P0239,P0476,5871.82,2026-01-07,BANK_TRANSFER
T01140,P0129,P0472,6380.09,2026-08-14,BANK_TRANSFER
T01141,P0479,P0417,2869.66,2026-04-02,BANK_TRANSFER
T01142,P0405,P0494,10944.21,2026-08-19,CARD
T01143,P0251,P0165,3229.09,2026-02-22,CARD
T01144,P0001,P0299,4025.73,2026-01-13,CARD
T01145,P0336,P0182,3170.18,2026-02-20,BANK_TRANSFER
T01146,P0012,P0250,3686.61,2026-03-27,UPI
T01147,P0144,P0487,1514.71,2026-07-04,BANK_TRANSFER
T01148,P0372,P0022,1150.51,2026-05-04,CARD
T01149,P0380,P0033,13037.75,2026-08-02,CARD
T01150,P0079,P0289,1849.06,2026-03-05,UPI
T01151,P0301,P0074,1647.29,2026-06-03,CARD
T01152,P0108,P0317,650.21,2026-01-01,UPI
T01153,P0300,P0353,2183.82,2026-06-02,UPI
T01154,P0401,P0377,1263.36,2026-02-10,BANK_TRANSFER
T01155,P0132,P0463,13542.82,2026-08-06,CARD
T01156,P0293,P0029,8166.97,2026-06-12,BANK_TRANSFER
T01157,P0065,P0124,2099.55,2026-08-17,UPI
T01158,P0356,P0317,22069.43,2026-01-09,CARD
T01159,P0492,P0469,7985.74,2026-08-12,BANK_TRANSFER
T01160,P0360,P0395,2807.74,2026-05-11,BANK_TRANSFER
T01161,P0476,P0279,492.98,2026-05-10,UPI
T01162,P0423,P0196,22759.87,2026-04-07,UPI
T01163,P0422,P0484,1197.92,2026-04-25,CARD
T01164,P0286,P0279,976.21,2026-05-24,BANK_TRANSFER
T01165,P0176,P0034,8250.72,2026-01-07,CARD
T01166,P0149,P0288,25637.26,2026-04-26,UPI
T01167,P0287,P0071,11019.46,2026-05-03,UPI
T01168,P0022,P0061,5716.59,2026-07-26,UPI
T01169,P0208,P0339,5859.41,2026-05-22,CARD
T01170,P0135,P0412,7206.46,2026-01-07,BANK_TRANSFER
T01171,P0328,P0382,6681.8,2026-04-28,BANK_TRANSFER
T01172,P0475,P0478,4559.43,2026-02-16,CARD
T01173,P0248,P0379,3957.47,2026-04-07,BANK_TRANSFER
T01174,P0368,P0352,3463.12,2026-04-25,CARD
T01175,P0323,P0022,1991.87,2026-08-04,CARD
T01176,P0369,P0419,2908.7,2026-03-27,UPI
T01177,P0321,P0436,939.77,2026-03-03,BANK_TRANSFER
T01178,P0344,P0009,3365.49,2026-07-22,UPI
T01179,P0292,P0085,1650.98,2026-04-03,CARD
T01180,P0476,P0193,1505.87,2026-08-21,CARD
T01181,P0267,P0059,4204.52,2026-02-22,UPI
T01182,P0279,P0411,11087.81,2026-01-05,UPI
T01183,P0471,P0278,7590.5,2026-04-13,CARD
T01184,P0349,P0246,1036.49,2026-01-25,CARD
T01185,P0072,P0409,1649.62,2026-06-15,CARD
T01186,P0452,P0163,7728.09,2026-04-26,BANK_TRANSFER
T01187,P0217,P0159,1659.07,2026-05-22,UPI
T01188,P0463,P0036,3042.07,2026-04-12,BANK_TRANSFER
T01189,P0466,P0400,5653.57,2026-08-23,UPI
T01190,P0268,P0201,1677.94,2026-04-19,CARD
T01191,P0360,P0201,3961.19,2026-03-10,UPI
T01192,P0340,P0081,1252.35,2026-04-17,CARD
T01193,P0135,P0496,2250.5,2026-03-02,UPI
T01194,P0037,P0244,4702.39,2026-06-20,UPI
T01195,P0134,P0165,1018.01,2026-01-20,UPI
T01196,P0308,P0330,5179.06,2026-01-21,UPI
T01197,P0319,P0346,3584.2,2026-06-25,BANK_TRANSFER
T01198,P0071,P0267,5664.6,2026-07-20,UPI
T01199,P0315,P0175,4355.22,2026-04-19,CARD
T01200,P0401,P0482,10843.41,2026-02-01,BANK_TRANSFER
T01201,P0436,P0368,950000.0,2026-08-08,UPI
T01202,P0110,P0471,2582.4,2026-03-15,BANK_TRANSFER
T01203,P0497,P0164,4015.18,2026-04-25,BANK_TRANSFER
T01204,P0277,P0343,5623.1,2026-01-28,UPI
T01205,P0355,P0154,3786.09,2026-07-13,CARD
T01206,P0316,P0295,3761.12,2026-03-08,CARD
T01207,P0186,P0281,2076.43,2026-06-24,BANK_TRANSFER
T01208,P0379,P0094,2142.39,2026-01-03,UPI
T01209,P0349,P0473,1185.5,2026-02-21,CARD
T01210,P0487,P0463,14759.78,2026-06-22,BANK_TRANSFER
T01211,P0156,P0397,1346.02,2026-05-18,BANK_TRANSFER
T01212,P0252,P0305,2091.58,2026-03-01,BANK_TRANSFER
T01213,P0139,P0030,2049.34,2026-06-04,CARD
T01214,P0422,P0354,7449.78,2026-08-01,UPI
T01215,P0348,P0069,2875.67,2026-03-04,CARD
T01216,P0334,P0232,9879.27,2026-08-11,CARD
T01217,P0314,P0028,2124.32,2026-03-12,BANK_TRANSFER
T01218,P0384,P0460,4551.42,2026-04-19,UPI
T01219,P0014,P0493,1866.32,2026-04-06,UPI
T01220,P0354,P0141,20254.24,2026-02-24,UPI
T01221,P0118,P0328,1407.99,2026-08-05,CARD
T01222,P0391,P0035,4665.06,2026-01-05,CARD
T01223,P0233,P0089,6045.21,2026-06-27,BANK_TRANSFER
T01224,P0168,P0183,5069.71,2026-02-05,BANK_TRANSFER
T01225,P0110,P0238,3139.35,2026-01-21,UPI
T01226,P0253,P0391,3281.79,2026-07-25,CARD
T01227,P0382,P0109,3770.83,2026-04-23,UPI
T01228,P0408,P0093,3236.99,2026-03-12,UPI
T01229,P0240,P0199,7872.28,2026-07-14,CARD
T01230,P0319,P0313,21341.7,2026-03-04,UPI
T01231,P0251,P0147,2330.89,2026-07-06,UPI
T01232,P0437,P0107,1217.02,2026-04-10,BANK_TRANSFER
T01233,P0296,P0456,3392.68,2026-06-18,UPI
T01234,P0328,P0319,28674.61,2026-06-13,BANK_TRANSFER
T01235,P0204,P0082,1914.21,2026-02-19,UPI
T01236,P0307,P0479,13511.46,2026-06-28,CARD
T01237,P0017,P0299,13935.02,2026-05-28,BANK_TRANSFER
T01238,P0039,P0385,2338.18,2026-05-16,BANK_TRANSFER
T01239,P0471,P0107,5739.84,2026-08-14,UPI
T01240,P0387,P0232,13396.08,2026-03-12,BANK_TRANSFER
T01241,P0479,P0150,2688.39,2026-06-18,BANK_TRANSFER
T01242,P0466,P0160,3093.74,2026-08-14,BANK_TRANSFER
T01243,P0299,P0184,2286.22,2026-06-22,BANK_TRANSFER
T01244,P0249,P0371,1616.78,2026-01-11,UPI
T01245,P0288,P0209,2165.87,2026-06-27,UPI
T01246,P0203,P0238,1367.65,2026-07-09,BANK_TRANSFER
T01247,P0035,P0051,3741.59,2026-06-19,CARD
T01248,P0003,P0161,1966.52,2026-03-28,BANK_TRANSFER
T01249,P0212,P0258,4389.76,2026-08-01,BANK_TRANSFER
T01250,P0447,P0085,1048.68,2026-07-09,BANK_TRANSFER
T01251,P0491,P0313,4744.32,2026-08-20,BANK_TRANSFER
T01252,P0024,P0435,7092.71,2026-01-26,BANK_TRANSFER
T01253,P0353,P0204,738.79,2026-07-27,UPI
T01254,P0355,P0488,4911.06,2026-07-08,CARD
T01255,P0361,P0401,9721.89,2026-03-17,BANK_TRANSFER
T01256,P0017,P0367,1383.38,2026-05-04,BANK_TRANSFER
T01257,P0073,P0391,13877.97,2026-08-11,UPI
T01258,P0440,P0409,5090.93,2026-03-01,CARD
T01259,P0315,P0081,2071.42,2026-03-11,UPI
T01260,P0057,P0095,3482.08,2026-04-18,UPI
T01261,P0090,P0298,5691.12,2026-05-09,CARD
T01262,P0420,P0196,3869.2,2026-03-16,BANK_TRANSFER
T01263,P0125,P0166,5602.7,2026-02-28,BANK_TRANSFER
T01264,P0262,P0238,1743.17,2026-05-19,BANK_TRANSFER
T01265,P0323,P0047,4169.24,2026-06-22,UPI
T01266,P0068,P0345,1175.01,2026-06-09,BANK_TRANSFER
T01267,P0386,P0413,3330.97,2026-04-24,CARD
T01268,P0161,P0115,1766.71,2026-04-11,CARD
T01269,P0443,P0339,2021.46,2026-05-19,CARD
T01270,P0322,P0429,9787.63,2026-02-14,CARD
T01271,P0178,P0115,8717.15,2026-06-25,CARD
T01272,P0332,P0308,5927.22,2026-06-05,UPI
T01273,P0282,P0367,1519.52,2026-08-21,CARD
T01274,P0165,P0041,2826.72,2026-03-01,CARD
T01275,P0355,P0023,9609.22,2026-02-18,UPI
T01276,P0255,P0342,4078.05,2026-05-25,CARD
T01277,P0235,P0128,23282.65,2026-02-04,UPI
T01278,P0148,P0458,4987.32,2026-07-08,UPI
T01279,P0217,P0436,4245.6,2026-01-19,CARD
T01280,P0313,P0368,2843.26,2026-02-28,UPI
T01281,P0162,P0343,4051.46,2026-01-10,CARD
T01282,P0385,P0165,3222.86,2026-07-21,UPI
T01283,P0317,P0336,6415.59,2026-08-21,BANK_TRANSFER
T01284,P0032,P0015,7827.21,2026-06-20,BANK_TRANSFER
T01285,P0188,P0398,1941.49,2026-04-09,CARD
T01286,P0149,P0184,1255.15,2026-05-06,UPI
T01287,P0009,P0367,838.01,2026-05-06,UPI
T01288,P0347,P0261,5466.5,2026-05-27,UPI
T01289,P0449,P0264,1506.14,2026-03-18,CARD
T01290,P0475,P0487,650.47,2026-07-11,BANK_TRANSFER
T01291,P0292,P0019,4968.45,2026-08-18,BANK_TRANSFER
T01292,P0090,P0167,26752.94,2026-06-02,CARD
T01293,P0192,P0160,3623.31,2026-02-11,UPI
T01294,P0311,P0025,7120.92,2026-04-15,BANK_TRANSFER
T01295,P0428,P0230,3887.27,2026-08-01,BANK_TRANSFER
T01296,P0425,P0402,3364.01,2026-07-22,UPI
T01297,P0440,P0350,7595.12,2026-07-03,CARD
T01298,P0217,P0301,2886.44,2026-05-04,UPI
T01299,P0390,P0187,4509.38,2026-02-06,CARD
T01300,P0135,P0404,4709.6,2026-04-13,CARD
T01301,P0161,P0398,2133.52,2026-06-19,BANK_TRANSFER
T01302,P0276,P0497,8051.66,2026-03-16,BANK_TRANSFER
T01303,P0378,P0032,3165.39,2026-07-19,CARD
T01304,P0434,P0068,1989.03,2026-03-14,CARD
T01305,P0430,P0337,5592.65,2026-02-27,BANK_TRANSFER
T01306,P0199,P0289,1774.41,2026-05-20,UPI
T01307,P0223,P0454,3723.97,2026-01-28,CARD
T01308,P0331,P0092,3614.49,2026-08-14,UPI
T01309,P0010,P0006,8679.48,2026-03-23,UPI
T01310,P0182,P0417,5322.82,2026-02-22,UPI
T01311,P0014,P0473,3568.78,2026-05-12,CARD
T01312,P0363,P0399,7003.83,2026-07-19,UPI
T01313,P0172,P0488,11071.9,2026-08-07,CARD
T01314,P0134,P0308,5688.76,2026-05-07,CARD
T01315,P0178,P0475,3671.23,2026-07-07,UPI
T01316,P0245,P0184,1274.78,2026-05-19,CARD
T01317,P0044,P0125,1552.95,2026-08-23,CARD
T01318,P0255,P0446,2852.13,2026-01-04,CARD
T01319,P0265,P0046,2235.88,2026-02-04,CARD
T01320,P0119,P0120,3135.12,2026-08-20,BANK_TRANSFER
T01321,P0450,P0343,3809.75,2026-03-07,UPI
T01322,P0049,P0137,5562.23,2026-04-06,BANK_TRANSFER
T01323,P0042,P0323,3441.29,2026-08-01,CARD
T01324,P0239,P0450,5373.32,2026-02-05,BANK_TRANSFER
T01325,P0258,P0249,3833.68,2026-07-08,UPI
T01326,P0382,P0262,749.67,2026-08-25,CARD
T01327,P0331,P0021,1717.34,2026-02-07,CARD
T01328,P0486,P0089,3244.54,2026-03-24,UPI
T01329,P0426,P0260,1383.32,2026-03-06,UPI
T01330,P0157,P0145,5883.71,2026-05-22,CARD
T01331,P0123,P0442,12389.45,2026-06-04,CARD
T01332,P0252,P0264,9652.86,2026-02-14,BANK_TRANSFER
T01333,P0301,P0181,3069.43,2026-08-04,UPI
T01334,P0411,P0149,11999.03,2026-03-22,BANK_TRANSFER
T01335,P0319,P0303,4100.79,2026-01-01,CARD
T01336,P0401,P0444,2780.35,2026-03-17,BANK_TRANSFER
T01337,P0085,P0069,2228.93,2026-05-25,UPI
T01338,P0256,P0023,2858.42,2026-02-18,CARD
T01339,P0425,P0485,2669.0,2026-04-28,CARD
T01340,P0403,P0049,4172.76,2026-04-16,BANK_TRANSFER
T01341,P0347,P0142,4140.03,2026-04-09,UPI
T01342,P0115,P0456,3649.83,2026-01-27,BANK_TRANSFER
T01343,P0379,P0342,5164.43,2026-08-19,UPI
T01344,P0171,P0363,9438.17,2026-02-16,UPI
T01345,P0115,P0126,7782.58,2026-06-17,UPI
T01346,P0120,P0210,1109.96,2026-03-25,UPI
T01347,P0025,P0042,471.95,2026-06-28,UPI
T01348,P0314,P0490,7688.31,2026-08-20,BANK_TRANSFER
T01349,P0284,P0189,1219.87,2026-05-13,UPI
T01350,P0042,P0048,3041.75,2026-07-15,UPI
T01351,P0325,P0028,1427.83,2026-07-06,UPI
T01352,P0264,P0071,861.28,2026-02-27,UPI
T01353,P0138,P0006,5614.85,2026-08-27,CARD
T01354,P0194,P0222,6683.01,2026-05-24,CARD
T01355,P0326,P0173,2295.7,2026-04-13,UPI
T01356,P0425,P0295,458.14,2026-03-04,CARD
T01357,P0126,P0455,2351.96,2026-06-02,CARD
T01358,P0438,P0052,4981.29,2026-02-08,BANK_TRANSFER
T01359,P0132,P0474,1115.29,2026-07-18,CARD
T01360,P0452,P0421,4216.19,2026-06-01,CARD
T01361,P0068,P0420,3596.63,2026-02-27,CARD
T01362,P0147,P0261,5787.37,2026-05-12,BANK_TRANSFER
T01363,P0343,P0467,4006.46,2026-05-24,CARD
T01364,P0225,P0073,1671.61,2026-06-10,BANK_TRANSFER
T01365,P0432,P0076,9483.01,2026-01-10,BANK_TRANSFER
T01366,P0129,P0403,3207.27,2026-05-05,CARD
T01367,P0056,P0230,3562.28,2026-06-14,UPI
T01368,P0292,P0132,1725.7,2026-01-09,BANK_TRANSFER
T01369,P0167,P0052,2553.89,2026-05-10,BANK_TRANSFER
T01370,P0157,P0216,1793.92,2026-06-16,BANK_TRANSFER
T01371,P0265,P0035,3170.5,2026-05-24,BANK_TRANSFER
T01372,P0082,P0163,14319.35,2026-03-23,CARD
T01373,P0388,P0262,1214.98,2026-07-10,BANK_TRANSFER
T01374,P0163,P0443,1001.4,2026-01-18,CARD
T01375,P0118,P0459,11812.77,2026-01-09,UPI
T01376,P0043,P0244,3079.56,2026-05-05,UPI
T01377,P0122,P0481,2131.84,2026-02-08,BANK_TRANSFER
T01378,P0360,P0312,8365.94,2026-08-11,BANK_TRANSFER
T01379,P0270,P0113,2242.86,2026-04-16,BANK_TRANSFER
T01380,P0248,P0459,15690.45,2026-03-24,BANK_TRANSFER
T01381,P0378,P0063,6262.54,2026-06-09,UPI
T01382,P0084,P0132,2464.32,2026-02-06,BANK_TRANSFER
T01383,P0497,P0391,20452.22,2026-01-23,UPI
T01384,P0437,P0270,2242.68,2026-04-09,UPI
T01385,P0096,P0148,6592.42,2026-08-05,UPI
T01386,P0118,P0500,4625.94,2026-08-05,UPI
T01387,P0228,P0153,10315.4,2026-02-20,BANK_TRANSFER
T01388,P0177,P0111,12698.12,2026-08-02,CARD
T01389,P0027,P0439,3735.37,2026-07-08,UPI
T01390,P0121,P0306,1992.74,2026-08-15,UPI
T01391,P0116,P0490,5260.48,2026-06-06,UPI
T01392,P0001,P0272,2117.15,2026-06-17,UPI
T01393,P0496,P0328,18227.92,2026-08-12,BANK_TRANSFER
T01394,P0350,P0476,4061.18,2026-03-14,UPI
T01395,P0082,P0486,2718.25,2026-02-17,CARD
T01396,P0144,P0410,4220.65,2026-06-04,CARD
T01397,P0032,P0286,1239.3,2026-06-25,CARD
T01398,P0289,P0362,1673.56,2026-02-17,UPI
T01399,P0467,P0052,9512.21,2026-05-06,CARD
T01400,P0062,P0255,2152.71,2026-04-10,UPI
T01401,P0400,P0329,1575.73,2026-01-14,BANK_TRANSFER
T01402,P0098,P0103,5593.29,2026-06-11,UPI
T01403,P0416,P0159,9400.92,2026-04-07,BANK_TRANSFER
T01404,P0289,P0347,6471.5,2026-08-23,UPI
T01405,P0394,P0306,8077.5,2026-08-05,CARD
T01406,P0007,P0139,1987.36,2026-01-27,CARD
T01407,P0346,P0484,1167.42,2026-04-06,BANK_TRANSFER
T01408,P0076,P0142,12101.28,2026-04-27,CARD
T01409,P0498,P0396,2812.58,2026-01-28,UPI
T01410,P0314,P0331,2978.97,2026-02-22,CARD
T01411,P0495,P0391,10536.02,2026-08-08,UPI
T01412,P0193,P0099,5681.58,2026-04-05,BANK_TRANSFER
T01413,P0332,P0117,5243.32,2026-01-22,CARD
T01414,P0336,P0408,20578.49,2026-08-25,UPI
T01415,P0157,P0131,2175.87,2026-08-17,UPI
T01416,P0430,P0294,7648.56,2026-01-16,UPI
T01417,P0459,P0070,3810.86,2026-02-06,BANK_TRANSFER
T01418,P0254,P0318,4513.71,2026-07-20,UPI
T01419,P0026,P0076,12366.85,2026-05-28,UPI
T01420,P0292,P0258,5465.82,2026-03-16,UPI
T01421,P0144,P0149,5600.64,2026-06-06,UPI
T01422,P0226,P0197,8587.01,2026-02-12,UPI
T01423,P0418,P0464,2719.05,2026-04-03,UPI
T01424,P0479,P0397,1860.56,2026-08-16,CARD
T01425,P0296,P0183,1578.38,2026-02-14,BANK_TRANSFER
T01426,P0184,P0438,755.15,2026-01-04,CARD
T01427,P0025,P0027,18863.15,2026-06-09,BANK_TRANSFER
T01428,P0499,P0011,1506.33,2026-03-15,BANK_TRANSFER
T01429,P0200,P0031,3050.31,2026-02-22,UPI
T01430,P0114,P0050,2917.7,2026-07-05,BANK_TRANSFER
T01431,P0432,P0242,4656.06,2026-06-03,UPI
T01432,P0018,P0010,6992.47,2026-04-13,BANK_TRANSFER
T01433,P0385,P0276,7247.26,2026-06-16,BANK_TRANSFER
T01434,P0123,P0300,2283.67,2026-08-21,UPI
T01435,P0281,P0139,3185.3,2026-08-21,UPI
T01436,P0382,P0355,4564.5,2026-05-26,BANK_TRANSFER
T01437,P0258,P0039,2984.08,2026-07-08,UPI
T01438,P0475,P0091,13172.37,2026-02-06,CARD
T01439,P0413,P0040,5392.58,2026-03-07,BANK_TRANSFER
T01440,P0100,P0437,6554.47,2026-08-05,BANK_TRANSFER
T01441,P0423,P0058,6187.62,2026-02-05,CARD
T01442,P0340,P0267,9309.39,2026-01-24,UPI
T01443,P0489,P0387,4208.31,2026-02-02,UPI
T01444,P0195,P0079,1290.18,2026-04-15,UPI
T01445,P0186,P0019,5012.8,2026-07-26,BANK_TRANSFER
T01446,P0345,P0151,2162.27,2026-03-22,BANK_TRANSFER
T01447,P0082,P0443,2385.36,2026-03-19,UPI
T01448,P0167,P0145,5820.21,2026-07-11,CARD
T01449,P0345,P0143,9804.79,2026-08-13,UPI
T01450,P0416,P0040,3703.44,2026-07-20,UPI
T01451,P0153,P0190,4661.38,2026-06-20,UPI
T01452,P0106,P0198,14211.01,2026-06-08,BANK_TRANSFER
T01453,P0383,P0474,4414.29,2026-05-06,UPI
T01454,P0226,P0082,29183.14,2026-05-14,BANK_TRANSFER
T01455,P0232,P0444,5723.91,2026-07-24,UPI
T01456,P0086,P0210,890.15,2026-08-13,UPI
T01457,P0253,P0156,6652.0,2026-08-19,UPI
T01458,P0143,P0413,4939.04,2026-06-25,BANK_TRANSFER
T01459,P0482,P0086,10216.94,2026-03-10,CARD
T01460,P0388,P0088,6238.81,2026-01-12,CARD
T01461,P0401,P0219,3259.19,2026-05-05,BANK_TRANSFER
T01462,P0148,P0310,1367.26,2026-08-18,UPI
T01463,P0193,P0140,3080.3,2026-04-16,UPI
T01464,P0317,P0432,1843.8,2026-07-02,CARD
T01465,P0332,P0097,2288.34,2026-05-28,CARD
T01466,P0319,P0249,5830.53,2026-04-03,UPI
T01467,P0220,P0024,13848.38,2026-02-12,BANK_TRANSFER
T01468,P0434,P0176,4992.73,2026-04-19,CARD
T01469,P0190,P0095,1398.69,2026-02-04,CARD
T01470,P0328,P0375,5196.2,2026-06-09,UPI
T01471,P0131,P0003,9483.47,2026-02-12,UPI
T01472,P0347,P0380,2235.4,2026-05-07,CARD
T01473,P0239,P0313,3270.79,2026-01-23,CARD
T01474,P0213,P0429,3683.99,2026-01-17,CARD
T01475,P0124,P0174,1943.18,2026-06-12,CARD
T01476,P0331,P0486,6115.76,2026-04-14,BANK_TRANSFER
T01477,P0165,P0135,3305.16,2026-08-12,CARD
T01478,P0230,P0295,5093.02,2026-08-09,UPI
T01479,P0179,P0376,1790.06,2026-05-06,CARD
T01480,P0298,P0332,2565.82,2026-01-24,BANK_TRANSFER
T01481,P0110,P0197,6489.27,2026-03-26,BANK_TRANSFER
T01482,P0168,P0207,2701.96,2026-05-19,BANK_TRANSFER
T01483,P0454,P0345,14495.17,2026-06-02,CARD
T01484,P0456,P0472,2644.64,2026-08-17,CARD
T01485,P0448,P0221,4357.91,2026-08-06,BANK_TRANSFER
T01486,P0120,P0030,7677.68,2026-02-11,CARD
T01487,P0003,P0279,1170.64,2026-07-15,CARD
T01488,P0346,P0399,890.12,2026-05-12,UPI
T01489,P0056,P0434,1074.35,2026-04-22,UPI
T01490,P0412,P0146,9997.27,2026-07-16,UPI
T01491,P0331,P0366,2341.42,2026-03-15,BANK_TRANSFER
T01492,P0088,P0111,28185.4,2026-08-04,UPI
T01493,P0450,P0005,2318.33,2026-03-24,CARD
T01494,P0493,P0406,4220.21,2026-06-28,CARD
T01495,P0329,P0198,12502.55,2026-04-11,UPI
T01496,P0411,P0393,18121.86,2026-08-12,BANK_TRANSFER
T01497,P0029,P0188,18943.25,2026-04-27,UPI
T01498,P0022,P0289,9572.91,2026-04-13,UPI
T01499,P0114,P0351,8260.58,2026-01-03,BANK_TRANSFER
T01500,P0160,P0414,5848.97,2026-07-09,UPI
T01501,P0319,P0491,6786.49,2026-08-06,CARD
T01502,P0289,P0426,2342.68,2026-05-03,CARD
T01503,P0030,P0109,1892.1,2026-07-16,BANK_TRANSFER
T01504,P0272,P0488,3631.13,2026-01-13,CARD
T01505,P0400,P0369,3177.51,2026-04-05,CARD
T01506,P0374,P0396,2533.65,2026-05-02,UPI
T01507,P0492,P0047,6355.72,2026-08-03,UPI
T01508,P0453,P0018,7818.47,2026-04-23,BANK_TRANSFER
T01509,P0015,P0317,3907.78,2026-08-04,CARD
T01510,P0136,P0211,11873.02,2026-08-19,UPI
T01511,P0283,P0239,1460.67,2026-08-26,CARD
T01512,P0120,P0244,3118.39,2026-04-21,UPI
T01513,P0500,P0214,2051.94,2026-03-15,BANK_TRANSFER
T01514,P0313,P0087,817.93,2026-08-10,BANK_TRANSFER
T01515,P0475,P0025,3407.91,2026-02-02,UPI
T01516,P0497,P0205,3303.05,2026-08-16,BANK_TRANSFER
T01517,P0027,P0001,12219.15,2026-08-02,UPI
T01518,P0263,P0111,6030.89,2026-03-12,CARD
T01519,P0346,P0353,1604.63,2026-07-13,CARD
T01520,P0444,P0037,16046.95,2026-01-13,UPI
T01521,P0002,P0270,9670.42,2026-06-26,UPI
T01522,P0416,P0233,5800.38,2026-01-01,BANK_TRANSFER
T01523,P0032,P0425,3037.57,2026-01-04,UPI
T01524,P0471,P0077,1689.94,2026-03-05,CARD
T01525,P0060,P0087,2703.32,2026-07-18,UPI
T01526,P0448,P0484,8699.31,2026-01-11,UPI
T01527,P0433,P0382,16443.23,2026-01-04,UPI
T01528,P0390,P0469,12513.89,2026-02-24,BANK_TRANSFER
T01529,P0290,P0101,2462.47,2026-05-24,CARD
T01530,P0058,P0003,1486.69,2026-07-15,BANK_TRANSFER
T01531,P0316,P0266,4075.34,2026-08-27,UPI
T01532,P0021,P0430,884.7,2026-02-10,CARD
T01533,P0157,P0041,4715.14,2026-02-26,BANK_TRANSFER
T01534,P0118,P0429,3235.43,2026-03-18,UPI
T01535,P0381,P0078,2507.82,2026-06-04,CARD
T01536,P0196,P0132,1016.62,2026-03-19,BANK_TRANSFER
T01537,P0260,P0324,5491.08,2026-07-04,BANK_TRANSFER
T01538,P0229,P0075,2377.58,2026-02-03,BANK_TRANSFER
T01539,P0011,P0445,1428.05,2026-03-27,BANK_TRANSFER
T01540,P0130,P0438,365.84,2026-05-26,CARD
T01541,P0200,P0162,3561.68,2026-06-02,UPI
T01542,P0362,P0142,15029.97,2026-03-23,UPI
T01543,P0433,P0266,13752.93,2026-03-11,BANK_TRANSFER
T01544,P0326,P0269,2525.82,2026-01-11,CARD
T01545,P0239,P0486,2248.98,2026-06-20,BANK_TRANSFER
T01546,P0002,P0451,5297.65,2026-03-10,UPI
T01547,P0496,P0129,1638.1,2026-03-14,UPI
T01548,P0126,P0495,4635.19,2026-06-06,UPI
T01549,P0060,P0338,6720.14,2026-08-21,BANK_TRANSFER
T01550,P0148,P0258,9716.17,2026-08-16,UPI
T01551,P0433,P0352,3360.61,2026-04-05,UPI
T01552,P0080,P0009,3093.51,2026-07-03,CARD
T01553,P0106,P0316,1803.73,2026-03-01,UPI
T01554,P0055,P0399,1879.0,2026-07-15,BANK_TRANSFER
T01555,P0426,P0375,3037.58,2026-08-09,BANK_TRANSFER
T01556,P0266,P0453,4884.84,2026-03-06,CARD
T01557,P0382,P0251,7561.82,2026-01-16,UPI
T01558,P0315,P0032,1914.97,2026-01-27,BANK_TRANSFER
T01559,P0314,P0222,12017.88,2026-04-02,CARD
T01560,P0297,P0469,2931.01,2026-07-14,BANK_TRANSFER
T01561,P0444,P0230,3579.24,2026-07-06,CARD
T01562,P0194,P0017,2002.66,2026-03-26,CARD
T01563,P0312,P0435,523.54,2026-07-21,BANK_TRANSFER
T01564,P0433,P0313,7385.22,2026-02-21,UPI
T01565,P0132,P0406,6564.79,2026-08-04,BANK_TRANSFER
T01566,P0153,P0421,2907.18,2026-06-28,BANK_TRANSFER
T01567,P0426,P0497,3841.4,2026-06-21,CARD
T01568,P0435,P0136,5501.36,2026-05-14,BANK_TRANSFER
T01569,P0240,P0237,1043.11,2026-02-08,CARD
T01570,P0418,P0461,2384.53,2026-08-04,BANK_TRANSFER
T01571,P0102,P0131,6873.38,2026-03-15,CARD
T01572,P0383,P0298,1334.84,2026-04-21,UPI
T01573,P0267,P0466,4604.76,2026-08-25,UPI
T01574,P0075,P0480,1229.96,2026-03-26,BANK_TRANSFER
T01575,P0393,P0194,5287.73,2026-07-11,BANK_TRANSFER
T01576,P0388,P0376,3538.6,2026-05-05,BANK_TRANSFER
T01577,P0441,P0157,1000.14,2026-05-14,CARD
T01578,P0157,P0176,9244.57,2026-05-21,UPI
T01579,P0097,P0457,2022.98,2026-01-24,UPI
T01580,P0080,P0330,1904.16,2026-02-28,BANK_TRANSFER
T01581,P0120,P0197,4274.64,2026-07-11,CARD
T01582,P0151,P0184,9126.25,2026-04-18,CARD
T01583,P0089,P0111,1615.41,2026-03-08,BANK_TRANSFER
T01584,P0405,P0490,3825.12,2026-06-24,UPI
T01585,P0112,P0179,5130.99,2026-07-14,CARD
T01586,P0415,P0083,6339.05,2026-03-25,CARD
T01587,P0307,P0494,4192.92,2026-07-27,BANK_TRANSFER
T01588,P0395,P0248,2714.54,2026-06-10,CARD
T01589,P0462,P0325,1877.93,2026-03-22,UPI
T01590,P0499,P0404,3900.71,2026-04-27,CARD
T01591,P0315,P0281,1544.24,2026-01-04,UPI
T01592,P0120,P0415,351.75,2026-08-21,BANK_TRANSFER
T01593,P0038,P0406,5162.87,2026-02-12,CARD
T01594,P0234,P0247,7503.67,2026-01-04,BANK_TRANSFER
T01595,P0449,P0046,549.85,2026-02-03,BANK_TRANSFER
T01596,P0384,P0396,1623.3,2026-02-21,BANK_TRANSFER
T01597,P0429,P0079,5974.9,2026-04-03,BANK_TRANSFER
T01598,P0125,P0313,18882.6,2026-05-06,CARD
T01599,P0038,P0058,3702.02,2026-06-18,BANK_TRANSFER
T01600,P0449,P0370,2033.67,2026-07-11,UPI
T01601,P0296,P0398,3145.36,2026-02-13,UPI
T01602,P0460,P0308,10936.94,2026-08-21,BANK_TRANSFER
T01603,P0012,P0189,2171.62,2026-08-27,CARD
T01604,P0311,P0386,1921.09,2026-03-04,BANK_TRANSFER
T01605,P0033,P0020,2474.53,2026-02-02,UPI
T01606,P0330,P0297,1698.22,2026-05-10,UPI
T01607,P0008,P0019,4016.38,2026-03-15,BANK_TRANSFER
T01608,P0116,P0071,13356.29,2026-01-22,BANK_TRANSFER
T01609,P0172,P0204,4714.81,2026-05-05,BANK_TRANSFER
T01610,P0330,P0212,2975.35,2026-04-18,UPI
T01611,P0428,P0325,2882.9,2026-03-13,UPI
T01612,P0479,P0085,1042.57,2026-07-26,BANK_TRANSFER
T01613,P0214,P0378,7379.7,2026-04-23,CARD
T01614,P0052,P0045,3421.14,2026-05-08,UPI
T01615,P0383,P0032,3151.44,2026-08-11,UPI
T01616,P0441,P0306,46839.68,2026-08-03,BANK_TRANSFER
T01617,P0056,P0137,4623.94,2026-03-14,CARD
T01618,P0459,P0150,1995.33,2026-03-19,UPI
T01619,P0016,P0407,2588.71,2026-07-22,BANK_TRANSFER
T01620,P0375,P0196,9124.85,2026-02-10,UPI
T01621,P0260,P0376,3986.29,2026-04-27,CARD
T01622,P0260,P0447,1152.14,2026-02-14,BANK_TRANSFER
T01623,P0154,P0363,7596.05,2026-03-23,CARD
T01624,P0372,P0305,2133.43,2026-06-10,UPI
T01625,P0183,P0273,16295.4,2026-05-22,BANK_TRANSFER
T01626,P0133,P0127,8638.97,2026-05-16,BANK_TRANSFER
T01627,P0069,P0408,2545.65,2026-08-26,UPI
T01628,P0334,P0157,10145.78,2026-06-27,CARD
T01629,P0235,P0468,3844.06,2026-03-06,BANK_TRANSFER
T01630,P0175,P0177,7202.76,2026-05-01,CARD
T01631,P0334,P0481,5365.72,2026-05-05,UPI
T01632,P0011,P0005,1849.95,2026-02-10,CARD
T01633,P0303,P0313,2175.82,2026-07-04,UPI
T01634,P0390,P0425,8299.65,2026-08-15,CARD
T01635,P0165,P0410,2785.49,2026-05-12,UPI
T01636,P0290,P0379,2636.17,2026-01-24,BANK_TRANSFER
T01637,P0226,P0361,1695.79,2026-07-13,UPI
T01638,P0500,P0381,5109.61,2026-07-20,UPI
T01639,P0435,P0402,18958.73,2026-04-08,CARD
T01640,P0174,P0411,1549.94,2026-04-24,UPI
T01641,P0017,P0382,3712.18,2026-03-21,BANK_TRANSFER
T01642,P0378,P0180,11268.61,2026-04-20,BANK_TRANSFER
T01643,P0441,P0338,3416.21,2026-03-28,CARD
T01644,P0190,P0205,5228.59,2026-04-15,BANK_TRANSFER
T01645,P0343,P0383,1556.33,2026-04-04,UPI
T01646,P0419,P0184,5128.9,2026-03-10,BANK_TRANSFER
T01647,P0272,P0369,3134.69,2026-08-26,UPI
T01648,P0063,P0114,8011.11,2026-02-24,UPI
T01649,P0033,P0228,9413.58,2026-06-04,BANK_TRANSFER
T01650,P0122,P0342,28901.56,2026-04-12,CARD
T01651,P0101,P0211,5788.95,2026-03-10,CARD
T01652,P0324,P0091,4725.07,2026-02-11,UPI
T01653,P0174,P0220,4253.54,2026-05-10,UPI
T01654,P0284,P0254,2744.81,2026-08-03,BANK_TRANSFER
T01655,P0478,P0036,4773.27,2026-04-11,CARD
T01656,P0453,P0312,2874.63,2026-04-12,CARD
T01657,P0343,P0263,4166.24,2026-02-02,BANK_TRANSFER
T01658,P0402,P0421,10447.08,2026-05-18,UPI
T01659,P0170,P0222,1627.44,2026-03-24,BANK_TRANSFER
T01660,P0110,P0313,9062.52,2026-07-26,BANK_TRANSFER
T01661,P0102,P0345,10443.05,2026-04-28,UPI
T01662,P0221,P0043,3312.79,2026-03-01,CARD
T01663,P0307,P0316,666.82,2026-03-18,BANK_TRANSFER
T01664,P0339,P0274,2238.91,2026-08-18,BANK_TRANSFER
T01665,P0079,P0342,10276.3,2026-08-16,BANK_TRANSFER
T01666,P0053,P0162,3574.95,2026-04-13,CARD
T01667,P0226,P0405,1636.9,2026-03-02,CARD
T01668,P0303,P0226,2431.3,2026-06-02,BANK_TRANSFER
T01669,P0193,P0316,7133.06,2026-02-22,CARD
T01670,P0066,P0376,5638.58,2026-06-28,CARD
T01671,P0203,P0266,3007.47,2026-06-19,BANK_TRANSFER
T01672,P0150,P0041,2714.98,2026-07-10,CARD
T01673,P0122,P0106,2661.36,2026-02-25,UPI
T01674,P0045,P0164,1740.75,2026-07-25,CARD
T01675,P0363,P0278,13257.26,2026-06-10,UPI
T01676,P0088,P0199,2813.38,2026-03-04,CARD
T01677,P0022,P0202,9640.49,2026-01-23,UPI
T01678,P0385,P0210,12296.29,2026-04-06,UPI
T01679,P0351,P0190,8092.14,2026-02-18,BANK_TRANSFER
T01680,P0444,P0088,2577.83,2026-03-20,CARD
T01681,P0046,P0219,5029.04,2026-06-13,UPI
T01682,P0103,P0356,3571.15,2026-01-27,BANK_TRANSFER
T01683,P0377,P0416,1767.0,2026-04-26,CARD
T01684,P0264,P0489,4719.64,2026-08-03,CARD
T01685,P0344,P0149,1417.67,2026-05-22,BANK_TRANSFER
T01686,P0489,P0139,9415.79,2026-05-28,UPI
T01687,P0016,P0003,2510.67,2026-08-21,BANK_TRANSFER
T01688,P0401,P0173,4276.66,2026-08-24,BANK_TRANSFER
T01689,P0241,P0472,4567.08,2026-05-04,CARD
T01690,P0455,P0151,2959.8,2026-07-27,CARD
T01691,P0423,P0406,5821.74,2026-06-28,UPI
T01692,P0257,P0108,2490.1,2026-02-13,UPI
T01693,P0103,P0388,7310.29,2026-03-12,UPI
T01694,P0440,P0403,1240.43,2026-04-23,BANK_TRANSFER
T01695,P0101,P0021,4028.32,2026-06-15,CARD
T01696,P0181,P0238,17173.85,2026-07-13,UPI
T01697,P0233,P0030,1635.55,2026-03-27,BANK_TRANSFER
T01698,P0012,P0234,2117.1,2026-07-14,BANK_TRANSFER
T01699,P0023,P0480,5492.43,2026-07-19,CARD
T01700,P0345,P0183,4203.47,2026-01-17,BANK_TRANSFER
T01701,P0365,P0076,4819.88,2026-07-03,UPI
T01702,P0216,P0263,5384.88,2026-07-12,BANK_TRANSFER
T01703,P0441,P0434,6049.78,2026-04-05,BANK_TRANSFER
T01704,P0391,P0131,8846.35,2026-08-09,UPI
T01705,P0333,P0364,5053.59,2026-05-03,UPI
T01706,P0345,P0140,3001.88,2026-01-22,BANK_TRANSFER
T01707,P0101,P0292,6235.78,2026-07-17,BANK_TRANSFER
T01708,P0264,P0433,16645.67,2026-04-11,CARD
T01709,P0404,P0396,3274.41,2026-07-02,UPI
T01710,P0003,P0452,1669.66,2026-02-18,CARD
T01711,P0352,P0080,8827.83,2026-01-17,BANK_TRANSFER
T01712,P0055,P0199,3306.66,2026-04-17,CARD
T01713,P0063,P0304,640.25,2026-04-23,CARD
T01714,P0298,P0324,7171.98,2026-03-16,UPI
T01715,P0290,P0049,2372.59,2026-04-18,UPI
T01716,P0489,P0313,3386.57,2026-08-20,UPI
T01717,P0050,P0212,4748.5,2026-06-01,UPI
T01718,P0435,P0269,4240.34,2026-02-15,CARD
T01719,P0186,P0234,6422.49,2026-07-24,UPI
T01720,P0053,P0262,2569.87,2026-01-17,BANK_TRANSFER
T01721,P0365,P0226,5488.91,2026-06-24,UPI
T01722,P0065,P0211,2958.28,2026-03-10,CARD
T01723,P0401,P0045,6575.12,2026-06-05,CARD
T01724,P0266,P0315,5956.83,2026-04-06,CARD
T01725,P0055,P0465,1722.7,2026-07-28,BANK_TRANSFER
T01726,P0173,P0407,8680.08,2026-02-16,BANK_TRANSFER
T01727,P0103,P0040,2371.38,2026-04-03,CARD
T01728,P0394,P0412,6949.65,2026-08-10,CARD
T01729,P0126,P0060,4884.54,2026-04-11,UPI
T01730,P0366,P0498,15844.01,2026-08-22,BANK_TRANSFER
T01731,P0410,P0094,3044.91,2026-06-11,CARD
T01732,P0127,P0488,2753.28,2026-08-14,CARD
T01733,P0190,P0033,3584.82,2026-02-28,CARD
T01734,P0450,P0066,2856.8,2026-06-14,BANK_TRANSFER
T01735,P0321,P0397,6904.67,2026-06-04,BANK_TRANSFER
T01736,P0110,P0306,999.2,2026-02-15,UPI
T01737,P0241,P0049,1567.21,2026-06-09,CARD
T01738,P0355,P0100,1549.61,2026-07-06,CARD
T01739,P0048,P0445,7787.27,2026-04-10,UPI
T01740,P0120,P0402,14306.81,2026-06-01,UPI
T01741,P0104,P0146,3349.08,2026-07-01,CARD
T01742,P0243,P0160,3180.97,2026-07-28,CARD
T01743,P0493,P0259,3850.82,2026-08-11,BANK_TRANSFER
T01744,P0155,P0331,9223.43,2026-05-14,CARD
T01745,P0162,P0156,1733.88,2026-05-18,UPI
T01746,P0059,P0264,4405.88,2026-08-07,CARD
T01747,P0286,P0338,7943.89,2026-03-04,UPI
T01748,P0458,P0169,5436.42,2026-06-17,CARD
T01749,P0481,P0251,4237.23,2026-08-09,UPI
T01750,P0461,P0399,8109.87,2026-06-02,UPI
T01751,P0394,P0034,418.81,2026-06-03,UPI
T01752,P0159,P0392,6262.28,2026-07-12,UPI
T01753,P0280,P0361,2157.57,2026-07-11,CARD
T01754,P0215,P0318,841.76,2026-07-23,CARD
T01755,P0113,P0280,5480.56,2026-08-26,BANK_TRANSFER
T01756,P0151,P0246,10926.29,2026-08-03,UPI
T01757,P0158,P0045,3261.82,2026-03-11,CARD
T01758,P0123,P0329,7803.28,2026-04-09,UPI
T01759,P0014,P0218,13224.45,2026-06-25,BANK_TRANSFER
T01760,P0424,P0460,10424.68,2026-03-20,CARD
T01761,P0372,P0499,13520.63,2026-08-14,BANK_TRANSFER
T01762,P0188,P0216,6592.59,2026-03-23,UPI
T01763,P0449,P0216,3867.44,2026-08-21,UPI
T01764,P0444,P0121,1010.73,2026-04-07,BANK_TRANSFER
T01765,P0226,P0438,2990.36,2026-08-15,BANK_TRANSFER
T01766,P0160,P0434,1854.56,2026-02-02,CARD
T01767,P0459,P0351,20676.52,2026-05-07,CARD
T01768,P0241,P0462,3163.05,2026-02-24,UPI
T01769,P0267,P0096,4018.1,2026-01-01,UPI
T01770,P0344,P0470,5660.05,2026-05-02,CARD
T01771,P0377,P0126,3770.19,2026-06-24,CARD
T01772,P0094,P0245,14129.79,2026-02-16,UPI
T01773,P0352,P0374,2212.5,2026-03-27,UPI
T01774,P0109,P0041,4254.3,2026-01-14,BANK_TRANSFER
T01775,P0203,P0145,2010.27,2026-07-23,BANK_TRANSFER
T01776,P0050,P0432,1266.46,2026-05-16,CARD
T01777,P0405,P0261,2231.85,2026-08-23,CARD
T01778,P0319,P0240,3534.65,2026-05-12,CARD
T01779,P0321,P0361,2582.62,2026-08-20,CARD
T01780,P0451,P0183,2092.39,2026-08-23,CARD
T01781,P0245,P0044,1181.98,2026-02-10,CARD
T01782,P0045,P0235,3406.76,2026-05-14,UPI
T01783,P0332,P0445,1092.5,2026-01-13,CARD
T01784,P0363,P0465,6687.83,2026-03-26,UPI
T01785,P0327,P0368,3889.17,2026-06-04,UPI
T01786,P0276,P0441,1134.51,2026-04-05,BANK_TRANSFER
T01787,P0344,P0265,2843.05,2026-07-13,CARD
T01788,P0439,P0218,1994.75,2026-05-05,UPI
T01789,P0011,P0118,4700.1,2026-03-13,BANK_TRANSFER
T01790,P0031,P0329,10639.84,2026-04-02,BANK_TRANSFER
T01791,P0469,P0072,812.29,2026-05-04,UPI
T01792,P0140,P0387,3991.89,2026-03-02,CARD
T01793,P0227,P0209,3203.16,2026-06-28,UPI
T01794,P0413,P0115,6229.63,2026-04-11,UPI
T01795,P0430,P0289,4318.04,2026-05-20,BANK_TRANSFER
T01796,P0244,P0224,1995.05,2026-01-08,CARD
T01797,P0323,P0386,2820.75,2026-07-28,CARD
T01798,P0037,P0016,1925.96,2026-05-26,CARD
T01799,P0349,P0291,8611.09,2026-03-25,CARD
T01800,P0303,P0245,3703.56,2026-01-10,BANK_TRANSFER
T01801,P0106,P0268,16663.11,2026-07-18,BANK_TRANSFER
T01802,P0204,P0036,3468.48,2026-03-23,CARD
T01803,P0230,P0211,2065.8,2026-08-13,UPI
T01804,P0059,P0487,1084.67,2026-04-11,BANK_TRANSFER
T01805,P0324,P0165,860.48,2026-07-25,UPI
T01806,P0144,P0370,1025.25,2026-04-28,UPI
T01807,P0177,P0380,4508.42,2026-04-22,CARD
T01808,P0321,P0098,5469.71,2026-05-18,CARD
T01809,P0296,P0445,1027.67,2026-06-08,UPI
T01810,P0092,P0446,7450.46,2026-01-02,CARD
T01811,P0393,P0170,2473.9,2026-01-10,UPI
T01812,P0498,P0399,4094.64,2026-01-28,UPI
T01813,P0144,P0054,13223.84,2026-08-02,UPI
T01814,P0208,P0367,7461.2,2026-05-06,UPI
T01815,P0409,P0252,2937.09,2026-04-07,UPI
T01816,P0105,P0154,1784.77,2026-03-10,UPI
T01817,P0150,P0453,651.02,2026-08-04,CARD
T01818,P0294,P0461,2048.12,2026-08-28,BANK_TRANSFER
T01819,P0084,P0433,3075.11,2026-02-25,BANK_TRANSFER
T01820,P0402,P0452,1652.85,2026-08-20,CARD
T01821,P0418,P0376,3278.02,2026-05-24,UPI
T01822,P0493,P0485,3871.83,2026-03-04,UPI
T01823,P0418,P0054,3041.53,2026-08-05,BANK_TRANSFER
T01824,P0457,P0137,2164.62,2026-03-03,CARD
T01825,P0175,P0458,4166.88,2026-02-16,BANK_TRANSFER
T01826,P0011,P0375,5185.14,2026-08-22,CARD
T01827,P0216,P0121,1521.85,2026-02-08,UPI
T01828,P0141,P0352,11257.01,2026-01-22,CARD
T01829,P0479,P0141,3364.82,2026-07-27,UPI
T01830,P0319,P0461,3696.27,2026-07-23,CARD
T01831,P0499,P0325,6416.14,2026-06-03,CARD
T01832,P0203,P0201,4387.75,2026-03-16,UPI
T01833,P0142,P0180,7804.92,2026-08-02,BANK_TRANSFER
T01834,P0163,P0475,4581.12,2026-07-25,CARD
T01835,P0224,P0084,2230.65,2026-04-15,CARD
T01836,P0191,P0357,4861.99,2026-08-15,UPI
T01837,P0347,P0453,1458.29,2026-08-04,UPI
T01838,P0034,P0295,3971.3,2026-04-28,CARD
T01839,P0336,P0447,3545.43,2026-02-16,BANK_TRANSFER
T01840,P0370,P0381,3082.53,2026-08-01,CARD
T01841,P0442,P0386,3285.16,2026-08-21,UPI
T01842,P0001,P0066,807.97,2026-03-21,BANK_TRANSFER
T01843,P0296,P0442,2347.3,2026-07-25,UPI
T01844,P0378,P0142,3921.68,2026-05-11,UPI
T01845,P0227,P0259,4137.66,2026-05-07,UPI
T01846,P0359,P0497,1600.16,2026-01-08,CARD
T01847,P0280,P0255,10022.28,2026-01-14,BANK_TRANSFER
T01848,P0217,P0460,1820.85,2026-06-27,CARD
T01849,P0158,P0378,7907.49,2026-02-22,CARD
T01850,P0213,P0278,5124.33,2026-05-20,CARD
T01851,P0262,P0250,2171.16,2026-05-20,CARD
T01852,P0100,P0358,15066.8,2026-03-01,UPI
T01853,P0370,P0298,1401.21,2026-03-06,BANK_TRANSFER
T01854,P0284,P0440,7595.59,2026-07-17,BANK_TRANSFER
T01855,P0014,P0332,8106.86,2026-04-16,BANK_TRANSFER
T01856,P0191,P0497,2129.2,2026-08-18,BANK_TRANSFER
T01857,P0403,P0440,11091.92,2026-05-11,BANK_TRANSFER
T01858,P0362,P0356,2980.85,2026-07-11,UPI
T01859,P0003,P0297,4586.88,2026-03-09,CARD
T01860,P0489,P0215,4483.94,2026-05-07,UPI
T01861,P0467,P0259,3270.03,2026-02-08,UPI
T01862,P0077,P0089,6964.96,2026-06-15,BANK_TRANSFER
T01863,P0010,P0133,6869.12,2026-02-05,UPI
T01864,P0216,P0202,898.9,2026-05-25,UPI
T01865,P0355,P0409,10336.87,2026-06-24,UPI
T01866,P0293,P0144,962.95,2026-06-12,CARD
T01867,P0332,P0330,8316.83,2026-08-08,UPI
T01868,P0147,P0395,8967.52,2026-03-22,BANK_TRANSFER
T01869,P0217,P0091,1521.16,2026-03-26,CARD
T01870,P0130,P0252,2621.1,2026-08-14,UPI
T01871,P0104,P0285,1503.33,2026-03-26,CARD
T01872,P0495,P0258,3065.8,2026-01-16,UPI
T01873,P0032,P0026,2845.72,2026-03-09,BANK_TRANSFER
T01874,P0270,P0396,6793.55,2026-07-09,UPI
T01875,P0323,P0236,10386.34,2026-04-20,CARD
T01876,P0430,P0200,11120.52,2026-08-20,UPI
T01877,P0337,P0448,2322.19,2026-04-25,CARD
T01878,P0393,P0104,3079.81,2026-04-17,UPI
T01879,P0371,P0101,946.95,2026-08-27,BANK_TRANSFER
T01880,P0284,P0263,1910.85,2026-04-18,CARD
T01881,P0408,P0205,7878.41,2026-03-12,CARD
T01882,P0063,P0492,13259.46,2026-08-07,CARD
T01883,P0446,P0369,1356.31,2026-07-18,UPI
T01884,P0467,P0194,2266.58,2026-06-06,CARD
T01885,P0073,P0128,3564.84,2026-06-02,BANK_TRANSFER
T01886,P0414,P0424,4555.67,2026-04-16,CARD
T01887,P0500,P0252,1905.15,2026-04-24,CARD
T01888,P0185,P0069,5111.5,2026-02-19,CARD
T01889,P0268,P0013,2492.22,2026-07-17,BANK_TRANSFER
T01890,P0473,P0469,3599.1,2026-07-01,CARD
T01891,P0101,P0476,5636.55,2026-04-10,UPI
T01892,P0305,P0466,3659.7,2026-06-02,CARD
T01893,P0203,P0238,2568.02,2026-03-24,UPI
T01894,P0210,P0340,3335.28,2026-07-06,CARD
T01895,P0046,P0460,3392.46,2026-01-15,BANK_TRANSFER
T01896,P0226,P0234,2708.07,2026-08-26,CARD
T01897,P0437,P0212,2960.06,2026-08-22,CARD
T01898,P0118,P0360,13081.02,2026-08-03,CARD
T01899,P0035,P0312,5702.93,2026-01-12,CARD
T01900,P0296,P0225,2874.45,2026-05-14,CARD
T01901,P0487,P0404,6358.6,2026-04-07,UPI
T01902,P0186,P0111,2787.62,2026-08-09,UPI
T01903,P0343,P0218,9306.79,2026-03-09,UPI
T01904,P0199,P0061,4893.75,2026-01-23,UPI
T01905,P0124,P0078,3341.44,2026-05-18,CARD
T01906,P0242,P0256,5209.16,2026-04-13,BANK_TRANSFER
T01907,P0056,P0271,1036.18,2026-05-25,CARD
T01908,P0057,P0315,1478.21,2026-07-25,BANK_TRANSFER
T01909,P0042,P0109,1400.89,2026-03-19,BANK_TRANSFER
T01910,P0011,P0205,4082.05,2026-04-12,BANK_TRANSFER
T01911,P0094,P0136,14559.69,2026-08-13,UPI
T01912,P0307,P0282,21699.4,2026-06-16,UPI
T01913,P0414,P0204,6065.92,2026-06-02,UPI
T01914,P0239,P0072,5435.33,2026-05-27,UPI
T01915,P0261,P0332,861.91,2026-06-17,UPI
T01916,P0014,P0297,2358.69,2026-07-14,CARD
T01917,P0478,P0359,1938.7,2026-03-26,CARD
T01918,P0500,P0138,2215.7,2026-06-23,UPI
T01919,P0477,P0168,3182.7,2026-02-28,BANK_TRANSFER
T01920,P0316,P0015,2495.71,2026-05-17,BANK_TRANSFER
T01921,P0383,P0115,747.37,2026-06-24,CARD
T01922,P0250,P0192,6623.16,2026-05-08,BANK_TRANSFER
T01923,P0488,P0407,1543.5,2026-06-08,BANK_TRANSFER
T01924,P0431,P0151,4408.97,2026-07-04,CARD
T01925,P0032,P0250,19134.84,2026-08-24,CARD
T01926,P0310,P0326,1744.97,2026-08-15,UPI
T01927,P0077,P0083,480.95,2026-03-23,BANK_TRANSFER
T01928,P0158,P0446,2896.32,2026-07-24,CARD
T01929,P0044,P0388,8784.71,2026-06-08,UPI
T01930,P0487,P0018,17442.73,2026-01-05,BANK_TRANSFER
T01931,P0006,P0070,1361.52,2026-08-25,BANK_TRANSFER
T01932,P0380,P0031,5417.34,2026-08-27,BANK_TRANSFER
T01933,P0413,P0448,2509.28,2026-08-25,CARD
T01934,P0224,P0356,3345.06,2026-04-28,CARD
T01935,P0355,P0020,30196.3,2026-06-04,BANK_TRANSFER
T01936,P0184,P0124,1094.03,2026-07-21,CARD
T01937,P0347,P0006,4460.39,2026-02-14,CARD
T01938,P0457,P0447,5293.07,2026-02-05,UPI
T01939,P0255,P0176,8678.72,2026-01-02,UPI
T01940,P0207,P0314,3937.84,2026-02-12,BANK_TRANSFER
T01941,P0272,P0453,4658.46,2026-06-19,UPI
T01942,P0444,P0300,2661.6,2026-03-28,UPI
T01943,P0444,P0133,4515.64,2026-05-11,BANK_TRANSFER
T01944,P0484,P0224,2766.8,2026-06-06,UPI
T01945,P0093,P0066,5986.47,2026-02-10,CARD
T01946,P0498,P0275,2708.94,2026-05-09,UPI
T01947,P0098,P0319,4923.03,2026-06-21,UPI
T01948,P0466,P0229,3556.7,2026-07-19,CARD
T01949,P0102,P0107,8962.82,2026-01-08,CARD
T01950,P0041,P0163,3494.29,2026-07-19,BANK_TRANSFER
T01951,P0301,P0468,881.46,2026-01-16,UPI
T01952,P0179,P0378,9991.97,2026-07-20,BANK_TRANSFER
T01953,P0363,P0034,1764.13,2026-01-27,BANK_TRANSFER
T01954,P0421,P0419,2158.11,2026-04-14,UPI
T01955,P0334,P0403,2260.79,2026-02-26,UPI
T01956,P0266,P0437,10933.1,2026-08-10,UPI
T01957,P0361,P0414,659.49,2026-02-03,BANK_TRANSFER
T01958,P0424,P0098,44810.55,2026-01-22,BANK_TRANSFER
T01959,P0296,P0407,8474.74,2026-04-27,CARD
T01960,P0075,P0036,4352.87,2026-05-11,UPI
T01961,P0280,P0226,3484.52,2026-07-05,CARD
T01962,P0296,P0493,4575.37,2026-04-01,CARD
T01963,P0096,P0283,5524.22,2026-05-02,BANK_TRANSFER
T01964,P0074,P0039,6100.78,2026-06-02,BANK_TRANSFER
T01965,P0197,P0443,5678.73,2026-01-18,UPI
T01966,P0381,P0055,3911.45,2026-02-05,CARD
T01967,P0210,P0028,3109.23,2026-05-23,CARD
T01968,P0280,P0182,3225.95,2026-07-11,BANK_TRANSFER
T01969,P0314,P0480,3115.28,2026-02-18,BANK_TRANSFER
T01970,P0140,P0493,9018.34,2026-01-20,UPI
T01971,P0279,P0484,5853.79,2026-07-12,BANK_TRANSFER
T01972,P0236,P0036,346.43,2026-03-16,CARD
T01973,P0433,P0483,6153.16,2026-01-22,BANK_TRANSFER
T01974,P0130,P0262,4254.74,2026-08-10,CARD
T01975,P0242,P0019,3586.86,2026-06-13,BANK_TRANSFER
T01976,P0079,P0116,2668.27,2026-01-28,CARD
T01977,P0025,P0427,8948.94,2026-06-13,UPI
T01978,P0300,P0333,7769.97,2026-05-09,CARD
T01979,P0201,P0447,1961.96,2026-02-12,UPI
T01980,P0440,P0050,5042.42,2026-03-27,CARD
T01981,P0399,P0372,1673.5,2026-04-11,UPI
T01982,P0214,P0203,1207.5,2026-06-28,BANK_TRANSFER
T01983,P0222,P0429,2205.32,2026-01-28,BANK_TRANSFER
T01984,P0015,P0179,7258.4,2026-01-27,CARD
T01985,P0437,P0185,7804.85,2026-06-23,BANK_TRANSFER
T01986,P0220,P0169,5488.82,2026-08-18,CARD
T01987,P0109,P0423,6503.38,2026-08-19,CARD
T01988,P0496,P0128,5502.42,2026-02-20,BANK_TRANSFER
T01989,P0250,P0137,2179.42,2026-04-15,UPI
T01990,P0449,P0291,5143.75,2026-01-23,UPI
T01991,P0167,P0446,6907.26,2026-03-03,CARD
T01992,P0405,P0393,6657.06,2026-07-26,UPI
T01993,P0304,P0064,9425.09,2026-01-05,BANK_TRANSFER
T01994,P0217,P0465,6416.6,2026-05-16,UPI
T01995,P0466,P0392,4823.03,2026-05-06,BANK_TRANSFER
T01996,P0346,P0334,8570.83,2026-04-06,UPI
T01997,P0052,P0039,3564.51,2026-01-05,BANK_TRANSFER
T01998,P0332,P0214,1798.13,2026-03-08,BANK_TRANSFER
T01999,P0231,P0099,3195.65,2026-02-26,UPI
T02000,P0486,P0439,2006.36,2026-04-01,CARD
T02001,P0464,P0276,2121.45,2026-04-04,BANK_TRANSFER
T02002,P0190,P0084,3243.42,2026-04-16,CARD
T02003,P0472,P0394,1931.52,2026-01-07,BANK_TRANSFER
T02004,P0198,P0112,2845.89,2026-04-24,UPI
T02005,P0264,P0227,800.4,2026-05-21,UPI
T02006,P0412,P0187,4318.38,2026-07-11,BANK_TRANSFER
T02007,P0494,P0461,3644.46,2026-07-14,CARD
T02008,P0018,P0383,1893.78,2026-06-18,UPI
T02009,P0017,P0026,6169.64,2026-06-18,CARD
T02010,P0337,P0180,7708.32,2026-04-18,UPI
T02011,P0168,P0241,1006.22,2026-06-28,UPI
T02012,P0468,P0048,1977.96,2026-06-09,UPI
T02013,P0351,P0279,1967.83,2026-06-15,CARD
T02014,P0055,P0287,1716.56,2026-01-16,BANK_TRANSFER
T02015,P0318,P0495,7069.75,2026-05-20,CARD
T02016,P0471,P0055,3117.98,2026-05-17,CARD
T02017,P0447,P0414,2946.54,2026-02-12,CARD
T02018,P0388,P0432,732.83,2026-02-10,BANK_TRANSFER
T02019,P0219,P0209,6053.15,2026-02-20,CARD
T02020,P0305,P0175,1350.99,2026-05-04,BANK_TRANSFER
T02021,P0048,P0019,3819.77,2026-01-28,BANK_TRANSFER
T02022,P0471,P0187,4545.54,2026-07-27,UPI
T02023,P0467,P0203,10813.24,2026-07-14,CARD
T02024,P0284,P0186,1277.86,2026-05-28,BANK_TRANSFER
T02025,P0342,P0171,325.18,2026-04-25,CARD
T02026,P0351,P0205,4217.85,2026-04-16,BANK_TRANSFER
T02027,P0218,P0222,15373.63,2026-06-20,CARD
T02028,P0456,P0181,9810.0,2026-01-06,CARD
T02029,P0118,P0142,4305.84,2026-05-25,UPI
T02030,P0120,P0458,2456.99,2026-02-27,BANK_TRANSFER
T02031,P0093,P0095,6944.45,2026-07-14,BANK_TRANSFER
T02032,P0262,P0434,1670.98,2026-05-20,CARD
T02033,P0056,P0270,5329.89,2026-07-04,BANK_TRANSFER
T02034,P0198,P0454,5455.48,2026-03-18,CARD
T02035,P0120,P0207,8502.95,2026-04-23,BANK_TRANSFER
T02036,P0276,P0482,33114.55,2026-01-22,BANK_TRANSFER
T02037,P0385,P0106,4983.72,2026-04-03,CARD
T02038,P0185,P0043,2423.16,2026-04-03,CARD
T02039,P0101,P0177,3567.22,2026-07-04,UPI
T02040,P0485,P0228,884.25,2026-01-06,BANK_TRANSFER
T02041,P0260,P0149,2088.56,2026-08-07,BANK_TRANSFER
T02042,P0158,P0234,2624.31,2026-04-15,UPI
T02043,P0384,P0090,2394.02,2026-04-25,CARD
T02044,P0456,P0413,4112.9,2026-02-16,BANK_TRANSFER
T02045,P0039,P0313,1885.72,2026-07-18,UPI
T02046,P0452,P0088,8926.9,2026-06-17,CARD
T02047,P0175,P0342,3641.55,2026-05-22,UPI
T02048,P0062,P0111,3613.96,2026-06-23,CARD
T02049,P0349,P0254,2800.87,2026-05-01,CARD
T02050,P0230,P0158,4122.24,2026-08-09,UPI
T02051,P0444,P0232,7045.04,2026-04-20,BANK_TRANSFER
T02052,P0078,P0295,1819.46,2026-07-04,CARD
T02053,P0250,P0178,2150.61,2026-07-11,BANK_TRANSFER
T02054,P0249,P0302,2855.55,2026-01-13,UPI
T02055,P0260,P0460,1240.54,2026-04-24,BANK_TRANSFER
T02056,P0135,P0077,1890.49,2026-06-04,UPI
T02057,P0260,P0020,2487.47,2026-06-09,BANK_TRANSFER
T02058,P0161,P0040,7328.39,2026-03-10,UPI
T02059,P0189,P0473,4491.98,2026-03-17,BANK_TRANSFER
T02060,P0122,P0160,4250.84,2026-05-01,UPI
T02061,P0493,P0219,7191.96,2026-02-22,BANK_TRANSFER
T02062,P0025,P0457,3262.02,2026-07-09,CARD
T02063,P0466,P0061,4975.95,2026-05-10,BANK_TRANSFER
T02064,P0109,P0126,3352.37,2026-08-23,BANK_TRANSFER
T02065,P0432,P0092,4502.06,2026-01-04,BANK_TRANSFER
T02066,P0196,P0314,2284.25,2026-02-09,BANK_TRANSFER
T02067,P0482,P0345,517.47,2026-02-13,CARD
T02068,P0484,P0153,3270.1,2026-02-12,BANK_TRANSFER
T02069,P0117,P0097,11363.92,2026-08-14,CARD
T02070,P0139,P0004,7638.62,2026-02-07,BANK_TRANSFER
T02071,P0037,P0323,7881.85,2026-08-17,UPI
T02072,P0008,P0317,9787.92,2026-01-16,UPI
T02073,P0294,P0192,3908.57,2026-08-21,UPI
T02074,P0337,P0491,4263.53,2026-05-12,UPI
T02075,P0160,P0299,2221.37,2026-06-04,BANK_TRANSFER
T02076,P0299,P0439,2827.48,2026-06-11,CARD
T02077,P0397,P0097,5958.76,2026-08-28,UPI
T02078,P0197,P0282,9538.65,2026-01-28,BANK_TRANSFER
T02079,P0090,P0305,3256.61,2026-07-14,CARD
T02080,P0040,P0433,2539.82,2026-01-18,BANK_TRANSFER
T02081,P0124,P0459,3642.49,2026-02-13,CARD
T02082,P0160,P0272,5889.73,2026-03-28,BANK_TRANSFER
T02083,P0366,P0087,1147.01,2026-04-21,UPI
T02084,P0422,P0305,580.02,2026-01-15,UPI
T02085,P0404,P0160,2343.9,2026-07-09,BANK_TRANSFER
T02086,P0175,P0002,1371.18,2026-04-01,CARD
T02087,P0004,P0194,2424.76,2026-01-09,BANK_TRANSFER
T02088,P0366,P0371,3234.97,2026-02-22,CARD
T02089,P0315,P0025,2533.61,2026-02-27,CARD
T02090,P0246,P0119,11637.34,2026-04-02,UPI
T02091,P0091,P0253,4728.65,2026-07-08,CARD
T02092,P0072,P0414,4630.31,2026-08-06,UPI
T02093,P0106,P0401,5989.51,2026-08-08,BANK_TRANSFER
T02094,P0314,P0439,1464.01,2026-06-02,BANK_TRANSFER
T02095,P0426,P0107,8360.63,2026-03-21,BANK_TRANSFER
T02096,P0456,P0023,3426.82,2026-06-19,UPI
T02097,P0134,P0238,6225.35,2026-04-12,UPI
T02098,P0168,P0432,1544.59,2026-03-06,BANK_TRANSFER
T02099,P0388,P0423,1050.47,2026-06-09,CARD
T02100,P0106,P0027,7004.53,2026-06-28,UPI
T02101,P0493,P0491,4920.31,2026-08-07,BANK_TRANSFER
T02102,P0432,P0190,1769.33,2026-02-07,CARD
T02103,P0338,P0178,1815.78,2026-07-10,UPI
T02104,P0216,P0031,8958.41,2026-07-27,UPI
T02105,P0367,P0014,1405.95,2026-08-06,BANK_TRANSFER
T02106,P0131,P0452,13549.95,2026-01-23,BANK_TRANSFER
T02107,P0046,P0133,1771.36,2026-04-04,BANK_TRANSFER
T02108,P0149,P0047,6067.57,2026-02-20,CARD
T02109,P0438,P0046,2799.25,2026-04-14,BANK_TRANSFER
T02110,P0215,P0159,5899.07,2026-01-21,UPI
T02111,P0358,P0185,2355.97,2026-05-27,UPI
T02112,P0220,P0021,3196.35,2026-01-14,UPI
T02113,P0277,P0386,3762.11,2026-03-06,UPI
T02114,P0267,P0133,1633.12,2026-04-12,BANK_TRANSFER
T02115,P0312,P0468,6585.72,2026-04-18,CARD
T02116,P0306,P0164,2414.94,2026-05-12,CARD
T02117,P0290,P0086,3032.43,2026-03-11,UPI
T02118,P0329,P0248,1643.4,2026-05-28,BANK_TRANSFER
T02119,P0165,P0091,468.78,2026-05-20,BANK_TRANSFER
T02120,P0235,P0182,3124.96,2026-07-12,BANK_TRANSFER
T02121,P0053,P0084,25086.68,2026-06-14,UPI
T02122,P0275,P0097,6820.47,2026-07-16,BANK_TRANSFER
T02123,P0217,P0178,3585.28,2026-08-02,UPI
T02124,P0042,P0377,2950.37,2026-01-03,UPI
T02125,P0066,P0322,3706.98,2026-02-08,UPI
T02126,P0330,P0390,5640.32,2026-08-12,UPI
T02127,P0329,P0398,1415.66,2026-05-06,UPI
T02128,P0155,P0148,8879.12,2026-04-27,BANK_TRANSFER
T02129,P0148,P0347,6453.03,2026-06-25,BANK_TRANSFER
T02130,P0148,P0289,6467.52,2026-04-20,BANK_TRANSFER
T02131,P0454,P0267,5170.79,2026-04-18,CARD
T02132,P0066,P0186,3698.54,2026-03-12,BANK_TRANSFER
T02133,P0111,P0019,6237.21,2026-04-11,CARD
T02134,P0128,P0478,5845.64,2026-06-06,UPI
T02135,P0181,P0033,2742.89,2026-08-07,CARD
T02136,P0147,P0405,2301.04,2026-07-14,UPI
T02137,P0482,P0403,3950.06,2026-07-18,CARD
T02138,P0294,P0328,12571.86,2026-03-24,BANK_TRANSFER
T02139,P0241,P0053,1351.15,2026-06-16,BANK_TRANSFER
T02140,P0213,P0457,1125.5,2026-02-01,CARD
T02141,P0024,P0341,4153.92,2026-02-02,UPI
T02142,P0420,P0011,3792.23,2026-03-06,UPI
T02143,P0367,P0072,4182.54,2026-04-19,BANK_TRANSFER
T02144,P0493,P0187,4425.61,2026-02-06,UPI
T02145,P0441,P0417,3045.55,2026-07-20,CARD
T02146,P0115,P0070,11990.75,2026-04-05,CARD
T02147,P0182,P0467,1011.59,2026-05-04,BANK_TRANSFER
T02148,P0500,P0065,1876.57,2026-03-14,UPI
T02149,P0322,P0069,3352.28,2026-07-24,CARD
T02150,P0066,P0059,977.94,2026-05-09,BANK_TRANSFER
T02151,P0104,P0466,3163.13,2026-08-04,BANK_TRANSFER
T02152,P0331,P0019,13755.25,2026-05-11,UPI
T02153,P0428,P0317,3702.3,2026-07-16,CARD
T02154,P0442,P0226,4378.93,2026-08-18,CARD
T02155,P0415,P0017,1328.58,2026-02-22,UPI
T02156,P0328,P0181,2223.66,2026-02-07,UPI
T02157,P0217,P0275,2696.86,2026-05-06,UPI
T02158,P0465,P0090,2823.77,2026-07-07,BANK_TRANSFER
T02159,P0182,P0407,10150.87,2026-05-14,CARD
T02160,P0349,P0021,5688.22,2026-04-07,CARD
T02161,P0199,P0422,1496.42,2026-04-03,UPI
T02162,P0449,P0450,4434.65,2026-06-15,UPI
T02163,P0291,P0233,5423.94,2026-04-06,UPI
T02164,P0361,P0281,9064.48,2026-02-12,BANK_TRANSFER
T02165,P0175,P0174,12892.91,2026-03-15,CARD
T02166,P0374,P0241,1616.35,2026-07-21,UPI
T02167,P0323,P0196,1903.24,2026-01-06,UPI
T02168,P0169,P0220,1331.34,2026-05-01,CARD
T02169,P0299,P0120,3019.31,2026-01-20,CARD
T02170,P0390,P0316,5287.43,2026-07-17,CARD
T02171,P0041,P0308,8021.39,2026-06-01,BANK_TRANSFER
T02172,P0357,P0288,3426.31,2026-07-16,CARD
T02173,P0201,P0292,2818.96,2026-04-22,CARD
T02174,P0487,P0056,4110.94,2026-02-21,CARD
T02175,P0149,P0288,1866.62,2026-08-09,BANK_TRANSFER
T02176,P0061,P0089,19372.91,2026-04-22,UPI
T02177,P0307,P0357,1006.13,2026-01-02,UPI
T02178,P0149,P0047,4220.85,2026-06-11,UPI
T02179,P0254,P0435,18377.55,2026-06-17,BANK_TRANSFER
T02180,P0464,P0112,3660.81,2026-08-07,BANK_TRANSFER
T02181,P0105,P0104,3127.44,2026-03-16,UPI
T02182,P0067,P0259,2735.43,2026-07-14,BANK_TRANSFER
T02183,P0257,P0222,3151.67,2026-06-27,CARD
T02184,P0427,P0382,10919.21,2026-05-07,UPI
T02185,P0046,P0198,620.49,2026-03-03,UPI
T02186,P0365,P0344,12416.07,2026-07-12,UPI
T02187,P0157,P0359,1165.42,2026-05-27,BANK_TRANSFER
T02188,P0106,P0403,2941.51,2026-07-24,BANK_TRANSFER
T02189,P0351,P0405,2582.74,2026-05-24,UPI
T02190,P0041,P0010,5830.41,2026-06-12,BANK_TRANSFER
T02191,P0254,P0034,1013.84,2026-01-07,CARD
T02192,P0029,P0339,5269.75,2026-03-15,BANK_TRANSFER
T02193,P0294,P0213,18387.89,2026-01-18,CARD
T02194,P0280,P0297,1223.49,2026-06-18,BANK_TRANSFER
T02195,P0313,P0232,4237.65,2026-04-11,CARD
T02196,P0154,P0105,2143.97,2026-05-06,UPI
T02197,P0052,P0135,5118.98,2026-05-25,BANK_TRANSFER
T02198,P0086,P0380,3697.15,2026-02-06,BANK_TRANSFER
T02199,P0363,P0446,2179.41,2026-07-02,BANK_TRANSFER
T02200,P0072,P0330,5379.22,2026-01-25,CARD
T02201,P0459,P0263,620000.0,2026-02-18,UPI
T02202,P0350,P0140,3125.27,2026-01-21,CARD
T02203,P0447,P0445,6475.66,2026-02-11,UPI
T02204,P0409,P0494,1293.86,2026-05-24,UPI
T02205,P0150,P0002,1694.01,2026-06-26,UPI
T02206,P0286,P0179,5313.07,2026-01-22,UPI
T02207,P0361,P0124,11935.74,2026-05-16,CARD
T02208,P0140,P0367,4839.13,2026-03-20,CARD
T02209,P0206,P0466,2834.31,2026-04-26,BANK_TRANSFER
T02210,P0131,P0037,3638.89,2026-03-06,BANK_TRANSFER
T02211,P0156,P0232,1338.99,2026-03-11,CARD
T02212,P0137,P0353,5905.34,2026-04-23,CARD
T02213,P0379,P0442,7375.11,2026-03-10,BANK_TRANSFER
T02214,P0109,P0308,2535.96,2026-07-01,BANK_TRANSFER
T02215,P0065,P0130,2499.8,2026-01-18,UPI
T02216,P0233,P0145,4503.92,2026-05-05,BANK_TRANSFER
T02217,P0345,P0122,2567.34,2026-07-17,CARD
T02218,P0173,P0385,3453.33,2026-03-15,BANK_TRANSFER
T02219,P0258,P0439,19531.38,2026-03-01,CARD
T02220,P0051,P0281,2988.06,2026-02-06,UPI
T02221,P0158,P0402,2733.47,2026-07-13,UPI
T02222,P0480,P0133,2168.88,2026-03-25,CARD
T02223,P0021,P0310,6603.49,2026-08-01,UPI
T02224,P0005,P0312,3149.57,2026-08-19,CARD
T02225,P0008,P0311,2165.71,2026-07-22,UPI
T02226,P0184,P0444,10478.11,2026-02-27,CARD
T02227,P0163,P0319,11335.36,2026-02-03,BANK_TRANSFER
T02228,P0175,P0333,2252.2,2026-04-08,UPI
T02229,P0226,P0029,817.92,2026-03-22,BANK_TRANSFER
T02230,P0459,P0105,8151.94,2026-04-16,CARD
T02231,P0243,P0001,2105.47,2026-07-02,BANK_TRANSFER
T02232,P0460,P0332,6853.4,2026-04-15,BANK_TRANSFER
T02233,P0472,P0177,752.89,2026-08-06,BANK_TRANSFER
T02234,P0102,P0240,7435.92,2026-02-16,UPI
T02235,P0019,P0351,1381.69,2026-02-11,UPI
T02236,P0123,P0117,6532.93,2026-01-01,UPI
T02237,P0474,P0445,3682.76,2026-03-11,BANK_TRANSFER
T02238,P0295,P0468,1697.39,2026-07-09,BANK_TRANSFER
T02239,P0391,P0129,2629.03,2026-02-07,UPI
T02240,P0036,P0473,6304.73,2026-02-12,UPI
T02241,P0305,P0213,3962.84,2026-04-20,BANK_TRANSFER
T02242,P0277,P0385,5811.13,2026-05-06,UPI
T02243,P0212,P0336,17697.04,2026-07-07,UPI
T02244,P0189,P0155,1041.7,2026-04-01,CARD
T02245,P0451,P0427,13276.76,2026-01-07,CARD
T02246,P0494,P0335,3957.96,2026-05-23,CARD
T02247,P0061,P0127,1773.97,2026-02-12,BANK_TRANSFER
T02248,P0328,P0176,1256.08,2026-04-28,CARD
T02249,P0195,P0222,3129.74,2026-08-03,UPI
T02250,P0206,P0157,7610.77,2026-07-23,UPI
T02251,P0169,P0043,3287.76,2026-05-11,UPI
T02252,P0095,P0264,12196.74,2026-03-07,UPI
T02253,P0452,P0167,1140.31,2026-04-27,BANK_TRANSFER
T02254,P0262,P0338,3605.91,2026-06-24,UPI
T02255,P0422,P0367,1336.87,2026-08-25,CARD
T02256,P0291,P0109,4870.27,2026-05-20,BANK_TRANSFER
T02257,P0182,P0499,7402.03,2026-08-15,BANK_TRANSFER
T02258,P0282,P0123,2600.32,2026-04-12,UPI
T02259,P0062,P0343,453.33,2026-08-01,CARD
T02260,P0199,P0151,4269.1,2026-01-14,BANK_TRANSFER
T02261,P0046,P0074,5163.61,2026-04-23,CARD
T02262,P0329,P0040,5031.31,2026-06-09,UPI
T02263,P0080,P0158,9785.19,2026-05-15,CARD
T02264,P0105,P0005,1545.58,2026-08-11,UPI
T02265,P0055,P0205,6274.02,2026-04-05,BANK_TRANSFER
T02266,P0325,P0011,9452.23,2026-04-21,BANK_TRANSFER
T02267,P0293,P0059,877.55,2026-05-04,UPI
T02268,P0346,P0178,4701.9,2026-03-13,CARD
T02269,P0322,P0204,2432.45,2026-04-27,BANK_TRANSFER
T02270,P0479,P0153,3411.07,2026-03-15,UPI
T02271,P0374,P0038,4808.5,2026-03-28,BANK_TRANSFER
T02272,P0485,P0134,2465.67,2026-06-10,UPI
T02273,P0199,P0250,2120.56,2026-07-17,CARD
T02274,P0484,P0394,3741.8,2026-08-20,BANK_TRANSFER
T02275,P0246,P0338,1525.69,2026-05-13,BANK_TRANSFER
T02276,P0323,P0439,1527.43,2026-03-13,CARD
T02277,P0264,P0210,6269.79,2026-04-01,UPI
T02278,P0354,P0120,1452.39,2026-04-08,UPI
T02279,P0250,P0315,6204.62,2026-03-26,UPI
T02280,P0425,P0232,5271.51,2026-01-06,CARD
T02281,P0487,P0214,915.39,2026-08-04,CARD
T02282,P0291,P0198,2117.41,2026-02-10,CARD
T02283,P0145,P0320,9464.35,2026-02-28,CARD
T02284,P0181,P0062,1660.82,2026-05-24,BANK_TRANSFER
T02285,P0182,P0217,2511.1,2026-02-14,CARD
T02286,P0022,P0408,5269.28,2026-04-18,BANK_TRANSFER
T02287,P0299,P0486,6813.85,2026-06-23,UPI
T02288,P0204,P0015,2977.29,2026-07-17,UPI
T02289,P0431,P0081,2257.45,2026-08-19,BANK_TRANSFER
T02290,P0364,P0207,11360.48,2026-02-10,UPI
T02291,P0386,P0006,14634.25,2026-07-13,UPI
T02292,P0345,P0480,7967.18,2026-06-20,UPI
T02293,P0318,P0451,3898.14,2026-04-06,CARD
T02294,P0173,P0489,1907.19,2026-08-17,CARD
T02295,P0024,P0467,1873.65,2026-06-26,UPI
T02296,P0217,P0292,5530.38,2026-01-07,UPI
T02297,P0417,P0361,5088.4,2026-04-10,CARD
T02298,P0384,P0490,11173.26,2026-08-24,CARD
T02299,P0492,P0390,6126.38,2026-02-03,UPI
T02300,P0026,P0071,1093.93,2026-08-07,UPI
T02301,P0426,P0432,8446.93,2026-03-08,CARD
T02302,P0321,P0418,1638.52,2026-06-21,CARD
T02303,P0427,P0170,2677.99,2026-02-23,CARD
T02304,P0072,P0304,4447.78,2026-03-02,BANK_TRANSFER
T02305,P0079,P0076,17971.35,2026-04-02,UPI
T02306,P0125,P0191,43823.91,2026-03-08,UPI
T02307,P0296,P0277,5915.78,2026-06-03,UPI
T02308,P0358,P0062,3144.6,2026-04-21,CARD
T02309,P0299,P0255,5583.69,2026-08-26,UPI
T02310,P0278,P0422,7406.58,2026-08-20,UPI
T02311,P0225,P0283,2817.11,2026-08-13,BANK_TRANSFER
T02312,P0483,P0274,15308.59,2026-03-08,BANK_TRANSFER
T02313,P0004,P0326,4376.73,2026-05-06,UPI
T02314,P0304,P0395,5421.86,2026-07-26,BANK_TRANSFER
T02315,P0169,P0054,6202.7,2026-05-09,CARD
T02316,P0134,P0408,5101.39,2026-07-11,BANK_TRANSFER
T02317,P0139,P0102,7123.49,2026-01-13,UPI
T02318,P0420,P0012,2222.08,2026-07-17,UPI
T02319,P0159,P0347,2329.38,2026-05-26,CARD
T02320,P0315,P0321,1510.02,2026-02-19,CARD
T02321,P0360,P0225,5175.03,2026-03-02,UPI
T02322,P0432,P0303,6789.61,2026-02-03,UPI
T02323,P0006,P0389,5251.23,2026-01-17,BANK_TRANSFER
T02324,P0122,P0473,13899.3,2026-04-19,UPI
T02325,P0149,P0460,3624.69,2026-02-19,CARD
T02326,P0282,P0060,6216.69,2026-02-23,CARD
T02327,P0225,P0303,1520.26,2026-07-08,UPI
T02328,P0011,P0321,2671.3,2026-06-01,BANK_TRANSFER
T02329,P0386,P0488,6351.4,2026-05-19,BANK_TRANSFER
T02330,P0028,P0445,7181.63,2026-05-10,UPI
T02331,P0434,P0448,2877.93,2026-03-15,UPI
T02332,P0423,P0431,3438.26,2026-03-19,CARD
T02333,P0455,P0333,1081.06,2026-01-05,CARD
T02334,P0267,P0144,2736.34,2026-05-25,UPI
T02335,P0408,P0402,7422.76,2026-07-03,CARD
T02336,P0194,P0304,5768.48,2026-04-22,BANK_TRANSFER
T02337,P0415,P0092,5434.55,2026-05-27,UPI
T02338,P0267,P0380,3788.85,2026-06-28,UPI
T02339,P0484,P0457,3661.58,2026-07-08,UPI
T02340,P0124,P0260,2146.82,2026-02-07,BANK_TRANSFER
T02341,P0008,P0461,6368.14,2026-06-16,CARD
T02342,P0341,P0151,5098.89,2026-02-02,UPI
T02343,P0244,P0211,5397.09,2026-03-06,BANK_TRANSFER
T02344,P0437,P0374,2390.3,2026-06-20,BANK_TRANSFER
T02345,P0063,P0368,650.23,2026-06-05,BANK_TRANSFER
T02346,P0477,P0450,8757.99,2026-04-17,BANK_TRANSFER
T02347,P0043,P0411,2482.27,2026-07-08,BANK_TRANSFER
T02348,P0253,P0265,1825.81,2026-02-26,UPI
T02349,P0211,P0145,6340.95,2026-05-23,BANK_TRANSFER
T02350,P0211,P0422,2660.82,2026-05-26,BANK_TRANSFER
T02351,P0055,P0422,8501.09,2026-04-06,CARD
T02352,P0467,P0318,5964.64,2026-01-26,UPI
T02353,P0398,P0031,6290.88,2026-03-27,CARD
T02354,P0333,P0052,1220.77,2026-06-17,CARD
T02355,P0442,P0175,9600.35,2026-02-27,UPI
T02356,P0283,P0189,4487.27,2026-02-04,UPI
T02357,P0049,P0147,2709.66,2026-07-02,UPI
T02358,P0098,P0393,4083.5,2026-06-08,BANK_TRANSFER
T02359,P0325,P0403,879.2,2026-07-17,UPI
T02360,P0262,P0304,5048.88,2026-01-04,BANK_TRANSFER
T02361,P0493,P0025,1597.99,2026-02-28,UPI
T02362,P0355,P0125,1233.81,2026-06-14,UPI
T02363,P0416,P0042,1077.19,2026-07-16,BANK_TRANSFER
T02364,P0203,P0026,8867.52,2026-03-15,UPI
T02365,P0204,P0288,2200.83,2026-03-15,CARD
T02366,P0459,P0325,12418.99,2026-05-28,BANK_TRANSFER
T02367,P0263,P0395,2371.69,2026-08-03,CARD
T02368,P0040,P0438,929.0,2026-04-28,CARD
T02369,P0118,P0158,1490.37,2026-08-22,BANK_TRANSFER
T02370,P0383,P0024,9785.42,2026-06-03,UPI
T02371,P0332,P0419,3214.03,2026-05-16,UPI
T02372,P0001,P0322,2348.12,2026-01-06,CARD
T02373,P0085,P0483,4138.19,2026-02-07,UPI
T02374,P0361,P0041,5439.41,2026-05-27,CARD
T02375,P0089,P0160,8901.0,2026-02-27,CARD
T02376,P0155,P0378,11600.45,2026-04-01,BANK_TRANSFER
T02377,P0390,P0152,2730.35,2026-05-13,CARD
T02378,P0238,P0273,1260.37,2026-05-05,BANK_TRANSFER
T02379,P0289,P0212,2615.55,2026-04-10,CARD
T02380,P0478,P0429,4483.79,2026-01-25,UPI
T02381,P0477,P0047,1684.11,2026-08-14,CARD
T02382,P0369,P0374,1693.04,2026-04-08,BANK_TRANSFER
T02383,P0185,P0004,4793.57,2026-01-09,UPI
T02384,P0317,P0187,3501.96,2026-02-22,UPI
T02385,P0102,P0323,3737.74,2026-01-07,UPI
T02386,P0227,P0398,1984.66,2026-07-28,BANK_TRANSFER
T02387,P0037,P0245,3028.07,2026-01-13,CARD
T02388,P0477,P0055,1738.21,2026-07-22,CARD
T02389,P0206,P0285,7421.67,2026-05-28,BANK_TRANSFER
T02390,P0160,P0408,8334.84,2026-03-26,CARD
T02391,P0499,P0016,831.35,2026-08-05,CARD
T02392,P0159,P0394,1730.89,2026-02-17,UPI
T02393,P0274,P0200,1099.68,2026-07-20,UPI
T02394,P0116,P0400,2164.58,2026-05-09,BANK_TRANSFER
T02395,P0029,P0168,3405.85,2026-06-15,UPI
T02396,P0436,P0474,1141.71,2026-05-16,BANK_TRANSFER
T02397,P0088,P0043,1741.52,2026-04-25,CARD
T02398,P0210,P0437,1630.81,2026-04-21,BANK_TRANSFER
T02399,P0079,P0014,4297.61,2026-02-14,UPI
T02400,P0487,P0339,3848.64,2026-05-19,CARD
T02401,P0472,P0151,2043.89,2026-02-16,CARD
T02402,P0359,P0081,4194.19,2026-04-03,CARD
T02403,P0015,P0033,2351.14,2026-08-02,CARD
T02404,P0411,P0200,2929.76,2026-07-27,CARD
T02405,P0472,P0193,13887.74,2026-04-27,BANK_TRANSFER
T02406,P0069,P0052,10639.93,2026-06-26,CARD
T02407,P0295,P0111,1287.34,2026-06-17,BANK_TRANSFER
T02408,P0373,P0369,7071.2,2026-01-26,BANK_TRANSFER
T02409,P0247,P0021,6968.24,2026-06-23,BANK_TRANSFER
T02410,P0046,P0424,1453.01,2026-03-27,BANK_TRANSFER
T02411,P0163,P0199,7009.5,2026-06-13,CARD
T02412,P0143,P0052,12460.83,2026-07-11,BANK_TRANSFER
T02413,P0200,P0215,1483.21,2026-08-04,BANK_TRANSFER
T02414,P0235,P0396,1747.6,2026-02-03,UPI
T02415,P0072,P0020,8218.39,2026-08-01,UPI
T02416,P0268,P0353,4524.2,2026-01-23,BANK_TRANSFER
T02417,P0321,P0270,5660.01,2026-04-25,BANK_TRANSFER
T02418,P0292,P0217,4781.32,2026-08-21,CARD
T02419,P0414,P0096,4976.87,2026-07-06,BANK_TRANSFER
T02420,P0370,P0447,1259.94,2026-06-05,BANK_TRANSFER
T02421,P0236,P0216,8415.7,2026-02-12,UPI
T02422,P0365,P0469,9280.51,2026-04-07,BANK_TRANSFER
T02423,P0447,P0423,3030.51,2026-05-18,UPI
T02424,P0431,P0265,3516.49,2026-07-03,CARD
T02425,P0221,P0345,1069.68,2026-04-25,UPI
T02426,P0420,P0130,5493.96,2026-04-09,UPI
T02427,P0083,P0304,5753.97,2026-08-18,BANK_TRANSFER
T02428,P0112,P0067,3464.24,2026-02-23,CARD
T02429,P0002,P0034,8950.66,2026-04-08,CARD
T02430,P0279,P0290,2787.05,2026-04-01,CARD
T02431,P0008,P0144,5719.77,2026-01-02,UPI
T02432,P0251,P0478,1610.45,2026-07-12,CARD
T02433,P0159,P0427,3572.99,2026-01-04,BANK_TRANSFER
T02434,P0022,P0449,3166.93,2026-06-14,BANK_TRANSFER
T02435,P0377,P0001,4360.08,2026-03-27,BANK_TRANSFER
T02436,P0231,P0281,2709.12,2026-08-02,CARD
T02437,P0379,P0419,3277.45,2026-01-20,BANK_TRANSFER
T02438,P0313,P0029,7050.39,2026-03-22,BANK_TRANSFER
T02439,P0377,P0309,2567.24,2026-01-09,BANK_TRANSFER
T02440,P0099,P0203,1007.01,2026-02-25,CARD
T02441,P0391,P0295,14759.87,2026-02-17,UPI
T02442,P0394,P0268,10994.64,2026-07-09,CARD
T02443,P0387,P0277,1294.9,2026-04-13,UPI
T02444,P0210,P0301,6321.84,2026-07-03,BANK_TRANSFER
T02445,P0359,P0100,2434.8,2026-07-15,CARD
T02446,P0495,P0244,4495.31,2026-02-15,CARD
T02447,P0235,P0163,4607.22,2026-03-20,BANK_TRANSFER
T02448,P0367,P0473,3018.37,2026-05-22,UPI
T02449,P0353,P0197,1944.94,2026-02-12,BANK_TRANSFER
T02450,P0363,P0277,2095.54,2026-08-18,CARD
T02451,P0374,P0046,1749.43,2026-05-04,CARD
T02452,P0071,P0133,1871.59,2026-06-27,UPI
T02453,P0408,P0228,3450.44,2026-08-02,BANK_TRANSFER
T02454,P0020,P0406,2053.69,2026-08-11,BANK_TRANSFER
T02455,P0021,P0165,6283.24,2026-07-06,BANK_TRANSFER
T02456,P0152,P0432,11965.67,2026-02-18,CARD
T02457,P0488,P0409,2289.2,2026-07-15,CARD
T02458,P0492,P0303,4409.53,2026-06-28,UPI
T02459,P0052,P0116,5430.29,2026-02-19,UPI
T02460,P0270,P0237,5311.35,2026-01-15,BANK_TRANSFER
T02461,P0430,P0367,3869.05,2026-02-10,UPI
T02462,P0012,P0052,6595.52,2026-04-09,CARD
T02463,P0418,P0337,5355.07,2026-05-07,CARD
T02464,P0455,P0383,1352.72,2026-03-18,CARD
T02465,P0392,P0476,7297.78,2026-02-10,UPI
T02466,P0150,P0200,7404.42,2026-03-10,BANK_TRANSFER
T02467,P0273,P0224,1977.07,2026-04-26,BANK_TRANSFER
T02468,P0431,P0226,3753.15,2026-03-07,BANK_TRANSFER
T02469,P0340,P0084,6289.67,2026-08-08,UPI
T02470,P0025,P0257,3079.58,2026-01-08,BANK_TRANSFER
T02471,P0164,P0398,8590.24,2026-05-10,BANK_TRANSFER
T02472,P0336,P0257,24127.27,2026-05-26,UPI
T02473,P0494,P0390,1941.49,2026-03-27,UPI
T02474,P0500,P0383,1206.12,2026-01-28,CARD
T02475,P0165,P0152,4642.72,2026-07-18,BANK_TRANSFER
T02476,P0053,P0250,6485.02,2026-08-26,CARD
T02477,P0341,P0097,3026.94,2026-01-26,BANK_TRANSFER
T02478,P0290,P0478,11644.72,2026-01-19,CARD
T02479,P0039,P0356,1247.77,2026-05-13,BANK_TRANSFER
T02480,P0215,P0035,6338.1,2026-08-01,CARD
T02481,P0295,P0191,2242.42,2026-02-03,UPI
T02482,P0111,P0366,14407.47,2026-06-13,CARD
T02483,P0497,P0084,17926.09,2026-06-16,CARD
T02484,P0204,P0069,1971.75,2026-02-02,CARD
T02485,P0321,P0305,2345.74,2026-01-05,CARD
T02486,P0014,P0178,7242.13,2026-08-25,CARD
T02487,P0499,P0360,2671.23,2026-06-12,UPI
T02488,P0013,P0412,3511.05,2026-01-25,BANK_TRANSFER
T02489,P0153,P0141,3715.66,2026-02-12,BANK_TRANSFER
T02490,P0436,P0432,783.88,2026-07-22,UPI
T02491,P0022,P0484,3600.87,2026-06-24,BANK_TRANSFER
T02492,P0459,P0081,2096.91,2026-08-12,BANK_TRANSFER
T02493,P0080,P0411,2454.07,2026-03-01,UPI
T02494,P0059,P0231,11555.37,2026-06-18,CARD
T02495,P0092,P0422,1332.48,2026-04-19,CARD
T02496,P0012,P0165,6978.32,2026-04-15,UPI
T02497,P0061,P0382,2912.68,2026-04-21,BANK_TRANSFER
T02498,P0363,P0201,2910.83,2026-01-22,BANK_TRANSFER
T02499,P0095,P0003,6852.01,2026-04-05,CARD
T02500,P0143,P0266,4779.26,2026-04-27,UPI
T02501,P0117,P0332,5747.33,2026-08-16,BANK_TRANSFER
T02502,P0216,P0252,7899.44,2026-08-20,BANK_TRANSFER
T02503,P0479,P0193,2793.23,2026-07-28,CARD
T02504,P0167,P0105,2231.01,2026-03-09,UPI
T02505,P0496,P0391,1528.25,2026-05-17,BANK_TRANSFER
T02506,P0080,P0215,1881.21,2026-01-16,BANK_TRANSFER
T02507,P0184,P0244,38533.2,2026-05-14,BANK_TRANSFER
T02508,P0272,P0174,9855.09,2026-08-18,BANK_TRANSFER
T02509,P0202,P0421,1235.39,2026-05-12,UPI
T02510,P0398,P0357,1264.0,2026-03-09,UPI
T02511,P0230,P0291,5353.43,2026-04-09,BANK_TRANSFER
T02512,P0276,P0349,5640.97,2026-03-28,CARD
T02513,P0316,P0343,5648.28,2026-06-03,BANK_TRANSFER
T02514,P0178,P0074,2969.16,2026-03-22,CARD
T02515,P0252,P0500,3293.27,2026-04-11,UPI
T02516,P0045,P0282,4732.95,2026-08-16,CARD
T02517,P0202,P0124,3899.93,2026-05-21,UPI
T02518,P0141,P0146,616.81,2026-08-22,BANK_TRANSFER
T02519,P0226,P0154,3029.52,2026-08-14,UPI
T02520,P0300,P0229,1842.49,2026-02-01,UPI
T02521,P0035,P0269,4188.8,2026-08-28,UPI
T02522,P0255,P0250,39664.32,2026-07-02,BANK_TRANSFER
T02523,P0342,P0277,4885.3,2026-07-15,CARD
T02524,P0366,P0401,2833.24,2026-05-24,UPI
T02525,P0488,P0005,7611.7,2026-06-22,CARD
T02526,P0016,P0341,5356.95,2026-06-16,CARD
T02527,P0496,P0152,5095.31,2026-07-06,UPI
T02528,P0422,P0036,5916.38,2026-07-07,BANK_TRANSFER
T02529,P0396,P0209,18868.23,2026-06-03,CARD
T02530,P0370,P0208,1473.34,2026-06-25,UPI
T02531,P0178,P0120,5318.28,2026-02-05,UPI
T02532,P0151,P0457,1735.23,2026-02-22,UPI
T02533,P0365,P0267,5678.32,2026-03-21,CARD
T02534,P0257,P0329,1745.94,2026-08-20,UPI
T02535,P0273,P0384,2607.39,2026-07-22,CARD
T02536,P0219,P0162,2875.35,2026-02-21,BANK_TRANSFER
T02537,P0224,P0430,7947.82,2026-07-26,UPI
T02538,P0402,P0404,7591.34,2026-02-16,UPI
T02539,P0410,P0393,1344.03,2026-06-19,UPI
T02540,P0315,P0213,3804.53,2026-08-02,UPI
T02541,P0460,P0418,2063.87,2026-06-12,CARD
T02542,P0444,P0085,1330.35,2026-03-13,BANK_TRANSFER
T02543,P0040,P0378,3060.66,2026-03-09,BANK_TRANSFER
T02544,P0490,P0462,2844.7,2026-06-11,UPI
T02545,P0353,P0337,25371.28,2026-06-23,BANK_TRANSFER
T02546,P0288,P0232,5148.02,2026-04-11,UPI
T02547,P0195,P0279,1209.43,2026-04-05,UPI
T02548,P0482,P0418,2317.35,2026-03-06,BANK_TRANSFER
T02549,P0367,P0064,8242.89,2026-02-07,CARD
T02550,P0042,P0257,19355.93,2026-01-02,UPI
T02551,P0043,P0383,1023.74,2026-05-20,CARD
T02552,P0027,P0017,809.21,2026-05-15,CARD
T02553,P0162,P0418,16265.02,2026-06-12,BANK_TRANSFER
T02554,P0351,P0249,4972.57,2026-04-10,CARD
T02555,P0331,P0111,1817.77,2026-03-18,UPI
T02556,P0118,P0453,5584.24,2026-02-07,UPI
T02557,P0340,P0362,442.04,2026-02-18,CARD
T02558,P0124,P0213,3650.8,2026-07-19,CARD
T02559,P0135,P0320,4732.73,2026-04-12,CARD
T02560,P0263,P0329,7626.74,2026-01-17,BANK_TRANSFER
T02561,P0200,P0308,1617.9,2026-08-07,UPI
T02562,P0296,P0401,3899.29,2026-08-11,CARD
T02563,P0140,P0388,1736.56,2026-06-14,UPI
T02564,P0243,P0055,4466.26,2026-04-15,UPI
T02565,P0321,P0074,1778.85,2026-05-10,BANK_TRANSFER
T02566,P0435,P0313,2626.79,2026-05-12,CARD
T02567,P0278,P0315,1641.47,2026-01-20,UPI
T02568,P0195,P0205,6129.75,2026-01-19,BANK_TRANSFER
T02569,P0240,P0269,7235.54,2026-04-02,BANK_TRANSFER
T02570,P0076,P0473,3017.86,2026-07-10,BANK_TRANSFER
T02571,P0369,P0170,3754.05,2026-08-06,BANK_TRANSFER
T02572,P0138,P0389,1142.67,2026-05-13,UPI
T02573,P0043,P0073,2864.81,2026-05-26,UPI
T02574,P0352,P0476,3497.61,2026-01-19,UPI
T02575,P0235,P0157,29632.72,2026-04-22,CARD
T02576,P0424,P0023,1495.81,2026-02-22,UPI
T02577,P0074,P0071,11746.87,2026-01-06,UPI
T02578,P0175,P0336,8082.75,2026-02-05,CARD
T02579,P0351,P0260,4557.41,2026-06-03,UPI
T02580,P0197,P0261,14866.96,2026-05-02,BANK_TRANSFER
T02581,P0149,P0431,4903.4,2026-02-23,BANK_TRANSFER
T02582,P0343,P0170,4970.76,2026-03-08,BANK_TRANSFER
T02583,P0005,P0001,3489.46,2026-08-16,BANK_TRANSFER
T02584,P0191,P0040,9690.05,2026-01-25,UPI
T02585,P0106,P0091,8753.21,2026-03-24,BANK_TRANSFER
T02586,P0014,P0244,2207.15,2026-04-10,BANK_TRANSFER
T02587,P0261,P0383,1267.25,2026-05-08,UPI
T02588,P0219,P0240,3095.22,2026-05-18,BANK_TRANSFER
T02589,P0217,P0140,1919.79,2026-04-03,UPI
T02590,P0419,P0413,3460.54,2026-04-05,UPI
T02591,P0119,P0279,9798.17,2026-06-26,BANK_TRANSFER
T02592,P0125,P0229,2525.41,2026-07-16,UPI
T02593,P0029,P0383,3518.33,2026-06-18,BANK_TRANSFER
T02594,P0276,P0090,3813.94,2026-02-20,BANK_TRANSFER
T02595,P0454,P0381,7177.77,2026-05-25,BANK_TRANSFER
T02596,P0309,P0492,603.34,2026-07-18,UPI
T02597,P0071,P0139,2240.92,2026-04-03,UPI
T02598,P0349,P0341,4311.44,2026-02-05,BANK_TRANSFER
T02599,P0488,P0188,9509.66,2026-04-24,CARD
T02600,P0087,P0353,2456.46,2026-04-01,BANK_TRANSFER
T02601,P0279,P0062,811.4,2026-05-04,UPI
T02602,P0473,P0398,5977.57,2026-06-15,UPI
T02603,P0340,P0212,2190.12,2026-08-02,BANK_TRANSFER
T02604,P0256,P0426,1405.67,2026-03-27,BANK_TRANSFER
T02605,P0130,P0460,2209.5,2026-06-10,CARD
T02606,P0423,P0487,3141.26,2026-08-11,CARD
T02607,P0309,P0494,2244.42,2026-08-03,UPI
T02608,P0119,P0430,623.62,2026-02-12,CARD
T02609,P0213,P0410,7462.55,2026-08-07,UPI
T02610,P0345,P0022,10096.06,2026-03-10,UPI
T02611,P0199,P0412,6131.64,2026-05-11,CARD
T02612,P0372,P0411,1465.35,2026-07-08,CARD
T02613,P0485,P0144,3098.91,2026-07-17,BANK_TRANSFER
T02614,P0191,P0263,3622.0,2026-04-23,UPI
T02615,P0414,P0007,5878.37,2026-01-07,BANK_TRANSFER
T02616,P0285,P0348,6214.7,2026-06-17,CARD
T02617,P0244,P0070,2023.66,2026-07-07,CARD
T02618,P0096,P0356,3887.79,2026-08-12,UPI
T02619,P0430,P0096,5249.17,2026-08-21,UPI
T02620,P0311,P0080,11668.61,2026-07-10,UPI
T02621,P0057,P0382,6397.13,2026-01-06,UPI
T02622,P0282,P0400,6844.81,2026-08-27,UPI
T02623,P0476,P0438,3893.49,2026-01-16,UPI
T02624,P0223,P0500,11252.74,2026-07-24,CARD
T02625,P0327,P0158,5053.37,2026-08-02,BANK_TRANSFER
T02626,P0333,P0320,1828.28,2026-06-19,CARD
T02627,P0318,P0002,11189.11,2026-02-19,BANK_TRANSFER
T02628,P0340,P0323,6363.43,2026-05-08,CARD
T02629,P0339,P0365,2554.38,2026-04-12,BANK_TRANSFER
T02630,P0074,P0097,2480.97,2026-06-26,UPI
T02631,P0089,P0038,4615.89,2026-02-28,UPI
T02632,P0452,P0479,5274.02,2026-08-01,CARD
T02633,P0023,P0492,4263.45,2026-01-02,CARD
T02634,P0447,P0072,4670.62,2026-03-05,UPI
T02635,P0184,P0121,14185.36,2026-03-24,UPI
T02636,P0022,P0278,8580.39,2026-04-19,CARD
T02637,P0184,P0197,4240.81,2026-01-17,CARD
T02638,P0271,P0016,7731.42,2026-05-14,BANK_TRANSFER
T02639,P0037,P0435,1593.97,2026-08-04,UPI
T02640,P0443,P0048,5005.75,2026-05-16,CARD
T02641,P0093,P0135,15482.18,2026-08-27,BANK_TRANSFER
T02642,P0460,P0290,3058.14,2026-02-25,UPI
T02643,P0464,P0250,1848.06,2026-04-19,UPI
T02644,P0405,P0201,2161.01,2026-07-11,UPI
T02645,P0377,P0207,1522.78,2026-06-15,CARD
T02646,P0220,P0399,1943.39,2026-01-06,BANK_TRANSFER
T02647,P0486,P0471,2706.99,2026-04-04,BANK_TRANSFER
T02648,P0011,P0123,1182.69,2026-06-02,UPI
T02649,P0353,P0157,3686.73,2026-06-01,BANK_TRANSFER
T02650,P0422,P0496,7493.73,2026-04-05,CARD
T02651,P0238,P0402,1761.28,2026-01-23,CARD
T02652,P0345,P0179,12276.32,2026-03-28,BANK_TRANSFER
T02653,P0469,P0046,5478.76,2026-07-20,BANK_TRANSFER
T02654,P0399,P0393,8303.77,2026-06-14,BANK_TRANSFER
T02655,P0196,P0275,2151.1,2026-07-13,BANK_TRANSFER
T02656,P0204,P0396,7212.86,2026-05-14,CARD
T02657,P0439,P0481,1519.98,2026-02-09,UPI
T02658,P0366,P0259,7421.96,2026-05-01,UPI
T02659,P0003,P0479,4177.51,2026-01-27,CARD
T02660,P0057,P0109,5668.05,2026-08-09,UPI
T02661,P0230,P0262,1421.58,2026-05-16,CARD
T02662,P0050,P0009,1779.24,2026-08-08,CARD
T02663,P0416,P0092,5871.01,2026-04-06,UPI
T02664,P0167,P0434,1705.0,2026-04-08,BANK_TRANSFER
T02665,P0219,P0400,5274.11,2026-03-21,CARD
T02666,P0073,P0446,1219.61,2026-04-24,UPI
T02667,P0138,P0169,7176.3,2026-01-04,BANK_TRANSFER
T02668,P0142,P0061,1358.29,2026-08-16,BANK_TRANSFER
T02669,P0189,P0237,5663.74,2026-07-27,BANK_TRANSFER
T02670,P0041,P0022,6005.94,2026-01-02,UPI
T02671,P0455,P0180,2085.12,2026-02-28,UPI
T02672,P0272,P0460,5800.05,2026-07-06,CARD
T02673,P0375,P0138,4484.37,2026-08-20,UPI
T02674,P0320,P0111,2365.93,2026-04-10,CARD
T02675,P0341,P0296,1624.83,2026-02-10,UPI
T02676,P0066,P0203,757.41,2026-07-08,UPI
T02677,P0492,P0164,4816.1,2026-06-21,BANK_TRANSFER
T02678,P0347,P0270,1041.23,2026-01-21,UPI
T02679,P0258,P0247,3929.53,2026-06-16,BANK_TRANSFER
T02680,P0236,P0169,2949.06,2026-02-23,UPI
T02681,P0057,P0261,6268.64,2026-04-24,CARD
T02682,P0283,P0070,2859.39,2026-04-16,UPI
T02683,P0341,P0380,2797.39,2026-05-09,BANK_TRANSFER
T02684,P0199,P0275,6538.72,2026-06-01,UPI
T02685,P0342,P0102,4760.21,2026-02-08,CARD
T02686,P0188,P0367,4688.77,2026-05-28,UPI
T02687,P0282,P0482,5299.75,2026-05-06,CARD
T02688,P0116,P0083,1065.87,2026-07-24,BANK_TRANSFER
T02689,P0166,P0233,6670.37,2026-01-03,BANK_TRANSFER
T02690,P0442,P0415,5943.03,2026-08-08,UPI
T02691,P0431,P0446,1614.29,2026-08-22,UPI
T02692,P0035,P0025,2995.11,2026-07-12,UPI
T02693,P0206,P0023,3528.24,2026-06-10,CARD
T02694,P0424,P0290,3269.53,2026-08-03,UPI
T02695,P0243,P0296,4755.65,2026-04-03,CARD
T02696,P0020,P0274,11442.54,2026-03-13,UPI
T02697,P0332,P0247,8650.85,2026-08-11,BANK_TRANSFER
T02698,P0435,P0397,1274.39,2026-01-14,CARD
T02699,P0012,P0154,5988.86,2026-02-17,BANK_TRANSFER
T02700,P0316,P0421,10542.25,2026-07-01,CARD
T02701,P0497,P0185,4961.42,2026-07-13,UPI
T02702,P0044,P0420,8714.86,2026-03-18,CARD
T02703,P0067,P0443,18211.64,2026-02-23,UPI
T02704,P0247,P0161,8258.25,2026-07-10,UPI
T02705,P0185,P0288,4444.61,2026-04-01,CARD
T02706,P0253,P0165,8400.7,2026-04-07,CARD
T02707,P0194,P0102,4088.41,2026-02-09,CARD
T02708,P0443,P0484,3711.24,2026-03-17,CARD
T02709,P0303,P0209,2748.66,2026-02-17,CARD
T02710,P0207,P0062,12717.45,2026-08-11,CARD
T02711,P0203,P0280,1891.75,2026-07-07,BANK_TRANSFER
T02712,P0462,P0163,12405.49,2026-05-26,CARD
T02713,P0492,P0196,5431.07,2026-05-22,CARD
T02714,P0087,P0089,1188.63,2026-01-14,CARD
T02715,P0457,P0390,4885.95,2026-03-11,BANK_TRANSFER
T02716,P0271,P0397,678.56,2026-04-02,UPI
T02717,P0102,P0410,6005.35,2026-06-18,UPI
T02718,P0340,P0360,7392.23,2026-08-12,BANK_TRANSFER
T02719,P0321,P0489,2266.78,2026-04-09,CARD
T02720,P0149,P0316,4019.2,2026-02-24,UPI
T02721,P0260,P0266,17384.36,2026-06-27,UPI
T02722,P0149,P0286,2429.41,2026-04-03,CARD
T02723,P0427,P0387,1560.68,2026-03-15,CARD
T02724,P0084,P0480,11912.35,2026-08-28,BANK_TRANSFER
T02725,P0260,P0402,17501.99,2026-04-10,UPI
T02726,P0255,P0299,3651.73,2026-04-05,CARD
T02727,P0041,P0481,8177.73,2026-02-13,CARD
T02728,P0243,P0045,10648.57,2026-08-15,CARD
T02729,P0049,P0062,2010.25,2026-01-08,BANK_TRANSFER
T02730,P0023,P0090,2469.46,2026-01-16,UPI
T02731,P0224,P0034,9746.85,2026-08-10,BANK_TRANSFER
T02732,P0233,P0388,14016.79,2026-05-04,BANK_TRANSFER
T02733,P0321,P0315,5711.89,2026-02-17,BANK_TRANSFER
T02734,P0328,P0271,1801.09,2026-01-01,UPI
T02735,P0015,P0385,17848.04,2026-01-27,UPI
T02736,P0117,P0123,2380.87,2026-01-27,CARD
T02737,P0327,P0087,2784.68,2026-02-09,CARD
T02738,P0302,P0010,4788.01,2026-05-01,UPI
T02739,P0048,P0373,12623.66,2026-04-27,CARD
T02740,P0293,P0083,7209.69,2026-02-12,CARD
T02741,P0326,P0286,5074.04,2026-02-19,UPI
T02742,P0239,P0394,5274.46,2026-08-05,BANK_TRANSFER
T02743,P0148,P0128,3769.93,2026-08-23,BANK_TRANSFER
T02744,P0487,P0148,5690.26,2026-06-13,UPI
T02745,P0266,P0375,481.23,2026-05-14,CARD
T02746,P0294,P0456,2871.86,2026-02-12,CARD
T02747,P0326,P0280,4416.3,2026-04-07,BANK_TRANSFER
T02748,P0484,P0169,1449.81,2026-08-10,BANK_TRANSFER
T02749,P0453,P0023,4959.49,2026-02-10,CARD
T02750,P0237,P0380,3091.54,2026-02-20,UPI
T02751,P0358,P0345,14829.6,2026-01-28,CARD
T02752,P0404,P0115,12815.57,2026-04-17,UPI
T02753,P0432,P0382,2508.29,2026-07-12,BANK_TRANSFER
T02754,P0063,P0291,3227.07,2026-08-18,CARD
T02755,P0412,P0399,3431.81,2026-07-18,UPI
T02756,P0070,P0194,2536.83,2026-07-14,CARD
T02757,P0316,P0298,4255.72,2026-02-13,CARD
T02758,P0434,P0294,1985.0,2026-03-24,CARD
T02759,P0235,P0446,1473.66,2026-08-22,UPI
T02760,P0346,P0430,5991.93,2026-07-23,BANK_TRANSFER
T02761,P0182,P0234,6024.7,2026-05-18,CARD
T02762,P0218,P0191,1913.23,2026-08-15,CARD
T02763,P0489,P0164,7452.35,2026-08-16,BANK_TRANSFER
T02764,P0247,P0110,2196.76,2026-01-02,BANK_TRANSFER
T02765,P0163,P0018,4458.34,2026-07-17,UPI
T02766,P0099,P0336,7018.29,2026-04-25,BANK_TRANSFER
T02767,P0121,P0429,3544.35,2026-04-19,UPI
T02768,P0143,P0240,5238.51,2026-05-23,UPI
T02769,P0475,P0341,2408.73,2026-03-14,BANK_TRANSFER
T02770,P0288,P0257,3111.4,2026-07-27,BANK_TRANSFER
T02771,P0230,P0027,3088.1,2026-08-08,CARD
T02772,P0420,P0279,2003.67,2026-06-09,BANK_TRANSFER
T02773,P0002,P0381,3160.8,2026-06-05,UPI
T02774,P0499,P0236,1054.8,2026-04-05,UPI
T02775,P0128,P0112,2457.94,2026-01-21,BANK_TRANSFER
T02776,P0264,P0409,2898.94,2026-08-22,CARD
T02777,P0299,P0086,2966.26,2026-01-06,CARD
T02778,P0398,P0347,3001.3,2026-03-19,CARD
T02779,P0419,P0178,3465.42,2026-06-25,BANK_TRANSFER
T02780,P0204,P0317,5343.06,2026-04-02,CARD
T02781,P0268,P0276,7329.14,2026-04-16,CARD
T02782,P0017,P0225,2165.03,2026-02-27,CARD
T02783,P0345,P0308,1390.53,2026-01-14,UPI
T02784,P0097,P0351,1581.87,2026-02-12,CARD
T02785,P0145,P0116,2465.72,2026-05-10,CARD
T02786,P0041,P0289,2747.54,2026-08-10,BANK_TRANSFER
T02787,P0002,P0327,1966.49,2026-05-18,CARD
T02788,P0204,P0250,1290.92,2026-02-04,CARD
T02789,P0226,P0387,2527.8,2026-03-10,CARD
T02790,P0271,P0324,4209.68,2026-06-27,CARD
T02791,P0194,P0123,5860.7,2026-05-07,BANK_TRANSFER
T02792,P0192,P0426,2331.02,2026-01-20,BANK_TRANSFER
T02793,P0054,P0214,2616.52,2026-03-21,CARD
T02794,P0400,P0356,1734.79,2026-07-15,UPI
T02795,P0137,P0006,3550.52,2026-07-06,CARD
T02796,P0341,P0253,1846.89,2026-01-03,CARD
T02797,P0127,P0074,5758.9,2026-02-12,BANK_TRANSFER
T02798,P0218,P0230,872.45,2026-01-03,CARD
T02799,P0444,P0318,2730.65,2026-02-17,BANK_TRANSFER
T02800,P0061,P0238,4632.66,2026-02-01,BANK_TRANSFER
T02801,P0403,P0171,4217.79,2026-03-23,UPI
T02802,P0244,P0415,31395.72,2026-02-17,CARD
T02803,P0282,P0479,4816.68,2026-01-05,UPI
T02804,P0041,P0125,1630.69,2026-02-18,CARD
T02805,P0332,P0204,3373.24,2026-01-11,UPI
T02806,P0098,P0471,879.19,2026-05-13,UPI
T02807,P0445,P0473,3413.59,2026-02-16,UPI
T02808,P0152,P0047,1869.74,2026-08-23,BANK_TRANSFER
T02809,P0467,P0046,7572.76,2026-05-14,BANK_TRANSFER
T02810,P0187,P0154,2345.77,2026-06-03,UPI
T02811,P0491,P0127,3316.24,2026-04-11,BANK_TRANSFER
T02812,P0301,P0039,2189.77,2026-07-26,BANK_TRANSFER
T02813,P0382,P0318,14633.68,2026-02-12,CARD
T02814,P0211,P0208,2815.81,2026-04-01,CARD
T02815,P0101,P0196,15772.85,2026-04-08,CARD
T02816,P0211,P0367,6983.61,2026-05-17,BANK_TRANSFER
T02817,P0171,P0010,5354.29,2026-01-15,BANK_TRANSFER
T02818,P0135,P0107,4890.19,2026-06-06,BANK_TRANSFER
T02819,P0434,P0334,4989.23,2026-01-03,CARD
T02820,P0045,P0212,778.88,2026-06-08,BANK_TRANSFER
T02821,P0133,P0237,2912.87,2026-01-26,BANK_TRANSFER
T02822,P0334,P0223,7159.01,2026-07-28,CARD
T02823,P0400,P0348,3501.27,2026-08-16,CARD
T02824,P0321,P0051,1183.05,2026-04-09,UPI
T02825,P0159,P0408,3491.46,2026-06-05,BANK_TRANSFER
T02826,P0486,P0439,14232.51,2026-05-18,BANK_TRANSFER
T02827,P0141,P0395,9872.55,2026-02-22,BANK_TRANSFER
T02828,P0111,P0178,3464.75,2026-01-19,UPI
T02829,P0343,P0136,7794.39,2026-04-12,CARD
T02830,P0388,P0039,2715.67,2026-05-02,BANK_TRANSFER
T02831,P0481,P0107,931.6,2026-03-20,CARD
T02832,P0132,P0327,1737.89,2026-07-12,UPI
T02833,P0400,P0463,12712.12,2026-04-05,BANK_TRANSFER
T02834,P0044,P0026,2924.29,2026-01-10,CARD
T02835,P0336,P0299,2996.78,2026-02-28,UPI
T02836,P0220,P0393,2864.44,2026-05-25,UPI
T02837,P0495,P0265,16702.43,2026-05-25,BANK_TRANSFER
T02838,P0365,P0014,13369.98,2026-02-19,UPI
T02839,P0332,P0009,21483.15,2026-06-02,CARD
T02840,P0049,P0197,3205.95,2026-04-08,CARD
T02841,P0347,P0377,4612.38,2026-03-22,UPI
T02842,P0419,P0487,1082.13,2026-07-05,BANK_TRANSFER
T02843,P0299,P0113,11867.37,2026-03-28,CARD
T02844,P0220,P0185,1430.5,2026-08-24,UPI
T02845,P0057,P0356,4330.42,2026-03-23,BANK_TRANSFER
T02846,P0294,P0381,1513.47,2026-02-05,CARD
T02847,P0394,P0381,2273.12,2026-04-01,UPI
T02848,P0219,P0089,1863.46,2026-04-25,CARD
T02849,P0058,P0263,2238.81,2026-04-21,CARD
T02850,P0088,P0138,2365.4,2026-06-04,BANK_TRANSFER
T02851,P0253,P0293,2348.15,2026-02-16,BANK_TRANSFER
T02852,P0205,P0063,7091.61,2026-07-01,BANK_TRANSFER
T02853,P0318,P0415,1504.34,2026-02-04,BANK_TRANSFER
T02854,P0073,P0314,4343.49,2026-03-08,UPI
T02855,P0485,P0361,9646.66,2026-06-19,UPI
T02856,P0128,P0375,2414.97,2026-04-12,UPI
T02857,P0043,P0464,2050.14,2026-06-08,BANK_TRANSFER
T02858,P0222,P0086,3027.77,2026-08-24,UPI
T02859,P0368,P0160,9356.07,2026-06-23,CARD
T02860,P0012,P0395,4252.6,2026-05-23,CARD
T02861,P0015,P0295,2380.41,2026-05-04,BANK_TRANSFER
T02862,P0407,P0229,5362.05,2026-08-03,BANK_TRANSFER
T02863,P0282,P0085,1507.44,2026-03-03,CARD
T02864,P0334,P0066,6279.76,2026-05-10,BANK_TRANSFER
T02865,P0281,P0083,5048.7,2026-02-13,UPI
T02866,P0193,P0067,2846.24,2026-08-01,UPI
T02867,P0268,P0221,1861.49,2026-05-21,CARD
T02868,P0492,P0457,1791.23,2026-08-08,UPI
T02869,P0498,P0367,5585.08,2026-03-07,UPI
T02870,P0491,P0071,9732.09,2026-05-06,BANK_TRANSFER
T02871,P0103,P0232,2186.71,2026-04-13,CARD
T02872,P0383,P0041,5253.81,2026-03-11,BANK_TRANSFER
T02873,P0054,P0151,685.66,2026-06-05,CARD
T02874,P0399,P0249,2280.86,2026-05-16,BANK_TRANSFER
T02875,P0313,P0004,3551.6,2026-05-09,BANK_TRANSFER
T02876,P0145,P0357,1758.56,2026-02-15,BANK_TRANSFER
T02877,P0160,P0110,1721.23,2026-05-09,UPI
T02878,P0002,P0177,2134.05,2026-08-19,BANK_TRANSFER
T02879,P0342,P0375,4599.74,2026-01-13,CARD
T02880,P0165,P0094,3134.22,2026-06-07,UPI
T02881,P0297,P0127,607.54,2026-03-09,BANK_TRANSFER
T02882,P0428,P0138,667.43,2026-04-09,CARD
T02883,P0192,P0061,2240.62,2026-06-11,UPI
T02884,P0386,P0282,5250.87,2026-08-16,BANK_TRANSFER
T02885,P0473,P0415,404.23,2026-05-16,UPI
T02886,P0368,P0279,2441.13,2026-02-24,BANK_TRANSFER
T02887,P0343,P0231,2389.89,2026-01-14,BANK_TRANSFER
T02888,P0092,P0178,11055.36,2026-01-04,CARD
T02889,P0220,P0481,2675.74,2026-03-06,UPI
T02890,P0154,P0100,4946.28,2026-08-15,UPI
T02891,P0133,P0314,4076.55,2026-05-18,BANK_TRANSFER
T02892,P0085,P0145,662.19,2026-05-19,UPI
T02893,P0220,P0060,6731.58,2026-06-06,CARD
T02894,P0447,P0388,4325.65,2026-04-01,BANK_TRANSFER
T02895,P0385,P0218,5467.71,2026-03-24,UPI
T02896,P0441,P0287,84203.37,2026-01-17,UPI
T02897,P0011,P0371,687.26,2026-08-21,CARD
T02898,P0438,P0003,14468.91,2026-03-06,UPI
T02899,P0298,P0424,2892.98,2026-03-12,UPI
T02900,P0321,P0059,4581.87,2026-01-21,CARD
T02901,P0411,P0304,3510.77,2026-05-25,UPI
T02902,P0101,P0326,2593.1,2026-06-22,BANK_TRANSFER
T02903,P0252,P0290,2307.99,2026-02-07,UPI
T02904,P0374,P0081,4739.12,2026-08-28,CARD
T02905,P0067,P0301,1081.67,2026-01-06,BANK_TRANSFER
T02906,P0045,P0012,6637.32,2026-01-26,CARD
T02907,P0468,P0086,2609.84,2026-03-16,CARD
T02908,P0288,P0474,1474.31,2026-03-28,BANK_TRANSFER
T02909,P0429,P0238,2540.18,2026-04-11,CARD
T02910,P0354,P0415,9953.9,2026-05-07,UPI
T02911,P0221,P0405,2372.58,2026-01-08,UPI
T02912,P0431,P0088,4850.14,2026-05-02,CARD
T02913,P0003,P0439,2028.87,2026-08-16,CARD
T02914,P0017,P0007,6676.42,2026-04-16,CARD
T02915,P0054,P0252,6300.64,2026-02-26,BANK_TRANSFER
T02916,P0026,P0459,15976.71,2026-07-18,BANK_TRANSFER
T02917,P0076,P0151,3163.86,2026-07-01,CARD
T02918,P0262,P0457,6216.26,2026-06-27,CARD
T02919,P0083,P0490,3938.1,2026-01-18,BANK_TRANSFER
T02920,P0060,P0485,10267.07,2026-06-03,UPI
T02921,P0072,P0331,2048.65,2026-07-13,UPI
T02922,P0012,P0494,6607.79,2026-08-23,BANK_TRANSFER
T02923,P0296,P0144,3115.8,2026-02-04,BANK_TRANSFER
T02924,P0057,P0192,3458.7,2026-01-08,BANK_TRANSFER
T02925,P0152,P0427,3918.26,2026-08-08,BANK_TRANSFER
T02926,P0065,P0357,4455.04,2026-06-20,CARD
T02927,P0411,P0340,3317.67,2026-01-25,UPI
T02928,P0075,P0162,4323.28,2026-07-17,BANK_TRANSFER
T02929,P0267,P0354,12867.94,2026-04-09,UPI
T02930,P0358,P0070,8009.31,2026-08-18,CARD
T02931,P0219,P0322,7297.77,2026-08-03,BANK_TRANSFER
T02932,P0160,P0482,2528.97,2026-03-26,CARD
T02933,P0421,P0291,1787.56,2026-06-22,CARD
T02934,P0473,P0455,7818.44,2026-06-26,BANK_TRANSFER
T02935,P0042,P0404,7338.12,2026-05-15,CARD
T02936,P0446,P0336,11826.96,2026-08-02,UPI
T02937,P0240,P0046,2245.8,2026-02-24,CARD
T02938,P0361,P0382,3030.13,2026-01-08,BANK_TRANSFER
T02939,P0097,P0113,980.84,2026-07-27,UPI
T02940,P0463,P0179,2659.84,2026-03-04,CARD
T02941,P0478,P0241,8080.88,2026-03-07,BANK_TRANSFER
T02942,P0006,P0491,2506.9,2026-06-25,CARD
T02943,P0045,P0191,6077.71,2026-06-18,CARD
T02944,P0477,P0279,3126.28,2026-07-14,UPI
T02945,P0419,P0476,4718.5,2026-02-22,CARD
T02946,P0140,P0342,1453.67,2026-04-18,BANK_TRANSFER
T02947,P0029,P0193,3897.8,2026-02-03,BANK_TRANSFER
T02948,P0156,P0075,332.65,2026-02-04,CARD
T02949,P0268,P0390,3135.31,2026-06-20,BANK_TRANSFER
T02950,P0306,P0364,987.94,2026-02-20,UPI
T02951,P0372,P0364,9554.77,2026-07-11,CARD
T02952,P0298,P0172,6781.31,2026-02-16,UPI
T02953,P0120,P0202,5288.75,2026-07-14,BANK_TRANSFER
T02954,P0281,P0062,12293.24,2026-05-08,UPI
T02955,P0112,P0404,1704.23,2026-08-09,UPI
T02956,P0392,P0382,14733.67,2026-01-23,UPI
T02957,P0291,P0280,7675.23,2026-01-04,UPI
T02958,P0003,P0460,3013.19,2026-07-08,CARD
T02959,P0085,P0093,9031.7,2026-05-27,BANK_TRANSFER
T02960,P0121,P0082,1502.62,2026-07-12,BANK_TRANSFER
T02961,P0495,P0471,1882.56,2026-06-03,CARD
T02962,P0264,P0312,2237.53,2026-02-21,CARD
T02963,P0250,P0257,2384.67,2026-06-28,BANK_TRANSFER
T02964,P0034,P0231,1563.61,2026-02-12,BANK_TRANSFER
T02965,P0447,P0123,9686.29,2026-07-19,CARD
T02966,P0463,P0405,2959.92,2026-01-21,UPI
T02967,P0139,P0188,4827.11,2026-05-18,CARD
T02968,P0105,P0015,2307.04,2026-05-20,BANK_TRANSFER
T02969,P0026,P0269,848.54,2026-01-20,UPI
T02970,P0018,P0490,4519.0,2026-01-14,CARD
T02971,P0167,P0206,788.55,2026-02-20,CARD
T02972,P0360,P0111,3446.43,2026-04-07,UPI
T02973,P0204,P0241,1218.47,2026-03-13,BANK_TRANSFER
T02974,P0148,P0009,17851.11,2026-04-23,UPI
T02975,P0229,P0178,7548.39,2026-01-11,CARD
T02976,P0420,P0295,3962.39,2026-01-21,BANK_TRANSFER
T02977,P0143,P0011,10006.25,2026-02-02,BANK_TRANSFER
T02978,P0230,P0057,1850.01,2026-01-19,UPI
T02979,P0227,P0320,5623.92,2026-07-12,UPI
T02980,P0010,P0412,4272.05,2026-06-20,UPI
T02981,P0425,P0430,4497.23,2026-01-18,BANK_TRANSFER
T02982,P0169,P0111,10075.71,2026-08-10,CARD
T02983,P0140,P0182,6541.97,2026-06-23,CARD
T02984,P0101,P0305,4586.99,2026-04-03,CARD
T02985,P0187,P0445,968.83,2026-07-13,CARD
T02986,P0368,P0171,1689.12,2026-05-19,UPI
T02987,P0131,P0471,3300.51,2026-08-17,UPI
T02988,P0407,P0076,3923.34,2026-07-17,CARD
T02989,P0264,P0375,1474.15,2026-02-01,BANK_TRANSFER
T02990,P0322,P0473,25067.85,2026-07-23,CARD
T02991,P0344,P0123,12247.97,2026-03-02,UPI
T02992,P0307,P0238,5894.03,2026-01-21,UPI
T02993,P0012,P0252,3856.94,2026-02-15,CARD
T02994,P0217,P0066,3072.46,2026-04-23,UPI
T02995,P0168,P0172,1700.14,2026-02-03,CARD
T02996,P0380,P0367,3873.77,2026-02-06,CARD
T02997,P0226,P0238,4474.73,2026-07-04,BANK_TRANSFER
T02998,P0436,P0049,1348.29,2026-01-15,CARD
T02999,P0441,P0137,4756.85,2026-05-05,BANK_TRANSFER
T03000,P0200,P0240,3215.68,2026-07-26,CARD
